kmer,iLABdb.g73067,iLABdb.g73073,iLABdb.g73074,iLABdb.g73151,iLABdb.g73153,iLABdb.g73182,iLABdb.g73185,iLABdb.g73186,iLABdb.g73191,iLABdb.g73192,iLABdb.g73202,iLABdb.g73205,iLABdb.g73206,iLABdb.g73208,iLABdb.g73209,iLABdb.g73223,iLABdb.g73280,iLABdb.g73294,iLABdb.g73313,iLABdb.g73330,iLABdb.g73347,iLABdb.g73356,iLABdb.g73360,iLABdb.g73384,iLABdb.g73388,iLABdb.g73395,iLABdb.g73396,iLABdb.g73397,iLABdb.g73473,iLABdb.g73477,iLABdb.g73486,iLABdb.g73531,iLABdb.g73534,iLABdb.g73540,iLABdb.g73542,iLABdb.g73543,iLABdb.g73545,iLABdb.g73559,iLABdb.g73587,iLABdb.g73596,iLABdb.g73597,iLABdb.g73603,iLABdb.g73604,iLABdb.g73605,iLABdb.g73606,iLABdb.g73612,iLABdb.g73613,iLABdb.g73615,iLABdb.g73629,iLABdb.g73692,iLABdb.g73707,iLABdb.g73738,iLABdb.g73758,iLABdb.g73772,iLABdb.g73851,iLABdb.g73864,iLABdb.g73867,iLABdb.g73868,iLABdb.g73872,iLABdb.g73874,iLABdb.g73876,iLABdb.g73877,iLABdb.g73878,iLABdb.g73927,iLABdb.g74039,iLABdb.g74076,iLABdb.g74084
AAAAA,11577,11354,11351,11952,11939,11088,12898,11929,11313,12030,11973,11686,11565,11893,11842,11949,11657,11542,10754,11089,11137,10990,11473,10566,10817,10520,10488,10678,11627,11780,10773,11386,11363,11258,10830,10956,11475,11329,11113,11269,11019,11079,11528,11262,11472,11853,11754,12315,11581,12266,11532,11189,11849,11976,12255,10995,10521,11104,10728,10897,10009,10468,10747,11290,11606,10896,11677
AAAAC,4693,4697,4600,4825,4992,4666,5272,4700,4780,4728,4788,4865,4673,5144,4694,4780,4604,4445,4433,4672,4663,4594,4661,4178,4449,4412,4421,4401,4827,4606,4476,4562,4644,4595,4473,4578,4530,4721,4498,4609,4767,4725,4532,4707,4617,4903,4797,4934,4755,5064,4672,4593,4815,4856,4761,4487,4422,4403,4501,4431,4522,4401,4460,4613,4581,4525,4727
AAAAG,7191,6771,7045,7169,7301,6852,7969,7330,6975,7482,7282,7206,7090,7343,7292,7199,7120,7379,6626,6724,6762,6874,7101,6596,6656,6362,6283,6485,7132,7375,6579,7047,6922,6962,6579,6562,7063,6983,6841,6864,6738,6768,7181,6790,7112,7308,7162,7786,6939,7328,7185,6801,7400,7273,7680,6840,6501,6962,6548,6765,5941,6350,6541,6941,7103,6685,7222
AAAAT,9600,9534,9543,9835,9968,9610,10725,9873,9705,9972,9884,9853,9680,10398,9787,9961,9538,9378,9054,9400,9338,9315,9602,8801,9037,8999,8955,8978,9620,9639,9180,9523,9609,9516,9188,9341,9537,9552,9445,9573,9404,9398,9494,9438,9588,9861,9676,10212,9665,10579,9601,9433,9852,9970,10090,9300,9013,9171,9098,9154,8749,8931,8967,9595,9647,9108,9609
AAACA,3982,3987,3951,4149,4241,3996,4537,3975,4110,4094,4127,4185,4003,4500,4067,4085,3933,3774,3754,4018,3983,3906,4010,3563,3746,3757,3725,3701,4088,3936,3922,3814,3857,3926,3761,3956,3836,3955,3918,3938,4120,4010,3838,3917,3932,4198,4079,4260,4081,4375,3944,3878,4025,4161,4111,3763,3787,3683,3850,3773,3733,3675,3783,3986,3913,3746,4022
AAACC,2086,2208,2127,2201,2318,2199,2401,2121,2282,2130,2197,2265,2183,2490,2146,2170,2043,1999,2141,2237,2203,2162,2116,1940,2063,2106,2075,2054,2221,2012,2037,2110,2121,2107,2086,2174,2113,2208,2151,2142,2258,2155,2026,2199,2116,2232,2173,2203,2186,2460,2078,2144,2196,2215,2157,2071,2050,2029,2069,2051,2217,2104,2140,2159,2063,2189,2244
AAACG,2158,2199,2082,2241,2276,2158,2399,2135,2241,2120,2260,2216,2144,2305,2177,2137,2098,1999,2096,2126,2111,2156,2143,1971,2004,2037,2054,2039,2195,2059,2052,2115,2167,2078,2094,2120,2151,2211,2072,2154,2187,2198,2147,2192,2125,2179,2269,2194,2208,2371,2181,2123,2201,2233,2160,2114,2049,2061,2081,2050,2096,2079,2053,2172,2108,2079,2225
AAACT,3890,3877,3885,3932,4088,4026,4403,4005,4014,3950,3980,4121,3957,4372,3917,4037,3816,3746,3776,4003,3944,3942,4006,3616,3715,3745,3666,3667,4018,3874,3790,3860,3964,3926,3835,3877,3860,3908,3895,3943,3960,3981,3871,4022,3914,4030,4080,4241,3954,4300,3957,3895,4048,4051,4160,3875,3697,3772,3718,3725,3753,3823,3703,3935,3919,3963,3904
AAAGA,6166,5983,6217,6464,6333,5920,7095,6411,6104,6610,6476,6223,6237,6437,6485,6245,6335,6551,5729,5870,5919,5906,6218,5703,5843,5429,5333,5525,6194,6447,5743,6179,6052,6083,5737,5702,6094,6142,5864,5829,5647,5921,6276,5834,6081,6434,6301,6866,6054,6417,6354,6060,6544,6454,6803,5939,5603,6030,5624,5835,5078,5459,5641,6179,6191,5746,6270
AAAGC,4346,4369,4435,4578,4681,4458,4907,4466,4624,4534,4473,4617,4509,5049,4523,4526,4291,4263,4225,4311,4381,4418,4449,4037,4214,4143,4077,4156,4546,4411,4264,4253,4253,4298,4292,4266,4299,4325,4355,4458,4508,4432,4394,4393,4482,4669,4518,4754,4438,4711,4410,4395,4529,4539,4581,4255,4214,4189,4263,4167,4075,4110,4218,4359,4313,4287,4558
AAAGG,3114,2845,3010,2994,3066,2845,3308,2997,2927,3106,3064,3082,2885,3054,3025,3005,3068,3145,2772,2669,2871,2820,2905,2785,2833,2602,2594,2724,2977,3159,2767,3055,2896,2920,2695,2695,2914,2909,2735,2832,2851,2778,2964,2845,2992,3121,2950,3269,2860,3029,3061,2906,3124,3027,3386,2874,2713,3002,2644,2906,2397,2594,2687,2991,2912,2766,3070
AAAGT,4578,4561,4601,4787,4814,4822,5246,4717,4785,4735,4756,4756,4817,5181,4742,4735,4563,4574,4428,4656,4604,4619,4673,4369,4321,4513,4304,4379,4738,4641,4424,4616,4569,4690,4554,4549,4621,4645,4705,4627,4629,4699,4658,4634,4566,4831,4608,5076,4597,5165,4753,4609,4833,4844,4869,4495,4380,4389,4372,4367,4334,4380,4345,4770,4615,4533,4720
AAATA,6969,6687,6791,7121,7048,7080,7951,6988,7137,7184,7102,7260,6932,7854,6866,7114,6826,6700,6548,6831,6806,6730,6867,6141,6435,6563,6528,6362,6906,6795,6599,6779,6863,6725,6647,6801,6764,6878,6868,6852,6971,6795,6723,6874,6787,7172,6943,7412,6907,8040,6902,6885,7086,7158,7113,6537,6448,6359,6582,6624,6467,6532,6594,6987,6849,6470,6798
AAATC,4385,4362,4407,4521,4620,4687,5101,4467,4706,4415,4527,4774,4537,5214,4428,4536,4317,4048,4304,4686,4460,4519,4443,4053,4181,4280,4203,4163,4512,4214,4238,4326,4378,4336,4411,4640,4366,4426,4528,4504,4502,4642,4333,4465,4278,4683,4455,4755,4521,5208,4508,4427,4541,4573,4541,4223,4352,4022,4205,4077,4450,4414,4210,4579,4384,4484,4429
AAATG,4737,4520,4563,4768,4712,4414,5131,4789,4545,4853,4806,4676,4593,4718,4790,4829,4698,4727,4344,4346,4567,4375,4660,4329,4342,4182,4136,4258,4614,4747,4320,4663,4590,4510,4315,4372,4566,4641,4467,4391,4415,4422,4621,4579,4556,4779,4710,5024,4580,4770,4648,4539,4868,4856,4965,4437,4206,4450,4241,4382,4021,4203,4273,4643,4647,4346,4701
AAATT,8517,8444,8543,8716,8698,8669,9357,8883,8623,8833,8856,8777,8718,9252,8875,8891,8383,8370,8051,8477,8243,8303,8751,7934,7954,7929,7876,8036,8598,8557,8087,8460,8493,8557,8216,8341,8449,8450,8465,8516,8463,8410,8508,8457,8586,8719,8554,9057,8515,9482,8570,8504,8713,8756,8972,8249,8091,8153,7947,8033,7844,7994,7950,8594,8518,8297,8532
AACAA,4790,4798,4781,5105,5126,4766,5560,4900,4948,5025,5028,5111,4841,5427,4954,4947,4801,4663,4536,4852,4784,4774,4767,4367,4569,4503,4542,4544,4910,4825,4629,4651,4668,4681,4610,4801,4804,4869,4722,4742,4811,4814,4752,4732,4700,5053,4916,5170,4868,5325,4850,4749,5047,4937,5129,4658,4581,4649,4605,4586,4542,4620,4544,4874,4801,4674,4910
AACAC,1670,1650,1612,1704,1742,1732,1819,1710,1744,1718,1755,1758,1703,1950,1729,1724,1592,1537,1588,1693,1698,1632,1617,1547,1606,1554,1606,1537,1732,1586,1654,1656,1589,1605,1596,1713,1599,1655,1635,1656,1767,1702,1595,1640,1670,1718,1664,1665,1727,1855,1613,1629,1654,1731,1670,1651,1564,1540,1646,1605,1654,1597,1618,1704,1546,1596,1648
AACAG,2338,2240,2224,2355,2402,2326,2644,2304,2269,2248,2399,2288,2286,2552,2299,2327,2239,2140,2219,2291,2200,2252,2216,2150,2127,2218,2163,2118,2316,2259,2205,2265,2287,2214,2130,2229,2268,2261,2239,2179,2277,2219,2193,2284,2228,2407,2309,2438,2331,2565,2304,2230,2291,2394,2356,2180,2144,2043,2152,2075,2199,2118,2162,2255,2307,2198,2376
AACAT,3078,3115,3194,3320,3404,3418,3547,3129,3410,3202,3260,3447,3264,3851,3324,3293,3062,3009,3160,3399,3244,3219,3223,2930,3100,3156,3145,3082,3363,3115,3202,3034,3155,3223,3142,3372,3040,3252,3303,3323,3441,3371,3029,3261,3174,3376,3259,3433,3329,3732,3212,3081,3250,3325,3219,3016,3133,2918,3133,3068,3249,3129,3132,3295,3146,3145,3214
AACCA,3074,3232,3196,3228,3397,3241,3540,3182,3363,3142,3237,3377,3244,3721,3236,3175,2996,2954,3145,3364,3217,3243,3155,2884,3077,3124,2985,3068,3279,3023,3042,3066,3147,3165,3081,3255,3049,3170,3133,3133,3271,3200,3031,3219,3076,3264,3178,3253,3229,3640,3045,3172,3274,3213,3229,3104,3081,2953,3109,2990,3190,3087,3135,3178,3019,3241,3251
AACCC,857,857,842,858,925,896,923,860,857,861,852,936,865,985,877,857,814,820,857,881,858,905,843,766,808,813,850,823,863,798,811,808,847,863,833,923,829,861,917,834,899,884,826,881,825,910,908,905,852,938,841,836,845,847,874,795,844,763,827,811,870,885,809,865,870,846,842
AACCG,1189,1192,1242,1251,1315,1218,1307,1260,1263,1206,1284,1276,1260,1348,1275,1211,1212,1178,1177,1221,1188,1225,1188,1133,1161,1177,1163,1151,1277,1169,1160,1189,1215,1203,1176,1246,1231,1218,1281,1237,1286,1241,1198,1244,1219,1315,1340,1250,1274,1268,1194,1193,1254,1167,1274,1163,1182,1153,1170,1181,1210,1207,1193,1242,1228,1227,1261
AACCT,1609,1713,1618,1735,1860,1796,1856,1756,1782,1710,1733,1800,1773,2046,1721,1805,1589,1512,1691,1779,1730,1710,1657,1668,1635,1750,1709,1660,1781,1628,1678,1679,1687,1713,1696,1782,1698,1743,1758,1702,1728,1755,1686,1768,1641,1700,1761,1772,1781,1983,1712,1677,1720,1808,1740,1701,1629,1565,1673,1607,1858,1770,1714,1742,1668,1731,1722
AACGA,2029,1996,1991,2069,2087,2025,2181,2016,2038,2036,2108,2123,2016,2143,2128,2057,1965,1954,1942,2025,1952,2007,1957,1867,1900,1808,1892,1846,2052,1970,1933,1974,2041,1944,1901,1931,2028,2030,1969,1990,2012,2015,1910,2051,2026,2033,2107,2111,2009,2100,2054,1987,2053,2035,2110,1901,1851,1929,1935,1886,1906,1927,1834,2081,2046,1896,2050
AACGC,1481,1439,1397,1409,1544,1438,1620,1452,1565,1507,1502,1473,1493,1571,1474,1440,1386,1320,1421,1416,1375,1489,1394,1332,1368,1430,1381,1386,1442,1355,1396,1368,1427,1366,1411,1431,1450,1455,1392,1449,1482,1441,1426,1466,1442,1459,1525,1467,1475,1555,1377,1390,1450,1495,1466,1425,1404,1383,1456,1390,1417,1432,1437,1413,1416,1432,1468
AACGG,1352,1277,1263,1337,1378,1310,1445,1293,1333,1250,1360,1341,1278,1383,1261,1285,1269,1268,1268,1246,1230,1227,1300,1218,1242,1222,1256,1230,1311,1336,1204,1319,1306,1273,1230,1340,1318,1289,1304,1336,1382,1275,1331,1331,1303,1368,1434,1336,1357,1370,1216,1266,1349,1282,1376,1285,1204,1237,1263,1248,1240,1229,1276,1288,1294,1256,1339
AACGT,1636,1710,1683,1669,1799,1770,1894,1755,1782,1793,1735,1792,1727,1922,1802,1767,1696,1663,1623,1671,1706,1698,1691,1596,1592,1638,1628,1613,1771,1691,1635,1692,1700,1684,1628,1672,1735,1737,1693,1679,1714,1701,1734,1714,1771,1731,1785,1797,1751,1882,1680,1612,1750,1736,1820,1684,1653,1640,1666,1654,1633,1652,1635,1708,1709,1661,1708
AACTA,3659,3710,3693,3917,3868,3808,4135,3868,3889,3917,3838,3951,3811,4173,3780,3836,3738,3661,3500,3727,3731,3734,3781,3369,3601,3463,3512,3429,3853,3800,3586,3687,3653,3712,3699,3712,3651,3610,3651,3748,3665,3721,3755,3707,3703,3774,3784,3931,3705,4215,3780,3649,3798,3803,3992,3656,3452,3562,3514,3599,3505,3549,3488,3682,3708,3692,3647
AACTC,1490,1443,1473,1471,1558,1538,1646,1527,1523,1487,1519,1550,1569,1727,1504,1531,1435,1442,1412,1514,1475,1480,1553,1324,1341,1404,1386,1400,1547,1396,1400,1354,1453,1423,1397,1494,1459,1413,1446,1523,1591,1462,1431,1471,1488,1500,1544,1587,1466,1689,1427,1454,1528,1500,1527,1386,1418,1397,1413,1423,1414,1419,1406,1484,1444,1485,1508
AACTG,3040,3032,3050,2981,3232,3182,3472,3189,3163,3177,3116,3162,3201,3391,3178,3242,2960,2973,3003,3162,3041,3034,3092,2953,3040,2952,2865,2895,3127,3078,3018,3090,3042,3122,3013,3015,3120,3097,3079,3039,3073,3122,3052,3100,3172,3156,3181,3344,3110,3230,3091,2994,3110,3138,3243,3157,2960,2964,2961,2914,2952,2985,2978,3150,2983,3056,3036
AACTT,4543,4730,4576,4848,5001,5008,5217,5027,4987,4852,4876,4915,4857,5408,4888,4914,4669,4549,4627,4960,4782,4790,4858,4542,4531,4634,4655,4636,4901,4656,4672,4769,4817,4812,4741,4937,4748,4919,4781,4807,4804,4897,4789,4829,4758,4827,4868,5017,4853,5476,4867,4725,4853,4977,4964,4869,4599,4499,4576,4541,4848,4767,4608,4900,4704,4771,4818
AAGAA,7291,6840,7191,7270,7195,6730,8080,7373,6882,7728,7447,7183,7163,7209,7406,7118,7352,7663,6428,6713,6803,6923,7220,6557,6677,6097,6051,6459,7078,7536,6572,7202,7063,7045,6647,6666,7095,7043,6858,6876,6514,6773,7296,6647,7065,7364,7135,7912,6912,7224,7105,6891,7535,7328,7833,6863,6364,7085,6436,6824,5688,6183,6412,7142,7263,6617,7134
AAGAC,2663,2627,2717,2634,2791,2555,2919,2707,2660,2811,2691,2669,2658,2774,2781,2708,2632,2741,2415,2422,2507,2574,2607,2439,2524,2336,2286,2488,2674,2670,2532,2646,2537,2594,2448,2503,2569,2603,2433,2556,2492,2545,2642,2483,2656,2766,2690,2863,2613,2703,2642,2558,2794,2717,2900,2587,2453,2632,2446,2544,2224,2284,2465,2593,2604,2493,2701
AAGAG,2042,1916,1950,1998,2076,1929,2342,2077,1979,2124,2102,1942,2025,2084,2128,2020,2028,2127,1749,1805,1909,1900,1930,1871,1877,1778,1727,1772,1969,2138,1929,2071,1998,2001,1838,1699,2049,2008,1889,1897,1768,1894,2080,1898,1995,2075,2053,2292,1952,2152,2107,1935,2132,2017,2284,2009,1869,1956,1840,1923,1630,1765,1778,2049,2026,1850,2041
AAGAT,5249,5004,5164,5354,5191,5012,5859,5450,5047,5507,5396,5179,5251,5254,5328,5226,5342,5612,4663,4819,4991,4981,5283,4789,4886,4532,4546,4812,5138,5352,4842,5116,5222,5142,4776,4735,5149,5009,4984,4875,4793,4855,5238,4880,5102,5281,5238,5782,5038,5275,5234,5113,5545,5349,5697,4973,4742,5108,4719,4914,4280,4584,4713,5229,5267,4900,5092
AAGCA,4592,4559,4621,4862,4817,4508,5037,4604,4566,4705,4780,4549,4582,4954,4690,4679,4650,4610,4399,4420,4544,4456,4480,4242,4386,4239,4163,4325,4716,4769,4421,4567,4537,4463,4402,4375,4564,4616,4475,4503,4505,4480,4576,4465,4624,4839,4652,4966,4581,4735,4563,4464,4865,4801,4948,4505,4221,4446,4307,4427,4110,4120,4321,4583,4546,4387,4768
AAGCC,2601,2504,2440,2518,2761,2622,2878,2596,2696,2624,2526,2655,2628,2958,2559,2601,2487,2434,2466,2479,2487,2534,2478,2366,2471,2380,2324,2373,2633,2478,2454,2464,2435,2504,2494,2490,2485,2533,2473,2505,2674,2485,2463,2601,2608,2603,2628,2630,2580,2788,2524,2446,2560,2570,2659,2451,2405,2428,2427,2352,2419,2416,2526,2565,2477,2482,2601
AAGCG,1705,1681,1733,1693,1761,1665,1858,1725,1734,1740,1748,1743,1707,1789,1733,1736,1681,1723,1560,1608,1630,1662,1688,1606,1636,1533,1540,1609,1683,1744,1671,1678,1661,1656,1622,1667,1668,1646,1670,1709,1698,1662,1729,1701,1761,1841,1829,1838,1691,1717,1643,1615,1717,1696,1787,1661,1597,1686,1642,1581,1516,1548,1611,1709,1710,1599,1707
AAGCT,3515,3387,3540,3627,3619,3524,3998,3603,3642,3693,3581,3674,3557,3860,3649,3607,3491,3517,3264,3387,3460,3500,3520,3295,3344,3237,3240,3258,3554,3604,3352,3542,3460,3481,3359,3392,3478,3476,3436,3520,3475,3449,3561,3354,3555,3617,3590,3886,3482,3729,3522,3498,3720,3716,3815,3412,3356,3411,3306,3408,3128,3242,3282,3543,3478,3393,3535
AAGGA,2914,2639,2751,2857,2794,2614,3066,2858,2646,2971,2849,2790,2744,2686,2824,2809,2927,3012,2495,2547,2684,2611,2729,2693,2632,2438,2352,2537,2709,2971,2581,2770,2691,2759,2542,2451,2758,2657,2591,2586,2531,2526,2774,2628,2795,2878,2794,3006,2697,2812,2788,2763,2975,2840,3099,2707,2524,2846,2519,2656,2203,2421,2477,2884,2734,2548,2761
AAGGC,2570,2432,2635,2568,2605,2435,2730,2526,2501,2676,2582,2593,2502,2601,2601,2516,2519,2633,2342,2322,2410,2399,2445,2355,2378,2241,2245,2353,2516,2637,2387,2534,2421,2461,2306,2347,2494,2518,2360,2392,2385,2443,2517,2448,2562,2655,2510,2677,2425,2433,2515,2389,2641,2590,2722,2422,2360,2483,2272,2453,2094,2206,2333,2496,2486,2381,2572
AAGGG,1237,1083,1183,1092,1167,1100,1256,1228,1090,1313,1205,1113,1113,1081,1196,1164,1196,1351,1011,982,1106,1116,1106,1085,1101,983,937,1061,1126,1255,1036,1261,1178,1157,1058,1082,1181,1109,1060,1167,1074,1095,1202,1105,1167,1223,1202,1367,1071,1106,1154,1098,1262,1145,1392,1163,999,1173,1003,1195,850,942,991,1165,1208,1115,1173
AAGGT,2561,2345,2521,2516,2477,2406,2704,2573,2476,2676,2536,2580,2452,2508,2547,2501,2600,2639,2297,2327,2433,2470,2541,2336,2386,2118,2147,2310,2401,2573,2322,2504,2390,2456,2364,2251,2417,2384,2267,2414,2402,2303,2522,2365,2518,2571,2518,2726,2367,2464,2586,2458,2585,2542,2780,2386,2324,2512,2210,2400,2024,2176,2216,2451,2469,2368,2564
AAGTA,3915,3913,3871,4009,4062,4029,4450,4079,4019,4060,4069,3946,4033,4286,4022,4054,3932,4031,3687,3892,3812,3887,4014,3675,3626,3659,3503,3713,4000,3928,3778,3950,3926,3945,3814,3788,3922,3940,3885,3859,3811,3850,3934,3873,3900,4035,3871,4373,3830,4351,4036,3886,4086,4178,4196,3805,3641,3789,3705,3712,3560,3582,3648,4018,3908,3864,3916
AAGTC,2354,2430,2411,2435,2555,2556,2729,2431,2589,2449,2518,2509,2469,2830,2446,2504,2355,2288,2375,2402,2399,2456,2318,2207,2240,2398,2327,2306,2530,2367,2284,2374,2341,2479,2394,2414,2342,2415,2389,2486,2446,2450,2393,2502,2386,2440,2438,2621,2319,2673,2493,2336,2512,2501,2542,2331,2266,2198,2252,2312,2324,2258,2304,2449,2392,2404,2542
AAGTG,2203,2185,2155,2282,2285,2296,2498,2297,2271,2207,2337,2126,2315,2373,2247,2287,2165,2148,2030,2109,2156,2165,2196,2142,2074,2231,2121,2110,2220,2204,2154,2251,2249,2220,2172,2145,2270,2176,2207,2222,2153,2141,2238,2240,2164,2337,2255,2356,2200,2539,2248,2170,2209,2237,2378,2205,2090,2018,2088,2091,2150,2121,2092,2207,2250,2118,2267
AAGTT,4973,4712,4933,4981,4966,4889,5370,4897,4911,5048,5024,4983,5038,5160,5012,5055,4908,4925,4593,4733,4781,4739,4945,4615,4616,4516,4424,4530,4876,4960,4676,4844,4796,4803,4706,4677,4869,4691,4875,4858,4860,4763,4870,4838,4914,5012,4891,5234,4847,5211,4862,4835,5115,4962,5290,4603,4568,4662,4575,4604,4303,4497,4534,4899,4910,4728,4895
AATAA,7073,7053,7026,7245,7245,7348,8073,7185,7405,7341,7130,7499,7258,8201,7146,7352,6846,6593,6694,7213,7014,6981,7091,6424,6724,6852,6807,6571,7084,6865,6774,6936,7051,6986,6928,6996,6885,6943,7028,6994,7074,7154,6899,7006,6920,7283,7088,7494,7119,8213,7122,7010,7263,7360,7283,6713,6783,6605,6784,6665,6930,6781,6785,7082,7021,6866,6947
AATAC,2937,2963,2937,3103,3075,3073,3476,3087,3081,3060,3058,3202,2985,3507,3026,3021,2838,2802,2831,3020,2944,2951,2917,2684,2750,2804,2796,2791,3068,2926,2812,2920,2932,2979,2860,2912,2946,2939,2813,2932,3026,2969,2925,2992,2908,3041,2931,3148,3048,3419,2963,2870,3013,3115,3122,2881,2812,2757,2792,2793,2801,2858,2789,2994,2924,2863,3011
AATAG,2732,2713,2685,2878,2782,3042,3345,2869,2978,2876,2920,2901,2950,3265,2897,2961,2729,2739,2678,2867,2732,2763,2822,2683,2525,2723,2607,2674,2788,2712,2654,2815,2875,2747,2667,2716,2760,2774,2847,2836,2820,2751,2733,2848,2857,2847,2792,2989,2773,3278,2853,2875,2901,2926,2915,2603,2700,2501,2694,2548,2722,2681,2612,2838,2891,2718,2793
AATAT,5922,5711,5821,6027,5972,6007,6702,6043,6087,6066,6102,6177,6074,6795,6029,6074,5810,5776,5606,5912,5888,5727,5998,5470,5560,5637,5633,5601,5929,5850,5719,5881,5912,5817,5794,5910,5872,5934,5857,5917,5989,5809,5809,5861,5898,5932,5951,6290,5879,6908,5974,5871,6171,6099,6133,5667,5620,5505,5618,5642,5646,5577,5631,5986,5791,5593,5853
AATCA,5155,5190,5240,5417,5550,5342,6087,5249,5535,5308,5415,5651,5392,6078,5378,5362,5158,4966,5078,5539,5456,5307,5355,4713,4959,5108,4964,4953,5368,5056,5074,5059,5189,5144,5156,5361,5216,5240,5273,5318,5312,5350,5040,5201,5085,5459,5276,5652,5267,6151,5295,5318,5481,5441,5415,5027,5094,4904,5043,4925,5276,5131,5056,5417,5279,5272,5307
AATCC,2129,2169,2197,2271,2309,2324,2421,2273,2332,2205,2206,2364,2267,2526,2198,2301,2093,2017,2144,2267,2163,2235,2242,2050,2172,2116,2127,2057,2220,2124,2140,2137,2205,2142,2123,2209,2123,2224,2229,2209,2312,2269,2136,2213,2188,2310,2262,2329,2261,2512,2199,2091,2231,2263,2322,2096,2159,2044,2121,2039,2181,2172,2144,2253,2155,2202,2194
AATCG,2046,2128,2104,2194,2220,2206,2316,2122,2252,2196,2174,2269,2199,2369,2196,2128,2078,2025,2087,2209,2179,2226,2136,1984,2056,2010,2039,2095,2230,2129,2080,2074,2081,2098,2099,2184,2096,2166,2164,2216,2212,2145,2102,2097,2175,2225,2130,2155,2174,2327,2107,2145,2157,2202,2218,2032,2052,2035,2084,2036,2150,2081,2028,2195,2105,2081,2112
AATCT,3341,3429,3350,3444,3670,3812,4014,3446,3765,3537,3489,3739,3633,4303,3538,3616,3362,3021,3425,3818,3555,3590,3548,3252,3250,3436,3368,3259,3507,3256,3470,3404,3426,3406,3491,3740,3356,3499,3606,3583,3535,3712,3406,3592,3423,3551,3441,3727,3499,4189,3456,3400,3479,3579,3444,3369,3345,3104,3348,3278,3633,3522,3299,3604,3381,3534,3487
AATGA,4747,4562,4719,4930,4743,4507,5207,4892,4647,4899,4919,4667,4675,4865,4869,4973,4798,4832,4337,4460,4596,4457,4818,4447,4454,4192,4196,4383,4657,4836,4367,4717,4620,4549,4472,4343,4623,4581,4480,4586,4398,4532,4660,4569,4640,4851,4730,5125,4622,4945,4733,4625,5005,4857,5046,4527,4326,4568,4358,4431,4006,4255,4299,4757,4723,4418,4759
AATGC,3107,2930,3043,2984,3083,3097,3387,3193,3033,3153,3108,3157,3137,3307,3097,3186,2973,3087,2882,2990,2946,2960,3023,2900,2895,2862,2841,2848,3040,3005,2891,3043,3030,3064,2835,2972,3073,3030,2995,2907,2919,2943,3070,3029,3070,3091,3085,3357,3027,3224,3001,2984,3073,3149,3335,2957,2963,2858,2806,2856,2759,2892,2823,3061,3016,2982,3026
AATGG,3565,3336,3469,3621,3531,3303,3797,3601,3457,3735,3675,3490,3515,3445,3542,3565,3597,3577,3235,3241,3348,3396,3520,3300,3333,3145,3071,3145,3424,3560,3263,3414,3445,3389,3254,3286,3475,3412,3356,3341,3226,3283,3535,3363,3488,3518,3535,3716,3370,3536,3481,3398,3681,3579,3812,3405,3224,3439,3126,3280,2946,3194,3170,3514,3525,3291,3484
AATGT,2921,2952,2837,3034,2938,2970,3292,3097,2935,3036,3008,2868,3005,3083,3043,3111,2868,2830,2819,2904,2863,2795,2916,2818,2757,2725,2700,2755,2941,2888,2752,3007,3007,2940,2830,2819,2983,2921,2863,2837,2773,2835,2966,2898,2949,2893,2973,3163,2895,3210,2898,2890,3051,3049,3211,2893,2696,2803,2781,2796,2778,2735,2739,2942,2952,2841,2868
AATTA,8115,7901,8159,8251,8135,7965,8761,8291,7898,8384,8375,8244,8102,8502,8362,8348,8045,8113,7568,7883,7757,7858,8151,7462,7519,7241,7296,7484,8094,8155,7615,8042,7989,7939,7673,7764,8022,8057,7855,7872,7839,7925,8064,7895,8015,8183,8096,8657,8045,8786,8065,7929,8257,8207,8626,7825,7519,7772,7463,7551,7144,7473,7390,8054,8184,7694,8062
AATTC,4504,4595,4570,4747,4788,4923,5214,4781,4967,4685,4686,4910,4738,5460,4759,4838,4413,4300,4618,4839,4678,4571,4645,4344,4328,4623,4524,4486,4748,4458,4492,4591,4609,4693,4560,4782,4580,4604,4676,4735,4751,4695,4637,4666,4691,4719,4592,4930,4598,5379,4734,4593,4733,4850,4788,4443,4535,4309,4438,4403,4690,4584,4514,4671,4512,4664,4716
AATTG,6797,6780,6725,6930,7013,6977,7405,7026,6960,6967,6995,6824,7071,7295,6958,7025,6738,6645,6441,6762,6701,6662,7008,6619,6576,6559,6476,6556,6849,6860,6615,6801,6859,6892,6756,6770,6825,6754,6903,6884,6844,6765,6784,6875,6853,6985,6924,7213,6890,7394,6791,6782,7095,6971,7100,6741,6534,6557,6524,6552,6486,6505,6502,6940,6815,6709,6731
AATTT,8350,8330,8309,8541,8595,8845,9459,8673,8888,8689,8663,8730,8786,9559,8642,8869,8254,8070,8195,8562,8481,8372,8513,8131,8100,8151,8020,8031,8649,8457,8326,8479,8455,8370,8492,8597,8489,8484,8583,8547,8599,8652,8552,8609,8470,8615,8631,9129,8529,9712,8633,8267,8621,8551,9059,8358,8007,7928,8122,8035,8224,8284,8096,8660,8392,8263,8460
ACAAA,3859,3937,3952,4105,4120,3939,4492,3930,4049,4010,4161,4234,3938,4384,3992,3988,3920,3826,3845,3871,3868,3937,3913,3550,3669,3640,3606,3673,3992,3977,3764,3868,3825,3851,3742,3863,3834,3931,3865,3861,4036,3932,3921,3911,3892,4153,4039,4210,4016,4327,3980,3911,4078,4068,4118,3776,3650,3766,3663,3720,3640,3705,3698,3911,3946,3801,4067
ACAAC,1929,1907,1941,2047,2085,1975,2159,1998,1971,1972,2105,2049,1942,2227,2060,2039,1971,1930,1848,1949,1919,1928,1943,1775,1802,1784,1789,1826,2038,1921,1854,1887,1843,1911,1842,1929,1952,2013,1840,1872,1980,1965,1876,1906,1906,2043,1970,2060,2027,2228,1999,1917,2040,2028,2034,1937,1895,1838,1874,1826,1875,1823,1832,1999,1883,1916,1976
ACAAG,2818,2581,2654,2726,2773,2484,2926,2742,2638,2858,2827,2683,2635,2616,2773,2623,2812,2856,2374,2400,2520,2597,2566,2345,2521,2195,2241,2383,2609,2679,2419,2584,2535,2548,2424,2516,2587,2632,2497,2526,2524,2508,2697,2436,2566,2804,2689,2838,2531,2591,2687,2545,2838,2668,2870,2521,2366,2605,2447,2514,2090,2314,2382,2651,2602,2468,2660
ACAAT,3484,3443,3458,3683,3621,3524,3975,3554,3661,3706,3625,3771,3575,3973,3608,3569,3425,3402,3370,3593,3478,3580,3514,3334,3382,3340,3299,3311,3605,3469,3396,3400,3442,3478,3409,3473,3529,3510,3476,3596,3530,3556,3519,3420,3491,3594,3604,3651,3599,3845,3512,3471,3653,3656,3647,3399,3395,3429,3425,3331,3379,3416,3351,3539,3505,3454,3568
ACACA,1004,1005,1010,1095,1124,1022,1146,1045,1021,1081,1066,1120,1067,1190,1093,1061,1098,1093,980,984,1015,1021,1038,924,959,915,929,966,1056,1077,996,1013,970,1002,961,1014,1015,1022,983,974,1045,987,1031,1008,1048,1093,1064,1088,1038,1138,1051,1038,1120,1091,1075,1018,935,980,935,935,946,895,980,1101,1019,945,1077
ACACC,1252,1279,1272,1299,1367,1369,1487,1309,1372,1297,1353,1334,1312,1538,1341,1357,1259,1184,1204,1332,1330,1288,1246,1198,1234,1264,1272,1233,1346,1210,1284,1266,1250,1307,1236,1344,1275,1315,1298,1277,1333,1331,1233,1265,1253,1336,1310,1344,1306,1465,1251,1239,1267,1301,1293,1255,1218,1168,1279,1233,1309,1265,1240,1340,1262,1266,1263
ACACG,716,719,662,721,735,691,758,720,753,740,749,719,720,772,746,684,633,633,691,713,679,691,682,667,662,671,672,637,729,665,705,645,629,658,674,695,657,692,658,679,692,716,636,707,650,706,748,669,703,733,698,678,707,733,714,687,618,656,693,648,681,695,668,660,616,683,667
ACACT,1206,1185,1234,1178,1231,1253,1323,1237,1243,1273,1227,1303,1262,1304,1260,1240,1191,1215,1213,1227,1216,1196,1232,1117,1177,1067,1102,1161,1295,1228,1173,1228,1204,1174,1144,1225,1185,1264,1166,1161,1270,1240,1212,1172,1260,1226,1254,1277,1251,1375,1172,1201,1233,1259,1251,1225,1208,1199,1172,1188,1099,1139,1152,1276,1162,1190,1207
ACAGA,1413,1345,1403,1418,1451,1317,1594,1430,1364,1456,1491,1425,1344,1460,1395,1408,1439,1421,1227,1277,1343,1346,1343,1259,1313,1191,1191,1247,1362,1404,1303,1369,1334,1326,1247,1273,1328,1287,1289,1327,1301,1304,1348,1284,1363,1404,1377,1517,1342,1464,1411,1364,1432,1419,1471,1288,1240,1317,1271,1303,1168,1225,1246,1389,1413,1282,1399
ACAGC,1569,1483,1538,1543,1635,1553,1754,1563,1558,1564,1598,1564,1585,1799,1580,1563,1464,1459,1517,1537,1516,1476,1438,1423,1501,1488,1468,1411,1541,1501,1477,1538,1506,1477,1462,1555,1527,1530,1525,1457,1605,1505,1498,1568,1564,1603,1622,1606,1565,1683,1518,1463,1521,1569,1643,1492,1441,1404,1448,1433,1477,1441,1508,1508,1536,1534,1582
ACAGG,1001,972,967,995,1037,937,1147,1021,962,1016,1056,963,974,1026,1064,991,1005,1004,971,911,921,943,941,927,887,903,873,880,1000,1056,934,1005,955,995,919,903,993,1017,911,951,942,899,970,939,994,1010,972,1062,942,1024,992,939,1040,1000,1086,993,867,926,886,950,834,842,901,964,951,874,1038
ACAGT,1631,1692,1603,1696,1792,1687,1927,1724,1719,1734,1767,1716,1720,1896,1765,1706,1708,1679,1634,1707,1610,1690,1669,1587,1564,1604,1618,1635,1710,1624,1664,1646,1677,1630,1581,1684,1674,1703,1703,1614,1614,1721,1660,1684,1595,1711,1733,1821,1709,1956,1689,1638,1801,1754,1767,1590,1563,1553,1632,1562,1681,1671,1579,1668,1689,1607,1692
ACATA,1717,1757,1665,1779,1820,1928,2036,1737,1890,1767,1769,1849,1830,2169,1818,1900,1672,1610,1758,1847,1731,1720,1790,1625,1686,1707,1696,1682,1842,1654,1755,1678,1753,1748,1703,1791,1664,1760,1821,1794,1865,1840,1663,1773,1695,1809,1795,1904,1780,2113,1745,1671,1783,1790,1730,1652,1667,1562,1712,1623,1778,1644,1709,1820,1708,1709,1728
ACATC,1810,1822,1810,1901,2019,2015,2079,1768,1993,1807,1798,1947,1882,2255,1888,1866,1743,1667,1851,2000,1911,1861,1851,1725,1757,1892,1868,1787,1925,1766,1824,1785,1836,1798,1781,1968,1780,1883,1926,1878,1990,1964,1722,1896,1838,1968,1901,1959,1875,2204,1823,1828,1910,1977,1747,1762,1794,1612,1869,1762,1989,1855,1839,2017,1800,1857,1899
ACATG,1632,1598,1640,1635,1653,1588,1738,1671,1613,1751,1653,1678,1646,1702,1726,1672,1612,1619,1527,1604,1614,1551,1612,1467,1584,1484,1446,1494,1641,1617,1571,1612,1593,1583,1519,1606,1561,1666,1554,1549,1567,1593,1565,1595,1611,1676,1679,1672,1637,1666,1594,1575,1663,1642,1759,1583,1510,1583,1516,1581,1425,1467,1523,1649,1540,1560,1600
ACATT,2826,2745,2909,2969,3000,2990,3186,2865,3021,2926,2952,3091,2949,3384,2933,2917,2855,2820,2713,2957,2905,2916,2947,2663,2720,2759,2728,2725,2914,2856,2838,2774,2774,2835,2813,2963,2799,2859,2906,2938,2997,2938,2808,2880,2837,3014,2874,3108,2909,3322,2939,2835,2985,2946,2983,2780,2795,2673,2705,2690,2714,2801,2744,2965,2839,2830,2971
ACCAA,3906,4102,3945,4056,4228,4071,4456,4069,4253,3956,4128,4202,4140,4643,4082,4007,3856,3660,3942,4251,3988,4013,3966,3682,3893,3967,3905,3894,4250,3942,3920,3828,3943,3990,3879,4156,3909,3998,4004,3971,4101,4077,3930,3999,3929,4038,4066,4043,4081,4544,3955,3901,4005,4064,4086,3879,3867,3755,3986,3841,4079,3952,3910,4064,3945,4018,4034
ACCAC,1717,1842,1714,1904,1955,1909,1956,1860,1913,1771,1828,1928,1907,2113,1905,1865,1658,1575,1783,1908,1761,1748,1743,1694,1720,1817,1832,1772,1887,1685,1703,1733,1758,1775,1753,1854,1781,1834,1795,1735,1892,1856,1667,1884,1738,1823,1844,1779,1830,2158,1770,1764,1813,1784,1739,1747,1750,1579,1790,1646,1945,1760,1798,1870,1672,1845,1802
ACCAG,2252,2313,2229,2376,2448,2428,2602,2338,2475,2310,2303,2380,2375,2596,2357,2324,2164,2113,2265,2433,2280,2284,2243,2184,2219,2334,2284,2269,2378,2213,2276,2290,2325,2337,2255,2305,2238,2281,2349,2282,2375,2281,2195,2364,2256,2340,2305,2363,2320,2689,2290,2223,2355,2295,2317,2220,2175,2122,2269,2157,2420,2297,2283,2321,2237,2315,2325
ACCAT,2805,2995,2819,2975,3119,3127,3205,2901,3134,2837,2940,3039,3011,3499,2984,2987,2723,2518,2902,3170,2997,2935,2930,2746,2803,2977,2963,2877,3050,2752,2893,2798,2838,2944,2951,3118,2836,2907,2956,3016,3086,3019,2804,2962,2808,2967,2907,2941,3042,3553,2824,2932,2952,3025,2847,2873,2825,2644,2985,2785,3164,2967,2901,2975,2787,2941,2920
ACCCA,1251,1308,1279,1283,1379,1433,1431,1351,1366,1315,1305,1347,1377,1528,1315,1306,1233,1229,1257,1357,1260,1350,1316,1189,1215,1250,1295,1284,1348,1193,1315,1222,1295,1273,1256,1385,1275,1291,1385,1276,1366,1326,1293,1293,1257,1309,1341,1306,1321,1459,1269,1242,1254,1296,1260,1183,1232,1177,1258,1207,1352,1284,1255,1330,1315,1286,1257
ACCCC,409,417,415,436,451,443,474,452,405,412,428,461,451,536,441,453,400,380,417,465,418,473,447,374,396,393,408,417,427,365,393,421,413,448,437,450,425,418,460,442,467,444,404,438,421,418,454,433,435,512,424,400,415,422,434,380,408,376,398,381,445,425,414,422,447,472,413
ACCCG,401,386,385,391,451,411,435,388,440,407,412,434,406,470,410,423,366,336,395,415,398,414,405,366,377,400,388,388,425,391,400,410,411,426,416,458,400,428,445,427,451,434,382,413,398,433,475,396,446,438,380,420,403,397,387,372,407,359,384,348,414,380,389,419,416,401,372
ACCCT,703,763,711,830,816,787,806,744,804,709,765,797,745,905,750,765,699,619,771,804,754,774,710,713,715,740,800,740,818,708,761,709,705,755,737,808,748,801,744,718,796,788,739,739,731,819,776,751,816,861,757,723,713,788,711,752,773,688,765,709,855,772,748,722,688,736,763
ACCGA,1121,1096,1089,1072,1167,1093,1215,1145,1097,1102,1146,1111,1111,1184,1136,1136,1056,1017,1060,1038,1022,1080,1067,1053,1065,1031,1065,1037,1143,1107,1056,1112,1099,1088,1009,1093,1130,1098,1121,1057,1125,1131,1092,1073,1102,1143,1220,1144,1107,1092,1034,984,1107,1025,1144,1041,1043,1065,1035,1038,1016,1048,1049,1040,1116,1065,1079
ACCGC,1013,982,1025,1009,1031,978,1037,976,1039,985,1025,1024,1033,1107,1038,983,931,962,989,1058,929,1010,937,901,944,921,960,992,1055,929,955,953,996,992,959,1064,998,1043,1055,1042,1058,1024,983,1031,1028,1005,1116,1015,1047,1042,923,955,961,964,1021,984,994,907,979,928,996,940,960,993,962,998,993
ACCGG,730,718,748,715,812,744,800,765,781,755,780,774,752,782,766,717,721,733,713,748,730,778,715,682,697,707,692,693,764,678,705,722,739,711,705,751,743,742,739,744,745,776,733,720,743,756,797,742,731,746,725,724,724,754,709,697,720,683,752,716,743,735,712,736,747,738,774
ACCGT,1252,1279,1281,1295,1443,1427,1453,1396,1354,1396,1340,1390,1356,1486,1397,1371,1277,1246,1255,1347,1365,1353,1326,1326,1289,1329,1277,1276,1355,1282,1290,1391,1348,1349,1278,1338,1310,1344,1365,1312,1376,1309,1305,1332,1349,1364,1369,1401,1353,1433,1315,1284,1337,1355,1413,1272,1294,1273,1260,1296,1305,1298,1307,1360,1337,1339,1340
ACCTA,1396,1478,1476,1587,1603,1513,1677,1523,1575,1496,1557,1587,1530,1792,1486,1529,1422,1371,1469,1545,1504,1500,1466,1435,1421,1446,1448,1442,1509,1421,1462,1456,1457,1465,1451,1546,1452,1512,1515,1508,1560,1527,1449,1530,1426,1568,1530,1581,1530,1752,1499,1474,1524,1542,1530,1441,1437,1352,1457,1347,1540,1510,1480,1515,1461,1486,1533
ACCTC,648,656,623,681,716,725,769,716,721,679,651,719,735,816,675,730,616,582,671,746,656,687,647,645,621,692,656,694,709,611,641,652,670,656,671,709,665,680,667,657,674,697,662,688,644,654,719,714,668,794,689,648,677,681,700,639,660,582,634,624,717,690,681,695,674,671,668
ACCTG,1496,1558,1512,1631,1613,1680,1608,1597,1671,1548,1552,1612,1629,1853,1561,1656,1470,1322,1521,1729,1603,1560,1497,1458,1490,1543,1658,1519,1605,1441,1518,1513,1529,1546,1581,1689,1482,1593,1626,1562,1604,1633,1504,1619,1502,1567,1651,1589,1582,1857,1538,1523,1512,1647,1560,1531,1492,1356,1533,1491,1688,1559,1545,1648,1465,1582,1517
ACCTT,2235,2405,2250,2387,2524,2589,2699,2426,2523,2319,2460,2418,2545,2881,2449,2486,2149,2056,2313,2559,2389,2326,2327,2274,2213,2475,2434,2304,2489,2213,2368,2297,2408,2343,2332,2550,2385,2415,2524,2385,2389,2492,2273,2427,2298,2346,2435,2457,2451,2858,2304,2313,2367,2412,2300,2350,2275,2084,2390,2204,2584,2474,2383,2473,2330,2422,2316
ACGAA,1653,1702,1645,1707,1779,1685,1844,1721,1691,1724,1684,1707,1691,1808,1744,1727,1666,1666,1586,1663,1650,1672,1647,1504,1602,1488,1529,1546,1707,1640,1598,1665,1634,1628,1579,1622,1703,1687,1606,1631,1564,1672,1681,1623,1662,1699,1722,1684,1651,1776,1713,1618,1709,1732,1752,1615,1556,1583,1561,1584,1580,1569,1560,1628,1652,1589,1693
ACGAC,1023,1012,973,1062,1083,979,1041,1012,999,1026,1071,1025,969,1073,1088,979,933,937,1005,1054,988,1035,904,956,892,929,977,969,1052,971,980,974,1020,966,927,1029,1038,1093,945,946,1003,1021,954,1033,989,1059,1145,1018,1022,1093,1002,975,982,1073,1004,988,960,948,1000,933,1020,981,947,982,984,976,1039
ACGAG,823,800,796,863,883,828,888,805,817,814,879,840,794,894,881,822,772,754,807,827,812,783,752,794,779,795,817,746,842,794,793,794,807,814,797,788,830,848,806,745,824,818,737,825,812,844,870,835,842,928,827,719,801,837,861,788,761,749,794,766,825,790,791,833,799,769,837
ACGAT,2195,2141,2105,2173,2208,2190,2422,2221,2259,2248,2240,2242,2243,2403,2201,2180,2098,2118,2083,2140,2092,2104,2141,2065,2074,2054,2079,2027,2162,2146,2055,2161,2151,2134,2124,2133,2153,2168,2118,2134,2225,2086,2009,2178,2200,2151,2253,2273,2139,2291,2133,2120,2234,2167,2326,2116,2021,2097,2070,2086,1993,2041,2058,2200,2144,2105,2186
ACGCA,1233,1163,1178,1183,1321,1136,1322,1124,1286,1212,1216,1223,1159,1263,1213,1169,1157,1116,1156,1084,1166,1196,1112,1066,1119,1127,1097,1116,1132,1126,1183,1178,1172,1064,1128,1207,1158,1202,1142,1164,1221,1169,1163,1197,1150,1274,1197,1184,1227,1282,1198,1156,1205,1161,1260,1149,1110,1098,1192,1090,1140,1144,1133,1145,1167,1113,1236
ACGCC,1016,1001,976,938,1018,1040,1089,1020,1067,983,1014,1033,1049,1102,981,1036,898,872,952,1006,965,1044,963,961,926,1008,1001,1002,1003,940,930,1016,1015,973,983,1059,979,964,1004,1032,1038,1015,979,1006,1006,1003,1121,983,987,1054,969,957,981,965,947,979,965,940,983,936,1015,993,997,937,970,1017,983
ACGCG,553,521,525,519,567,564,572,549,592,565,576,555,582,578,585,567,537,515,539,518,521,524,542,511,544,544,516,526,548,530,527,521,520,520,523,535,530,522,507,538,522,528,487,542,562,521,639,510,549,518,524,503,572,554,531,532,508,515,539,524,532,499,554,544,512,489,527
ACGCT,1305,1309,1235,1377,1359,1334,1405,1313,1378,1334,1337,1350,1312,1460,1329,1314,1281,1187,1297,1296,1255,1336,1310,1227,1243,1271,1249,1263,1308,1233,1258,1229,1251,1260,1258,1290,1272,1324,1273,1303,1318,1311,1270,1308,1281,1334,1377,1327,1347,1396,1266,1245,1373,1356,1359,1225,1211,1236,1274,1252,1286,1292,1270,1270,1268,1278,1325
ACGGA,700,695,644,720,749,723,803,723,734,709,731,706,689,745,725,694,686,659,664,671,661,670,701,649,665,678,645,615,714,713,650,694,667,666,678,707,701,691,679,678,691,674,669,727,685,729,756,751,735,705,671,671,734,701,732,698,586,653,685,671,658,654,651,688,660,666,700
ACGGC,1040,949,968,959,1029,963,1027,966,991,953,983,966,952,1065,969,940,935,932,921,924,915,947,907,954,941,947,938,928,962,944,934,997,974,940,893,981,940,978,949,930,952,951,949,963,941,1014,1120,955,1010,969,908,943,1014,972,1018,931,925,915,938,950,935,904,973,975,936,924,999
ACGGG,501,454,474,510,503,413,491,470,457,463,493,438,446,426,467,487,432,432,437,392,417,425,443,428,392,407,425,415,475,502,442,495,479,451,443,448,517,481,451,483,468,460,496,471,535,490,551,462,446,474,425,455,461,455,540,463,413,437,423,447,407,400,405,403,498,420,483
ACGGT,1399,1305,1326,1380,1349,1293,1459,1330,1367,1327,1382,1332,1366,1423,1325,1338,1285,1287,1295,1292,1241,1304,1328,1223,1246,1211,1249,1280,1368,1314,1275,1279,1326,1321,1273,1334,1364,1327,1306,1361,1295,1365,1366,1340,1334,1374,1440,1397,1322,1439,1277,1290,1352,1341,1446,1319,1248,1264,1277,1243,1237,1263,1230,1292,1325,1303,1347
ACGTA,1138,1135,1151,1127,1240,1233,1353,1242,1243,1249,1194,1233,1220,1304,1239,1219,1178,1147,1091,1146,1179,1154,1208,1077,1096,1087,1089,1099,1156,1138,1095,1186,1179,1174,1127,1139,1161,1166,1157,1141,1169,1202,1178,1161,1195,1159,1194,1243,1157,1314,1168,1141,1211,1220,1263,1101,1101,1097,1101,1102,1063,1103,1095,1163,1198,1166,1152
ACGTC,809,811,760,779,846,850,876,831,881,851,831,853,841,949,829,860,723,762,774,848,787,844,790,793,718,802,795,774,849,775,762,763,781,791,769,821,809,803,816,847,812,821,818,816,837,807,910,836,798,903,776,759,787,820,829,794,798,753,774,774,809,792,772,830,771,789,835
ACGTG,1062,1071,1108,1130,1142,1109,1152,1101,1079,1113,1131,1127,1091,1152,1150,1094,1129,1082,1048,1046,1094,1086,1059,1040,1067,1046,1027,1050,1127,1085,1091,1094,1093,1070,1024,1072,1122,1115,1066,1045,1081,1038,1089,1089,1121,1138,1166,1120,1130,1167,1079,1066,1148,1083,1156,1107,1047,1084,1086,1073,1065,1060,1066,1102,1064,1050,1093
ACGTT,1737,1646,1674,1725,1748,1751,1921,1771,1735,1727,1784,1725,1795,1880,1729,1722,1608,1597,1653,1695,1621,1735,1731,1665,1660,1613,1608,1643,1693,1678,1646,1713,1703,1723,1679,1734,1670,1666,1733,1748,1712,1728,1694,1712,1666,1762,1742,1869,1683,1869,1712,1657,1737,1722,1825,1637,1599,1610,1589,1599,1622,1619,1622,1656,1694,1730,1729
ACTAA,3641,3619,3670,3803,3765,3772,4129,3755,3781,3772,3795,3795,3747,4060,3790,3789,3572,3601,3504,3673,3667,3670,3615,3374,3539,3432,3444,3437,3778,3703,3501,3703,3706,3649,3551,3708,3626,3657,3627,3682,3659,3625,3640,3545,3647,3832,3705,3917,3709,4101,3742,3520,3811,3786,3872,3562,3460,3465,3482,3508,3434,3512,3467,3693,3667,3579,3645
ACTAC,1996,2029,2051,2150,2153,2089,2235,2110,2110,2154,2148,2142,2165,2347,2096,2101,2048,2007,1924,2043,2051,2123,2099,1861,1978,1858,1944,1926,2163,2037,2038,2035,2016,2012,2057,2102,2041,2057,2037,2095,2094,2166,2078,2025,2064,2057,2183,2135,2092,2340,2065,2098,2090,2064,2138,2031,1932,1959,2004,1931,1946,1928,1927,2108,2060,2056,2022
ACTAG,1777,1773,1772,1869,1817,1903,1923,1858,1860,1870,1892,1918,1822,1944,1845,1871,1764,1737,1693,1787,1750,1761,1804,1691,1695,1661,1708,1688,1819,1764,1695,1780,1772,1789,1732,1783,1799,1778,1746,1756,1769,1775,1775,1831,1763,1844,1811,1817,1750,1980,1839,1734,1794,1860,1883,1731,1695,1710,1678,1683,1691,1702,1654,1771,1772,1770,1796
ACTAT,2524,2443,2484,2570,2530,2459,2738,2657,2510,2674,2508,2620,2561,2785,2542,2577,2544,2450,2252,2447,2511,2394,2577,2220,2364,2251,2198,2242,2477,2489,2377,2436,2388,2432,2407,2482,2414,2368,2396,2384,2353,2428,2513,2423,2413,2425,2502,2644,2461,2701,2436,2434,2575,2540,2689,2462,2191,2385,2326,2377,2179,2286,2329,2444,2391,2344,2414
ACTCA,1532,1477,1534,1548,1664,1590,1745,1575,1551,1640,1574,1676,1603,1736,1598,1618,1601,1600,1478,1561,1570,1521,1658,1446,1487,1429,1456,1436,1546,1517,1500,1484,1529,1487,1429,1517,1540,1529,1535,1500,1566,1529,1524,1505,1530,1587,1605,1685,1529,1703,1541,1519,1688,1644,1626,1448,1493,1477,1485,1525,1418,1501,1457,1610,1565,1544,1627
ACTCC,795,779,803,824,845,826,887,825,827,838,827,853,858,929,853,815,779,779,760,814,794,811,852,738,744,797,762,769,839,781,751,764,811,764,800,847,750,813,806,841,873,822,753,828,788,790,887,864,791,931,797,802,849,779,841,756,810,767,757,750,777,787,798,852,787,845,827
ACTCG,616,587,599,595,655,636,657,672,654,657,596,659,667,709,658,619,576,579,552,636,581,658,634,579,565,601,568,614,625,570,564,569,588,624,574,641,603,587,612,604,601,610,623,611,594,625,700,606,594,659,589,610,604,608,634,596,614,564,592,562,595,624,596,601,578,636,562
ACTCT,1068,1093,1081,1109,1154,1162,1237,1153,1177,1076,1193,1182,1152,1327,1107,1169,1067,1026,1120,1193,1097,1156,1197,1000,997,1066,1056,1075,1175,1010,1062,1005,1066,1066,1103,1177,1082,1082,1099,1148,1210,1093,1078,1107,1095,1122,1125,1165,1151,1346,1062,1067,1130,1141,1090,1041,1063,1021,1079,1019,1111,1101,1101,1138,1081,1105,1129
ACTGA,2341,2261,2253,2276,2314,2284,2510,2356,2291,2399,2362,2324,2345,2373,2322,2355,2341,2366,2172,2215,2264,2222,2335,2177,2274,2079,2005,2131,2268,2266,2272,2309,2307,2282,2154,2131,2327,2183,2228,2207,2188,2278,2270,2224,2349,2325,2366,2482,2302,2372,2232,2232,2333,2308,2385,2290,2088,2284,2135,2227,1998,2087,2170,2313,2287,2311,2289
ACTGC,1787,1785,1821,1774,1951,1867,2032,1902,1915,1887,1816,1947,1915,2055,1874,1840,1755,1758,1782,1844,1822,1854,1823,1692,1789,1810,1687,1769,1912,1823,1778,1812,1777,1823,1794,1850,1801,1815,1801,1805,1841,1887,1833,1799,1895,1851,1913,1975,1876,1959,1844,1786,1829,1817,1861,1879,1793,1749,1800,1752,1802,1794,1838,1844,1730,1814,1813
ACTGG,1866,1836,1937,1922,1978,1873,2042,1967,1849,2025,1952,1911,1928,1975,1973,2056,1906,1869,1757,1867,1835,1846,1906,1799,1836,1681,1704,1734,1842,1939,1783,1869,1743,1822,1828,1823,1841,1874,1786,1821,1758,1890,1897,1851,1871,1967,1986,2059,1874,1931,1909,1883,1983,1961,2043,1891,1806,1856,1768,1769,1615,1771,1753,1939,1839,1830,1875
ACTGT,1673,1582,1696,1719,1689,1783,1891,1745,1749,1737,1702,1748,1747,1920,1699,1754,1601,1585,1583,1649,1696,1645,1713,1595,1609,1573,1531,1543,1724,1744,1595,1679,1644,1691,1675,1649,1650,1618,1652,1744,1747,1638,1697,1675,1766,1742,1688,1885,1634,1839,1682,1661,1681,1731,1854,1698,1620,1623,1542,1611,1493,1550,1593,1738,1626,1697,1719
ACTTA,3083,3025,3083,3190,3204,3183,3372,3210,3164,3172,3097,3277,3171,3434,3234,3215,3036,2934,2995,3177,3132,3068,3241,2965,2960,2897,2983,2968,3157,3073,2980,3018,3056,3020,2916,3135,3081,3106,3150,3036,3152,3132,3103,3077,3094,3235,3119,3271,3187,3462,3071,3074,3215,3216,3261,3066,3020,2980,2935,2992,2962,3098,2940,3164,3018,3017,3083
ACTTC,2398,2512,2483,2601,2614,2641,2766,2572,2685,2513,2543,2633,2626,2970,2549,2567,2371,2253,2520,2696,2504,2593,2539,2393,2426,2477,2507,2421,2576,2424,2423,2494,2484,2476,2539,2648,2469,2533,2575,2613,2591,2683,2489,2460,2489,2501,2637,2684,2533,2988,2564,2527,2567,2534,2550,2500,2459,2338,2494,2357,2644,2586,2462,2584,2488,2581,2550
ACTTG,2966,2927,2937,3021,3208,3136,3313,3176,3047,3195,3077,3183,3066,3341,3147,3066,2937,2952,2919,3172,3085,3048,3123,2962,2942,2924,2897,2922,3042,2998,3013,3029,3041,3074,2983,3077,3018,3102,3025,2968,3024,3096,3036,3057,3075,3060,3133,3177,3121,3379,3018,3014,3070,3160,3224,3086,2937,2986,2903,2863,2970,3002,2940,3172,2998,3015,3094
ACTTT,4607,4560,4581,4723,4732,4743,5116,4879,4784,4836,4807,4805,4750,5168,4834,4918,4604,4495,4448,4682,4609,4498,4734,4432,4469,4286,4417,4425,4712,4667,4535,4637,4686,4561,4568,4712,4636,4607,4601,4684,4681,4608,4650,4681,4751,4667,4798,4950,4743,5306,4610,4538,4799,4758,5082,4615,4428,4407,4428,4426,4460,4521,4436,4672,4643,4560,4616
AGAAA,5643,5274,5532,5644,5641,5366,6332,5718,5424,5833,5754,5608,5559,5696,5700,5620,5731,5812,5035,5229,5338,5323,5490,5072,5098,4932,4868,4999,5549,5806,5154,5584,5457,5378,5146,5193,5506,5485,5396,5181,5173,5241,5579,5286,5457,5827,5490,6071,5404,5669,5606,5402,5786,5769,5999,5311,5053,5276,5118,5316,4629,4935,5099,5540,5518,5123,5541
AGAAC,1929,1874,1959,1959,1983,1974,2193,2044,1919,2097,2009,2002,2029,2151,2052,1969,1943,2074,1770,1926,1896,1950,1950,1742,1817,1662,1706,1768,1971,1989,1812,1923,1898,1929,1777,1875,1928,1915,1935,1929,1882,1904,1977,1860,1957,1970,1974,2135,1888,2037,1941,1878,2044,1923,2121,1904,1763,1847,1752,1872,1615,1707,1737,2011,1949,1828,1924
AGAAG,3605,3366,3552,3492,3531,3372,3939,3626,3360,3817,3659,3494,3505,3460,3661,3465,3644,3870,3160,3208,3330,3413,3549,3361,3348,3061,2987,3310,3424,3786,3298,3644,3463,3578,3284,3211,3483,3496,3311,3472,3249,3233,3585,3275,3588,3584,3457,3904,3424,3479,3565,3377,3695,3576,3947,3390,3162,3565,3130,3428,2771,2941,3159,3495,3596,3309,3566
AGAAT,3748,3601,3622,3700,3729,3563,4177,3786,3569,3790,3832,3658,3724,3855,3766,3805,3611,3741,3286,3528,3508,3525,3778,3502,3432,3299,3319,3455,3679,3776,3472,3649,3781,3654,3493,3462,3714,3593,3601,3604,3504,3591,3682,3552,3711,3684,3742,4194,3620,4012,3567,3603,3794,3810,3914,3593,3382,3608,3384,3455,3161,3354,3329,3742,3818,3450,3625
AGACA,1711,1678,1741,1675,1778,1727,1927,1710,1807,1781,1775,1797,1763,1869,1779,1700,1691,1710,1597,1570,1584,1649,1630,1548,1592,1534,1487,1596,1734,1676,1592,1712,1624,1693,1583,1615,1657,1719,1605,1659,1657,1667,1693,1593,1662,1770,1689,1794,1660,1730,1692,1649,1786,1735,1805,1639,1582,1657,1581,1642,1471,1523,1582,1623,1619,1599,1728
AGACC,989,980,934,968,1043,934,1075,979,924,979,987,981,988,1050,971,966,930,951,904,909,918,931,922,908,931,883,877,892,988,975,932,960,955,921,894,934,928,963,911,910,939,929,915,943,924,981,1051,1017,953,1018,932,898,977,946,1006,951,878,906,921,889,892,891,928,985,942,908,980
AGACG,985,918,993,1018,1038,913,1084,974,976,1007,985,983,957,979,1029,995,982,1032,858,897,948,938,977,920,949,879,848,922,973,1004,871,959,926,955,927,903,986,943,918,944,923,939,953,925,983,1034,1040,1056,989,966,984,951,1064,1005,1106,955,903,959,912,915,834,859,907,968,990,931,987
AGACT,1640,1589,1652,1586,1658,1636,1818,1723,1612,1800,1617,1636,1708,1803,1717,1716,1607,1653,1452,1497,1544,1600,1640,1556,1601,1457,1395,1513,1571,1655,1613,1677,1612,1557,1584,1573,1583,1588,1565,1573,1550,1608,1638,1575,1702,1695,1690,1845,1611,1705,1653,1531,1662,1623,1781,1595,1525,1635,1497,1551,1374,1448,1542,1686,1641,1596,1626
AGAGA,1457,1379,1404,1420,1423,1330,1604,1447,1373,1531,1444,1344,1413,1419,1514,1420,1482,1601,1241,1291,1309,1336,1372,1284,1287,1225,1204,1286,1386,1480,1331,1447,1347,1415,1314,1213,1367,1374,1251,1356,1313,1274,1414,1356,1421,1426,1449,1605,1326,1533,1531,1342,1504,1404,1615,1386,1262,1362,1257,1327,1095,1147,1281,1426,1402,1286,1427
AGAGC,1217,1179,1183,1203,1264,1218,1459,1286,1216,1256,1307,1213,1244,1331,1239,1258,1182,1188,1122,1171,1179,1174,1180,1128,1183,1078,1108,1122,1178,1251,1201,1211,1216,1170,1115,1092,1230,1222,1191,1174,1139,1142,1214,1138,1230,1237,1253,1343,1190,1313,1207,1153,1281,1230,1314,1191,1080,1182,1176,1197,1062,1094,1123,1249,1172,1110,1215
AGAGG,768,699,742,744,763,681,816,740,709,786,775,733,700,726,762,678,765,788,649,651,701,711,705,719,697,640,617,639,716,811,680,777,709,736,694,613,727,706,671,717,653,706,753,712,706,768,728,799,708,741,764,744,801,725,860,743,638,744,692,729,581,689,633,753,747,681,737
AGAGT,1148,1107,1129,1165,1150,1172,1342,1188,1155,1256,1136,1144,1181,1253,1222,1179,1157,1162,1009,1085,1124,1052,1109,1113,1112,1047,1033,1038,1082,1212,1086,1209,1147,1143,1078,1040,1130,1130,1109,1062,1000,1117,1130,1103,1129,1143,1159,1302,1069,1279,1225,1173,1230,1154,1324,1136,1058,1088,1032,1092,1003,1032,1007,1177,1121,1061,1110
AGATA,2921,2812,2867,3040,2866,2912,3468,3048,2944,3028,3050,2896,2914,3157,3048,2996,2884,3055,2639,2806,2708,2758,2906,2715,2692,2566,2598,2696,2865,3011,2753,2926,2911,2909,2721,2657,2926,2857,2859,2783,2732,2762,2868,2829,2937,2957,2902,3297,2854,3260,3028,2801,3020,3043,3195,2767,2704,2805,2599,2672,2512,2570,2651,2962,2912,2704,2883
AGATC,1979,1892,1938,1964,1983,1926,2161,2012,1934,2023,1937,1911,1959,2067,2016,1974,2042,2079,1811,1890,1923,1930,1944,1783,1833,1761,1759,1834,1944,1927,1834,1929,1868,1880,1823,1857,1883,1881,1858,1865,1873,1849,1929,1855,1905,1959,1974,2095,1874,2061,1940,1936,2061,1926,2078,1825,1815,1857,1823,1859,1722,1772,1857,2051,1882,1848,1951
AGATG,2730,2516,2648,2638,2564,2503,2951,2717,2524,2793,2764,2588,2660,2491,2705,2624,2769,2863,2259,2326,2517,2475,2693,2388,2476,2203,2180,2344,2510,2652,2377,2665,2619,2608,2387,2306,2590,2414,2508,2463,2309,2372,2632,2410,2547,2672,2647,2880,2501,2550,2616,2567,2842,2668,2928,2509,2288,2600,2315,2534,1999,2260,2323,2598,2651,2491,2521
AGATT,3674,3549,3667,3802,3632,3518,4002,3902,3565,3798,3842,3587,3689,3705,3785,3800,3606,3860,3327,3362,3515,3428,3643,3422,3401,3227,3239,3410,3670,3784,3372,3622,3597,3615,3394,3288,3670,3520,3466,3487,3539,3358,3662,3484,3650,3659,3728,4004,3575,3843,3670,3554,3863,3755,4134,3582,3333,3565,3317,3384,3038,3210,3357,3610,3662,3417,3651
AGCAA,4695,4676,4754,4986,4982,4793,5343,4848,4956,4818,4864,4957,4862,5343,4817,4924,4662,4617,4584,4717,4768,4681,4680,4314,4561,4501,4365,4427,4864,4696,4540,4695,4705,4613,4497,4618,4638,4696,4631,4639,4657,4751,4608,4675,4638,4947,4778,5167,4682,5088,4737,4701,4954,4865,5015,4648,4436,4432,4436,4473,4398,4413,4518,4756,4587,4661,4856
AGCAC,1654,1607,1623,1655,1765,1631,1793,1619,1688,1662,1732,1708,1623,1856,1742,1669,1557,1479,1606,1661,1665,1615,1568,1494,1513,1594,1595,1588,1672,1581,1616,1590,1603,1558,1574,1647,1621,1656,1633,1604,1694,1618,1552,1621,1597,1620,1660,1684,1659,1807,1621,1595,1655,1734,1643,1576,1562,1518,1600,1546,1601,1582,1583,1652,1612,1568,1634
AGCAG,2666,2614,2674,2667,2704,2681,2949,2751,2662,2744,2830,2679,2664,2858,2743,2734,2645,2633,2511,2622,2615,2604,2575,2592,2563,2501,2523,2563,2657,2680,2563,2630,2700,2673,2589,2562,2693,2657,2679,2606,2622,2582,2617,2628,2631,2702,2728,2854,2644,2854,2667,2564,2768,2736,2915,2614,2538,2530,2498,2532,2504,2511,2500,2618,2737,2582,2726
AGCAT,2800,2867,2809,3004,3030,3040,3296,2896,3061,2807,2971,2949,2889,3387,2957,2965,2802,2618,2788,2976,2925,2883,2920,2719,2700,2823,2824,2789,2977,2817,2822,2855,2861,2829,2809,2915,2874,2863,2937,2960,3017,2919,2832,2860,2876,3034,2931,3073,2903,3390,2883,2852,2981,3024,2952,2811,2731,2670,2867,2739,3007,2828,2811,2854,2864,2898,2939
AGCCA,2820,2827,2773,2850,3042,2966,3070,2886,3001,2871,2803,2992,2928,3328,2896,2929,2738,2681,2879,2935,2856,2834,2798,2670,2732,2824,2758,2727,2940,2725,2735,2710,2717,2802,2809,2859,2764,2802,2835,2836,2979,2865,2766,2938,2852,2866,2930,2912,2858,3209,2777,2808,2870,2897,2913,2743,2764,2667,2764,2718,2870,2836,2832,2856,2787,2821,2924
AGCCC,766,743,742,757,844,826,878,766,844,745,772,814,805,914,777,789,710,681,758,820,750,791,769,698,744,784,777,750,805,717,757,718,759,746,757,784,752,786,796,817,891,779,715,801,790,771,840,778,818,883,744,763,801,801,754,727,756,708,779,719,800,772,772,786,775,792,788
AGCCG,1133,1057,1067,1088,1209,1198,1195,1167,1133,1145,1125,1147,1140,1233,1140,1169,1095,1082,1019,1084,1086,1126,1110,1032,1077,1002,1013,1020,1101,1123,1042,1131,1065,1113,1087,1056,1111,1113,1100,1076,1118,1104,1110,1108,1123,1172,1211,1127,1132,1148,1115,1056,1104,1117,1172,1072,1040,1050,1042,1024,1007,1037,1055,1120,1094,1093,1111
AGCCT,1628,1675,1580,1617,1727,1764,1950,1787,1810,1680,1707,1703,1802,1992,1721,1733,1576,1499,1648,1729,1641,1649,1626,1594,1600,1660,1621,1626,1720,1534,1617,1632,1627,1676,1662,1741,1649,1643,1718,1713,1725,1685,1619,1714,1669,1608,1775,1778,1695,1966,1618,1622,1645,1659,1659,1640,1612,1541,1634,1570,1714,1732,1668,1653,1616,1698,1674
AGCGA,1317,1238,1295,1330,1299,1301,1427,1318,1236,1242,1325,1284,1284,1360,1298,1306,1263,1283,1223,1228,1203,1288,1276,1274,1250,1188,1217,1239,1252,1315,1274,1315,1329,1237,1218,1237,1317,1304,1297,1253,1294,1296,1344,1307,1323,1409,1400,1405,1313,1322,1264,1244,1319,1296,1386,1236,1260,1249,1239,1171,1245,1212,1240,1279,1355,1259,1314
AGCGC,897,824,823,779,833,825,948,807,898,836,841,839,843,894,869,838,768,764,779,803,790,835,785,815,806,806,775,791,830,776,763,792,796,836,791,850,809,810,854,817,823,822,796,799,825,868,958,863,819,838,764,789,839,797,866,807,787,780,819,767,772,811,817,786,793,818,792
AGCGG,935,885,892,962,986,970,1030,992,976,936,940,917,969,998,962,964,875,894,831,830,871,903,893,892,898,922,864,883,902,942,878,962,933,932,904,865,937,866,914,962,915,927,966,900,998,1013,1013,994,948,942,894,870,938,948,982,912,863,871,912,918,878,839,880,886,947,883,969
AGCGT,1324,1269,1355,1234,1342,1357,1464,1380,1314,1360,1355,1335,1376,1408,1361,1361,1245,1308,1194,1281,1288,1269,1259,1278,1247,1227,1226,1245,1336,1320,1263,1370,1343,1340,1238,1310,1328,1274,1341,1311,1296,1313,1343,1307,1355,1338,1385,1424,1265,1365,1273,1276,1298,1267,1404,1319,1280,1255,1211,1234,1214,1224,1218,1326,1333,1285,1289
AGCTA,3145,3043,3121,3266,3195,3172,3501,3204,3221,3284,3220,3237,3226,3435,3222,3272,3126,3137,2951,3151,3107,3023,3137,2931,3011,2918,2945,2934,3123,3169,3055,3129,3113,3125,2986,3080,3111,3125,3082,3096,3139,3058,3132,3089,3160,3236,3241,3337,3086,3368,3191,3048,3280,3232,3318,3063,2964,3007,2989,2958,2893,2882,2960,3206,3107,3018,3122
AGCTC,1201,1082,1160,1158,1161,1226,1326,1211,1284,1196,1171,1239,1230,1291,1231,1190,1165,1121,1105,1181,1172,1171,1203,1124,1070,1135,1087,1139,1136,1133,1070,1153,1146,1093,1125,1167,1138,1117,1179,1186,1189,1146,1165,1137,1130,1181,1195,1293,1166,1259,1148,1238,1264,1199,1222,1136,1150,1082,1092,1109,1106,1171,1148,1192,1138,1145,1161
AGCTG,2797,2776,2848,2866,2940,2847,3069,2914,2864,2938,2912,2920,2825,3040,2930,2865,2770,2790,2681,2693,2795,2860,2770,2679,2688,2610,2626,2629,2894,2861,2693,2823,2761,2820,2766,2713,2796,2789,2740,2808,2715,2815,2831,2694,2853,2841,2835,3020,2811,2952,2817,2770,2866,2897,2996,2734,2671,2751,2659,2769,2556,2643,2598,2804,2788,2748,2835
AGCTT,3432,3489,3371,3529,3685,3681,3921,3627,3563,3520,3631,3533,3638,4040,3554,3649,3326,3223,3424,3645,3450,3409,3402,3368,3313,3418,3371,3403,3637,3404,3407,3432,3506,3500,3426,3576,3492,3496,3557,3482,3522,3553,3437,3644,3468,3585,3562,3782,3508,4018,3451,3361,3550,3550,3743,3437,3324,3247,3362,3254,3543,3489,3379,3548,3458,3443,3500
AGGAA,2506,2387,2411,2534,2518,2382,2744,2571,2447,2597,2577,2470,2494,2452,2588,2496,2552,2540,2262,2374,2398,2342,2433,2341,2316,2225,2154,2265,2409,2558,2269,2453,2433,2422,2355,2274,2451,2422,2364,2395,2334,2302,2429,2376,2405,2516,2465,2656,2420,2579,2507,2471,2597,2576,2693,2416,2237,2413,2244,2340,2097,2197,2293,2541,2445,2316,2464
AGGAC,1015,954,960,1008,1030,960,1113,1019,952,1042,993,984,963,1029,1027,1008,1009,1040,941,919,961,969,928,941,947,916,900,875,963,1019,964,952,954,955,893,917,972,940,950,927,944,900,990,989,1008,1023,1045,1036,975,1015,1023,947,1037,999,1082,939,903,977,899,932,875,902,926,976,997,901,1001
AGGAG,1029,929,993,1021,1000,960,1081,997,963,1001,1013,1000,949,1015,945,978,1021,1028,892,905,946,939,951,946,932,847,813,876,946,1037,926,1026,953,998,907,896,950,932,907,912,875,913,994,891,967,1045,924,1050,962,1015,993,976,999,1003,1094,956,860,931,888,937,790,849,854,963,973,861,987
AGGAT,2182,2046,2050,2077,2081,2167,2387,2196,2140,2166,2169,2097,2161,2197,2147,2224,2029,2149,1983,2025,1978,2010,2107,2030,1937,1893,1915,1999,2144,2118,2003,2091,2103,2081,1993,1954,2125,2082,2014,2071,2032,2054,2108,2099,2122,2170,2102,2317,2060,2310,2097,2029,2190,2129,2280,2090,1947,2016,1919,1982,1890,1921,1894,2145,2058,2015,2125
AGGCA,1906,1905,1943,1850,1980,1833,2052,1874,1896,1939,1897,1876,1876,2017,1930,1832,1857,1860,1750,1794,1800,1828,1799,1756,1777,1724,1731,1762,1854,1922,1795,1883,1791,1832,1769,1793,1793,1869,1773,1833,1859,1827,1787,1878,1876,1959,1871,1996,1817,1920,1852,1768,1928,1857,2017,1849,1699,1843,1722,1837,1652,1692,1770,1884,1815,1774,1917
AGGCC,644,624,641,593,636,652,595,632,624,635,630,617,627,643,635,624,589,634,623,629,605,636,621,636,590,605,573,633,624,627,606,612,600,624,600,593,597,609,588,637,621,626,631,624,653,621,677,615,609,644,634,596,616,662,631,620,632,605,581,621,589,575,597,630,641,604,654
AGGCG,957,841,853,888,927,816,941,875,834,913,894,837,861,808,888,878,854,884,792,766,805,848,834,837,807,771,749,779,830,884,814,865,829,791,789,794,897,842,790,800,764,842,882,824,876,914,950,916,816,770,844,823,905,908,901,835,805,839,795,865,729,778,784,844,843,815,873
AGGCT,1729,1641,1749,1789,1778,1746,1878,1735,1703,1837,1812,1820,1710,1836,1802,1792,1742,1782,1597,1613,1667,1696,1741,1624,1613,1555,1574,1593,1719,1806,1645,1721,1712,1675,1590,1615,1705,1704,1655,1665,1648,1693,1757,1661,1722,1854,1719,1854,1664,1761,1740,1659,1881,1784,1931,1648,1602,1674,1585,1645,1508,1522,1547,1742,1723,1620,1744
AGGGA,906,851,888,846,877,863,986,957,863,914,862,833,844,848,891,875,901,962,804,770,798,833,819,863,830,760,750,812,837,934,836,964,898,872,789,797,895,874,800,816,806,828,923,872,900,934,882,1020,838,915,892,840,889,889,1027,897,795,864,803,876,735,797,789,844,895,812,895
AGGGC,690,625,667,654,679,635,695,654,623,688,681,645,632,644,693,643,639,679,563,567,643,629,594,622,598,546,529,587,641,686,628,704,655,636,575,593,625,607,585,607,590,627,661,619,663,693,697,683,600,639,653,587,648,628,736,645,603,628,561,622,506,553,555,639,655,601,625
AGGGG,403,331,361,379,389,366,413,375,370,387,383,346,352,343,367,376,377,400,326,333,363,362,371,371,354,354,301,333,379,427,328,405,384,371,372,348,396,362,359,370,356,339,389,386,358,417,416,446,383,390,363,378,412,381,461,391,326,370,332,346,298,298,341,391,362,346,370
AGGGT,845,757,815,699,791,770,880,813,754,849,795,761,812,782,822,798,773,840,711,699,720,764,799,771,759,736,665,743,762,824,723,831,832,779,747,735,795,733,796,822,744,755,801,801,822,775,852,914,733,794,769,764,856,765,921,755,702,788,710,769,631,722,728,811,853,789,800
AGGTA,2005,1857,1965,1960,1985,1925,2165,2022,1910,2078,1983,2026,1919,1986,2010,1996,2021,2081,1767,1813,1915,1906,1969,1875,1862,1745,1669,1747,1922,2066,1884,2021,1896,1982,1866,1744,1922,1880,1807,1913,1886,1880,1979,1899,1994,2003,1948,2190,1844,2057,2050,1947,2078,2015,2223,1909,1827,1965,1728,1880,1636,1739,1750,1957,1969,1840,2019
AGGTC,1015,929,945,926,1008,1030,1120,967,1053,995,1028,1000,983,1027,1040,1015,991,1005,938,916,974,983,1054,945,919,925,884,957,978,977,916,988,969,967,923,937,1014,959,957,995,962,939,1015,908,996,983,986,1040,986,1029,1010,989,1069,1004,1022,947,936,988,927,934,894,900,897,1003,971,941,980
AGGTG,1738,1581,1662,1675,1631,1561,1771,1740,1552,1818,1728,1666,1661,1619,1734,1667,1712,1790,1512,1484,1589,1590,1675,1519,1557,1377,1373,1477,1585,1713,1541,1603,1600,1587,1506,1464,1633,1543,1515,1548,1510,1457,1660,1551,1694,1683,1733,1780,1603,1592,1599,1596,1762,1679,1844,1606,1467,1687,1463,1589,1283,1438,1439,1582,1647,1556,1690
AGGTT,1839,1689,1803,1776,1745,1755,1984,1798,1771,1842,1816,1750,1779,1783,1833,1766,1792,1834,1634,1673,1685,1717,1821,1646,1671,1556,1578,1659,1753,1837,1675,1785,1777,1751,1688,1685,1769,1720,1693,1750,1723,1694,1764,1684,1821,1847,1800,1971,1696,1839,1760,1726,1822,1759,1954,1700,1678,1738,1635,1700,1451,1572,1591,1754,1776,1709,1779
AGTAA,3752,3769,3654,3879,3927,3983,4341,3957,4000,3896,3857,3894,3944,4278,4008,3983,3767,3732,3640,3918,3756,3699,3857,3534,3512,3701,3629,3618,3910,3745,3656,3848,3799,3887,3772,3814,3822,3839,3801,3766,3781,3778,3807,3826,3811,3881,3699,4113,3752,4427,3951,3747,3985,4054,4061,3693,3564,3574,3599,3599,3682,3611,3628,3874,3771,3678,3754
AGTAC,1463,1475,1473,1570,1645,1550,1718,1554,1570,1563,1602,1568,1546,1702,1542,1564,1441,1435,1463,1533,1481,1514,1454,1452,1427,1468,1427,1443,1552,1492,1483,1489,1491,1499,1502,1494,1534,1525,1503,1492,1518,1487,1490,1524,1472,1567,1543,1590,1550,1724,1486,1453,1507,1565,1624,1487,1432,1403,1478,1447,1530,1464,1431,1561,1509,1480,1558
AGTAG,2266,2279,2198,2361,2346,2387,2574,2316,2355,2256,2268,2260,2318,2488,2341,2353,2207,2270,2208,2291,2252,2164,2266,2181,2093,2213,2116,2185,2292,2305,2185,2224,2278,2278,2176,2093,2285,2264,2306,2260,2271,2222,2231,2338,2295,2329,2281,2498,2275,2513,2245,2228,2320,2408,2452,2237,2094,2141,2122,2203,2097,2128,2126,2277,2199,2155,2279
AGTAT,2585,2636,2614,2614,2745,2737,3033,2682,2743,2713,2780,2631,2693,2953,2711,2772,2651,2536,2504,2656,2581,2617,2698,2538,2433,2483,2460,2486,2647,2633,2615,2665,2650,2639,2597,2664,2615,2657,2627,2608,2553,2646,2652,2607,2632,2705,2634,2973,2539,3089,2790,2653,2788,2715,2808,2570,2505,2542,2511,2471,2532,2509,2473,2736,2649,2607,2640
AGTCA,2425,2466,2414,2504,2593,2540,2708,2471,2545,2481,2513,2533,2493,2817,2468,2517,2355,2348,2401,2509,2476,2463,2368,2275,2303,2415,2389,2342,2532,2394,2345,2445,2422,2457,2402,2436,2381,2491,2407,2483,2540,2471,2370,2527,2407,2499,2424,2590,2362,2776,2500,2397,2541,2549,2582,2350,2355,2222,2341,2310,2457,2363,2392,2503,2441,2435,2531
AGTCC,887,904,880,880,963,1012,1050,927,1006,932,929,969,1000,1103,923,955,873,845,872,955,932,914,893,883,879,943,942,904,940,858,882,937,923,892,923,942,896,911,947,934,976,951,909,947,918,919,921,973,885,1029,913,896,947,949,940,912,889,816,884,878,942,916,905,1002,876,932,948
AGTCG,937,960,976,1016,1043,984,1058,988,1033,1019,1016,1021,1024,1096,994,1018,957,931,983,965,984,1002,944,902,933,934,894,934,997,951,945,984,952,974,993,934,955,967,981,1005,944,984,977,969,994,980,1028,997,983,1048,983,944,993,953,1040,930,925,913,900,923,949,905,916,962,973,934,991
AGTCT,1540,1569,1531,1616,1622,1698,1864,1612,1720,1535,1715,1689,1620,1882,1612,1643,1485,1401,1614,1643,1555,1578,1515,1503,1447,1602,1635,1546,1690,1535,1488,1522,1580,1631,1545,1625,1615,1604,1638,1636,1657,1601,1569,1631,1510,1595,1600,1692,1577,1793,1569,1549,1611,1619,1648,1528,1536,1419,1558,1504,1687,1637,1507,1531,1534,1551,1604
AGTGA,1957,1965,1978,2057,2017,2076,2233,2109,2005,1977,2122,1903,2070,2097,2104,2042,1990,2069,1845,1940,1946,1961,1925,1959,1848,1904,1884,1908,1987,2032,1947,2016,2033,1988,1911,1896,2014,1965,1988,2001,1946,1934,1976,2018,2036,2024,2045,2169,1978,2232,2068,1997,2043,2068,2141,1926,1924,1918,1816,1848,1865,1847,1776,2061,2077,1968,2015
AGTGC,1200,1187,1177,1206,1253,1281,1370,1283,1295,1274,1271,1180,1277,1329,1266,1263,1173,1168,1127,1183,1152,1195,1212,1196,1132,1173,1138,1193,1217,1211,1133,1212,1224,1233,1168,1167,1193,1178,1253,1264,1167,1187,1230,1229,1189,1286,1252,1350,1165,1390,1180,1147,1237,1226,1324,1179,1146,1110,1142,1147,1185,1150,1154,1226,1221,1199,1241
AGTGG,1362,1277,1324,1373,1343,1391,1528,1419,1366,1411,1404,1337,1387,1402,1360,1370,1370,1435,1247,1301,1338,1315,1352,1353,1296,1251,1212,1245,1331,1430,1332,1375,1365,1340,1266,1269,1391,1343,1303,1274,1259,1273,1381,1288,1365,1404,1336,1487,1319,1378,1361,1357,1402,1405,1527,1367,1249,1315,1216,1294,1162,1243,1166,1368,1383,1272,1353
AGTGT,1240,1225,1199,1289,1317,1267,1386,1281,1276,1246,1289,1213,1255,1399,1258,1287,1211,1159,1134,1212,1180,1239,1260,1214,1146,1269,1208,1164,1208,1225,1216,1204,1231,1253,1235,1212,1249,1168,1273,1280,1172,1200,1228,1270,1189,1281,1238,1345,1185,1394,1272,1213,1239,1233,1371,1185,1127,1128,1154,1140,1231,1221,1176,1195,1265,1218,1262
AGTTA,3919,3797,3891,3999,4018,3912,4380,3967,3943,4014,4091,3990,3993,4212,4027,4025,3978,3847,3655,3921,3890,3828,3980,3714,3664,3668,3558,3624,3874,3918,3749,3902,3873,3796,3739,3805,3805,3857,3876,3753,3829,3859,3834,3867,3806,3974,3895,4155,3922,4271,3887,3924,4102,4030,4142,3709,3681,3666,3674,3648,3546,3670,3692,4042,3897,3813,3888
AGTTC,1949,1875,1883,1947,1921,1999,2130,1938,1987,1946,2011,2010,1945,2192,1971,1986,1768,1766,1842,1821,1863,1888,1835,1826,1723,1810,1754,1849,1946,1861,1832,1842,1913,1850,1809,1850,1847,1894,1867,1933,1890,1883,1868,1925,1891,1958,1989,2060,1923,2165,1971,1892,2025,1906,1996,1848,1841,1792,1779,1756,1815,1798,1739,1902,1895,1819,1982
AGTTG,3497,3331,3491,3476,3519,3562,3811,3513,3504,3547,3511,3512,3555,3629,3548,3589,3464,3476,3326,3366,3413,3433,3531,3356,3251,3268,3254,3308,3390,3444,3333,3512,3510,3504,3395,3370,3533,3405,3514,3481,3444,3374,3474,3463,3457,3545,3440,3855,3401,3671,3517,3426,3621,3594,3776,3287,3224,3348,3249,3284,3127,3274,3217,3556,3569,3415,3527
AGTTT,3931,3869,3926,4062,4037,4053,4378,4087,4060,4134,4093,3953,4108,4399,4150,4093,3912,3898,3784,3900,3827,3826,3900,3855,3744,3724,3739,3807,4020,4045,3849,3998,3898,3926,3900,3975,4003,3947,4002,3956,3939,3920,4028,3877,3993,4041,3907,4319,3958,4458,3958,3843,4192,4097,4320,3882,3791,3702,3752,3737,3715,3732,3757,4054,3922,3782,4046
ATAAA,6223,6113,6093,6430,6389,6452,7134,6486,6516,6483,6334,6638,6446,7216,6266,6450,6016,5876,5945,6148,6033,6051,6312,5557,5814,5966,5926,5741,6240,5963,5863,6096,6203,6120,6057,6135,6079,6115,6180,6202,6253,6262,6012,6229,6052,6382,6259,6647,6168,7337,6241,6194,6389,6392,6429,5878,5841,5723,5851,5895,6026,5890,5869,6156,6083,6091,6213
ATAAC,2143,2224,2202,2235,2332,2436,2533,2271,2390,2323,2253,2438,2316,2787,2347,2269,2059,1997,2176,2367,2239,2273,2255,2013,2082,2170,2206,2096,2322,2139,2219,2219,2228,2228,2159,2281,2173,2250,2260,2270,2364,2316,2142,2267,2173,2280,2271,2346,2306,2682,2232,2221,2203,2265,2270,2144,2118,2050,2186,2096,2316,2212,2148,2235,2186,2190,2238
ATAAG,2959,2935,2940,2996,3012,2982,3538,3048,3046,3146,3091,3046,3047,3312,3050,3063,2931,2949,2728,2922,2847,2903,3017,2718,2784,2759,2700,2759,2951,2962,2823,2991,3021,3015,2852,2816,2924,2950,2927,2944,2866,2888,2911,2932,2953,3104,3024,3360,2922,3326,2985,2854,3181,3045,3261,2817,2722,2879,2796,2824,2639,2743,2775,2902,3001,2880,3021
ATAAT,6141,6240,6093,6220,6349,6449,6997,6293,6588,6300,6202,6524,6325,7154,6304,6479,5917,5724,5932,6416,6148,6110,6196,5813,5931,6036,5875,5960,6285,6114,6005,6171,6244,6143,6092,6202,6013,6130,6147,6200,6328,6232,6026,6280,6212,6225,6119,6516,6232,7157,6232,6052,6340,6348,6340,5914,5965,5777,5956,5833,6105,6010,6012,6317,6084,6012,6023
ATACA,1762,1721,1790,1823,1816,1844,2115,1838,1802,1853,1834,1904,1814,2047,1886,1807,1734,1747,1673,1809,1758,1723,1783,1631,1633,1651,1641,1629,1772,1745,1685,1705,1716,1707,1618,1719,1740,1806,1760,1731,1814,1767,1739,1778,1726,1871,1802,1991,1725,2059,1808,1760,1823,1856,1864,1675,1699,1635,1640,1604,1669,1699,1627,1901,1764,1721,1810
ATACC,1609,1736,1648,1782,1803,1858,1987,1798,1874,1743,1758,1776,1833,2114,1744,1778,1649,1558,1602,1818,1728,1692,1684,1574,1622,1686,1683,1643,1788,1638,1702,1703,1722,1757,1674,1756,1630,1668,1692,1722,1772,1703,1670,1688,1670,1715,1666,1757,1754,2025,1729,1612,1641,1779,1701,1639,1617,1543,1631,1591,1726,1580,1697,1745,1673,1684,1692
ATACG,1015,999,967,1050,1015,1056,1184,1053,1082,1051,1083,1014,1037,1155,1035,1057,988,969,972,1027,962,1004,999,956,950,937,931,944,1007,1006,973,1026,1026,997,995,1022,1064,1020,981,993,962,1009,1013,1000,986,1051,1021,1066,1040,1147,1012,960,1055,1052,1096,1001,916,938,982,951,963,987,919,989,1003,968,1001
ATACT,2659,2534,2613,2720,2680,2707,2958,2778,2703,2730,2667,2811,2751,3031,2727,2750,2527,2563,2515,2615,2615,2574,2699,2447,2548,2512,2482,2508,2681,2632,2481,2578,2591,2603,2573,2579,2629,2580,2615,2633,2688,2593,2587,2635,2608,2660,2648,2808,2695,3011,2561,2543,2686,2742,2848,2577,2496,2449,2477,2508,2456,2543,2504,2643,2587,2515,2648
ATAGA,1592,1571,1571,1653,1633,1736,2006,1687,1727,1654,1689,1675,1709,1846,1748,1689,1544,1603,1542,1648,1542,1570,1627,1465,1472,1593,1514,1559,1638,1574,1493,1658,1655,1603,1595,1549,1633,1616,1633,1621,1650,1605,1572,1614,1660,1622,1625,1777,1580,1963,1668,1584,1659,1738,1709,1544,1540,1498,1540,1578,1541,1550,1538,1669,1617,1569,1620
ATAGC,1853,1878,1848,1977,1951,2138,2217,2083,2114,1961,1985,2033,2087,2419,2077,2067,1777,1718,1905,1969,1871,1910,1921,1826,1789,1966,1855,1883,2030,1806,1829,1892,1940,1938,1901,1992,1909,1892,2002,2034,2008,1977,1901,2005,1924,1909,1940,2022,1964,2303,1876,1894,1929,1991,2036,1837,1873,1709,1876,1773,2028,1931,1914,1881,1936,1963,1926
ATAGG,802,798,779,772,793,883,992,847,892,817,813,823,876,962,824,850,775,753,749,784,765,774,794,743,753,766,728,753,779,766,737,797,792,776,779,783,734,738,845,793,799,758,773,829,794,818,790,900,776,925,816,808,842,797,861,740,713,738,725,752,737,733,758,803,784,775,762
ATAGT,2311,2363,2343,2470,2472,2615,2840,2425,2563,2405,2563,2448,2509,2789,2534,2539,2334,2360,2355,2506,2381,2410,2392,2345,2193,2317,2320,2325,2452,2344,2272,2412,2460,2409,2353,2360,2435,2477,2441,2456,2487,2416,2326,2421,2425,2505,2400,2683,2389,2862,2487,2430,2506,2546,2496,2247,2383,2186,2241,2184,2389,2323,2225,2581,2425,2379,2421
ATATA,2521,2468,2528,2589,2618,2649,2978,2690,2747,2668,2730,2732,2673,3031,2648,2700,2445,2440,2417,2535,2450,2528,2601,2274,2322,2413,2355,2378,2563,2462,2436,2571,2564,2508,2477,2589,2523,2586,2553,2581,2621,2525,2531,2562,2570,2616,2561,2727,2510,3105,2612,2488,2659,2660,2615,2355,2414,2289,2369,2393,2420,2409,2394,2526,2514,2472,2556
ATATC,2775,2709,2695,2762,2881,2911,3176,2841,2950,2835,2834,2966,2943,3344,2885,2873,2687,2549,2698,2908,2857,2762,2784,2606,2662,2755,2726,2685,2853,2709,2728,2693,2763,2751,2745,2869,2722,2782,2755,2874,2921,2784,2688,2810,2739,2821,2864,2924,2799,3318,2699,2749,2842,2846,2836,2707,2703,2585,2753,2637,2837,2699,2754,2855,2684,2688,2779
ATATG,2818,2685,2773,2819,2813,2787,3137,2862,2728,2908,2879,2824,2797,3003,2842,2857,2763,2828,2537,2608,2669,2635,2745,2640,2615,2521,2584,2592,2781,2869,2714,2806,2780,2742,2657,2641,2819,2754,2773,2687,2669,2725,2814,2712,2820,2798,2809,3078,2759,2971,2825,2706,2936,2856,3005,2779,2551,2681,2540,2657,2435,2539,2522,2810,2790,2615,2782
ATATT,5825,5899,5910,6088,6001,6177,6668,6167,6096,6119,6077,5994,6102,6563,6180,6262,5965,5857,5626,5960,5831,5793,6206,5686,5594,5521,5381,5556,5935,5849,5639,5913,5875,5975,5841,5878,5921,5855,5928,5871,5799,5977,5979,5926,5878,6065,5933,6569,5878,6807,6088,5943,6190,6211,6273,5751,5562,5664,5543,5519,5520,5710,5519,6090,5909,5787,5867
ATCAA,6682,6744,6791,7108,7177,6973,7732,6836,7085,6794,7127,7157,6912,7826,6984,7024,6754,6440,6663,7083,7004,6865,6944,6214,6389,6617,6460,6379,7090,6608,6560,6518,6735,6684,6783,6982,6764,6771,6865,6971,6876,7008,6594,6778,6703,7029,6963,7218,6909,7682,6836,6771,7095,7111,6912,6506,6571,6294,6588,6389,6788,6554,6535,7015,6884,6745,6944
ATCAC,2304,2326,2216,2458,2473,2383,2658,2293,2451,2333,2333,2486,2308,2712,2321,2364,2193,2047,2294,2531,2378,2340,2351,2140,2204,2276,2271,2242,2358,2136,2215,2175,2239,2214,2287,2381,2230,2335,2288,2327,2370,2434,2216,2309,2199,2480,2352,2393,2357,2801,2351,2350,2419,2382,2262,2210,2269,2082,2290,2146,2418,2339,2268,2388,2248,2369,2414
ATCAG,2937,2881,2842,2977,3117,3082,3360,2952,3104,2875,3034,3030,3034,3408,3063,3035,2795,2738,2866,3051,2919,2931,2884,2806,2779,2911,2864,2867,3075,2966,2818,2883,2915,2825,2884,3000,2834,2894,3002,2990,3059,2942,2832,3034,2862,3048,2978,3188,2907,3458,2917,2841,3124,2959,3047,2865,2882,2653,2809,2715,2994,2856,2841,3015,2913,2956,3010
ATCAT,4597,4706,4600,4691,4931,5133,5396,4731,5064,4634,4701,4948,4987,5676,4791,4858,4577,4271,4740,5081,4949,4790,4894,4467,4598,4826,4740,4557,4894,4542,4727,4636,4791,4719,4728,5071,4716,4736,4946,4780,4961,4847,4638,4845,4730,4878,4826,5079,4766,5746,4695,4756,4756,4836,4851,4652,4577,4402,4671,4557,5039,4784,4687,4910,4672,4825,4734
ATCCA,2472,2500,2549,2596,2655,2627,2755,2587,2643,2578,2546,2663,2625,2887,2614,2648,2486,2499,2475,2629,2591,2569,2591,2414,2411,2378,2410,2440,2641,2539,2527,2500,2538,2465,2441,2538,2520,2588,2517,2562,2675,2571,2512,2520,2567,2585,2549,2679,2525,2846,2569,2507,2641,2617,2659,2463,2495,2389,2469,2401,2441,2425,2447,2639,2531,2463,2566
ATCCC,1219,1229,1235,1260,1313,1271,1362,1168,1272,1204,1217,1350,1252,1507,1212,1253,1144,1104,1284,1356,1209,1263,1309,1135,1238,1283,1289,1195,1250,1105,1246,1115,1200,1180,1204,1307,1180,1250,1323,1302,1381,1285,1145,1292,1222,1258,1322,1238,1286,1471,1179,1206,1265,1263,1236,1121,1258,1160,1243,1172,1340,1288,1312,1290,1200,1240,1259
ATCCG,881,838,846,825,909,848,923,853,857,808,854,837,884,920,872,852,796,823,800,847,855,843,854,795,801,800,828,836,870,810,824,855,854,846,813,843,848,841,847,831,866,841,840,852,885,897,907,853,880,954,853,839,836,903,885,804,823,809,782,813,835,815,793,877,813,858,822
ATCCT,1964,2020,2057,2117,2212,2135,2268,2114,2159,2135,2131,2200,2137,2455,2155,2116,2064,1889,1973,2140,2125,2090,2053,1891,1977,2027,1971,1921,2067,2030,2036,2022,2008,2032,2057,2162,1986,2026,2132,2077,2116,2094,2036,2047,2040,2084,2132,2159,2071,2283,2092,2041,2140,2153,2151,1963,1978,1897,1997,1936,2033,2046,2027,2070,2048,2055,2049
ATCGA,1695,1608,1603,1671,1633,1691,1766,1696,1689,1723,1652,1704,1681,1754,1676,1645,1649,1649,1542,1591,1655,1649,1679,1532,1558,1544,1536,1551,1629,1625,1519,1617,1584,1606,1552,1577,1575,1599,1586,1616,1618,1575,1602,1550,1665,1685,1701,1610,1615,1738,1599,1657,1672,1663,1694,1556,1544,1550,1554,1544,1508,1528,1581,1679,1632,1578,1632
ATCGC,1510,1575,1471,1472,1610,1574,1573,1521,1584,1557,1511,1573,1551,1683,1538,1517,1474,1422,1508,1556,1572,1567,1477,1432,1489,1522,1535,1495,1604,1473,1505,1477,1492,1517,1445,1530,1491,1513,1514,1563,1631,1536,1457,1545,1524,1502,1663,1499,1509,1627,1483,1489,1502,1582,1518,1453,1415,1461,1505,1515,1561,1504,1497,1585,1450,1497,1506
ATCGG,1159,1149,1172,1195,1221,1146,1276,1177,1257,1235,1184,1251,1215,1275,1203,1138,1193,1165,1102,1165,1182,1213,1163,1133,1084,1082,1131,1151,1173,1153,1128,1137,1111,1153,1184,1228,1118,1168,1186,1226,1142,1225,1211,1146,1177,1241,1231,1329,1169,1315,1145,1225,1199,1193,1291,1170,1106,1106,1120,1123,1143,1163,1114,1220,1186,1163,1168
ATCGT,2107,2074,2150,2212,2250,2280,2317,2243,2206,2220,2224,2220,2221,2339,2263,2244,2187,2123,2057,2182,2197,2204,2164,2081,2060,2078,2034,2119,2187,2112,2134,2156,2163,2179,2104,2184,2165,2145,2174,2169,2072,2216,2289,2122,2117,2232,2208,2261,2171,2398,2196,2134,2190,2221,2310,2110,2112,2031,2068,2046,2155,2122,2079,2172,2151,2136,2136
ATCTA,2196,2183,2221,2320,2436,2457,2583,2312,2425,2379,2378,2457,2439,2841,2321,2376,2211,2055,2199,2467,2354,2355,2356,2096,2111,2171,2134,2096,2318,2209,2304,2149,2290,2233,2238,2378,2193,2297,2301,2292,2357,2332,2249,2265,2252,2343,2309,2504,2271,2824,2312,2219,2367,2404,2400,2230,2148,2082,2135,2094,2232,2217,2082,2334,2299,2239,2309
ATCTC,1123,1186,1132,1193,1282,1255,1300,1190,1264,1208,1207,1331,1238,1449,1167,1225,1114,982,1178,1279,1257,1260,1232,1148,1134,1191,1174,1156,1253,1146,1155,1091,1150,1118,1143,1321,1118,1187,1214,1274,1217,1321,1175,1223,1149,1231,1237,1231,1200,1373,1114,1205,1145,1219,1174,1131,1171,1074,1204,1134,1308,1243,1152,1234,1137,1234,1227
ATCTG,2137,2198,2092,2210,2367,2409,2572,2252,2356,2251,2183,2365,2317,2706,2259,2297,2097,1952,2221,2434,2290,2250,2236,2108,2063,2256,2188,2137,2265,2061,2157,2127,2166,2160,2222,2332,2166,2231,2245,2184,2235,2332,2184,2279,2162,2219,2252,2448,2254,2735,2212,2220,2265,2304,2214,2219,2152,1969,2177,2079,2333,2282,2131,2254,2144,2262,2206
ATCTT,4777,4943,4849,5014,5171,5445,5510,5025,5412,4958,5052,5269,5195,6105,5130,5309,4733,4333,4985,5417,5113,4969,4997,4803,4693,5056,4979,4782,5082,4676,4945,4879,4775,4850,5025,5264,4851,4981,5061,5175,5257,5196,4811,5172,4962,4970,4953,5156,4995,6054,4952,4930,4899,5079,5049,4898,4864,4485,4873,4678,5326,5097,4870,5136,4719,4976,5029
ATGAA,5331,5053,5237,5425,5277,4990,5650,5370,5051,5534,5422,5229,5188,5209,5362,5407,5430,5501,4766,4916,5051,4968,5362,4983,5044,4546,4563,4790,5164,5498,4963,5259,5089,5118,4957,4878,5252,5121,4985,4964,4857,5010,5288,5131,5244,5376,5344,5659,5156,5361,5197,5126,5472,5327,5726,5126,4810,5248,4824,4955,4351,4626,4795,5405,5214,4988,5166
ATGAC,2256,2196,2305,2302,2334,2209,2445,2319,2249,2404,2336,2280,2285,2402,2338,2239,2210,2239,2067,2139,2180,2182,2218,2077,2197,1998,2041,2085,2284,2318,2234,2289,2218,2286,2103,2212,2219,2224,2200,2218,2201,2189,2222,2150,2293,2344,2335,2401,2303,2308,2268,2178,2362,2275,2462,2273,2064,2247,2205,2200,1981,2053,2041,2197,2246,2125,2222
ATGAG,1615,1526,1540,1547,1598,1484,1779,1589,1528,1619,1631,1501,1571,1634,1601,1626,1544,1646,1386,1502,1516,1503,1533,1528,1445,1408,1414,1418,1467,1607,1482,1585,1522,1529,1479,1436,1594,1532,1524,1503,1429,1485,1575,1510,1537,1582,1644,1795,1536,1663,1553,1566,1603,1555,1697,1557,1400,1543,1431,1472,1307,1407,1387,1619,1548,1457,1557
ATGAT,5058,4853,5030,5112,4945,4720,5285,5142,4788,5224,5157,4910,4861,4998,5081,5108,4940,5125,4521,4613,4640,4722,4901,4722,4573,4383,4356,4629,4863,5058,4613,4967,4810,4882,4728,4542,4887,4865,4696,4866,4683,4800,5009,4805,4923,4969,4951,5340,4848,5117,5011,4725,5262,5158,5389,4810,4607,4774,4504,4619,4140,4477,4480,4876,4915,4629,4998
ATGCA,2639,2569,2693,2633,2699,2578,2897,2693,2537,2733,2672,2606,2621,2680,2754,2641,2651,2774,2427,2578,2607,2554,2577,2496,2421,2374,2387,2512,2658,2683,2481,2685,2603,2642,2386,2501,2651,2655,2526,2453,2499,2508,2638,2498,2624,2678,2613,2814,2591,2665,2624,2590,2752,2750,2864,2564,2494,2531,2455,2534,2273,2417,2393,2626,2594,2504,2641
ATGCC,1732,1604,1628,1690,1739,1777,1850,1786,1720,1774,1746,1734,1761,1790,1714,1742,1673,1672,1663,1621,1664,1655,1752,1630,1665,1576,1592,1622,1686,1671,1630,1704,1697,1722,1601,1646,1703,1680,1692,1676,1649,1642,1760,1612,1709,1737,1748,1789,1714,1781,1642,1661,1736,1728,1749,1633,1643,1614,1635,1613,1606,1643,1594,1634,1682,1676,1687
ATGCG,1132,987,1067,994,1046,1070,1121,1093,1043,1086,1065,1089,1023,1060,1011,1128,1038,1039,1011,935,1029,1047,1019,1068,1038,1003,1019,1033,1051,1076,988,1089,1074,1047,1002,1022,1089,1027,1035,987,1009,973,1057,1031,1113,1072,1084,1148,996,1048,1058,1002,1052,1025,1186,1035,1023,1068,988,1048,943,1025,1032,983,1075,1022,1050
ATGCT,3007,2849,2964,2948,2990,2954,3262,3103,2933,3191,3029,3044,3104,3166,3057,3056,2944,3053,2802,2886,2847,2871,2980,2821,2836,2713,2676,2756,2918,2944,2870,2904,2894,2920,2811,2844,2885,2893,2862,2840,2782,2882,2966,2943,2934,2920,2980,3265,2868,3148,2972,2847,3038,3022,3255,2915,2812,2869,2668,2790,2543,2762,2723,3068,2880,2832,2936
ATGGA,2320,2189,2264,2320,2310,2139,2578,2365,2207,2378,2444,2218,2257,2222,2315,2382,2376,2359,2064,2094,2093,2188,2222,2046,2109,1975,1994,2041,2185,2295,2117,2222,2252,2199,2121,2076,2295,2231,2139,2131,2037,2103,2304,2164,2300,2346,2401,2492,2248,2316,2294,2191,2383,2297,2436,2177,2021,2235,2037,2130,1832,2026,1976,2271,2291,2109,2280
ATGGC,2502,2300,2406,2444,2436,2359,2674,2465,2418,2568,2565,2419,2425,2374,2456,2452,2470,2518,2235,2203,2366,2362,2506,2291,2385,2145,2166,2205,2359,2493,2315,2436,2439,2400,2263,2289,2446,2395,2308,2326,2273,2307,2472,2288,2456,2473,2443,2531,2360,2454,2499,2318,2573,2555,2641,2356,2295,2392,2212,2326,2077,2179,2274,2426,2421,2278,2437
ATGGG,1438,1254,1327,1411,1295,1299,1393,1347,1304,1413,1399,1322,1317,1224,1332,1388,1395,1385,1183,1201,1313,1283,1327,1313,1280,1176,1147,1183,1306,1402,1215,1352,1346,1338,1209,1227,1347,1301,1264,1235,1130,1253,1356,1258,1299,1437,1375,1414,1277,1297,1372,1331,1409,1377,1488,1372,1213,1324,1199,1290,1080,1168,1174,1339,1329,1229,1361
ATGGT,3140,2872,3098,3100,2984,2956,3277,3185,2949,3245,3143,3042,3069,2973,3092,3151,3155,3291,2797,2815,2930,2979,3096,2944,2877,2715,2697,2812,2921,3111,2886,3111,3066,2957,2837,2788,3071,2995,2953,2893,2822,2893,3104,2945,3114,3068,3118,3357,2861,3025,3080,2945,3231,3083,3432,2981,2865,3036,2699,2899,2522,2765,2776,3088,3125,2910,3052
ATGTA,1990,2065,2067,2159,2144,2103,2334,2179,2105,2133,2174,2031,2127,2237,2169,2147,2108,2109,1908,2060,2033,1971,2119,1987,1948,1923,1890,1989,2061,2114,1981,2095,2057,2079,1996,2004,2083,1992,2032,2055,1963,2001,2110,2047,2104,2086,2078,2219,2063,2342,2123,2070,2126,2225,2312,2019,1935,2031,1876,1954,1906,1889,1938,2054,2076,2017,2030
ATGTC,1527,1509,1523,1607,1579,1568,1697,1649,1550,1601,1638,1601,1598,1673,1598,1612,1489,1472,1485,1587,1504,1557,1523,1451,1431,1437,1474,1453,1553,1448,1416,1497,1523,1538,1502,1533,1560,1546,1517,1553,1479,1533,1536,1531,1543,1503,1592,1631,1510,1705,1538,1522,1592,1544,1661,1494,1454,1450,1482,1461,1504,1532,1422,1553,1541,1505,1542
ATGTG,1367,1243,1299,1404,1337,1386,1433,1426,1397,1376,1430,1404,1384,1376,1368,1410,1289,1294,1276,1288,1346,1345,1368,1322,1265,1271,1264,1267,1356,1350,1282,1349,1367,1389,1311,1264,1348,1294,1317,1328,1348,1278,1395,1315,1346,1351,1353,1436,1341,1440,1328,1290,1406,1384,1465,1294,1287,1299,1276,1306,1247,1335,1248,1278,1374,1259,1301
ATGTT,3393,3304,3260,3335,3308,3304,3747,3604,3311,3521,3467,3282,3456,3435,3423,3522,3311,3284,3078,3135,3188,3214,3383,3238,3058,3005,2967,3088,3255,3386,3091,3481,3354,3286,3236,3143,3476,3259,3196,3179,3062,3133,3473,3242,3337,3272,3336,3642,3217,3580,3364,3295,3492,3382,3703,3385,3042,3243,3033,3100,2920,3102,3032,3292,3358,3246,3342
ATTAA,7440,7305,7367,7726,7675,7622,8314,7737,7593,7757,7722,7756,7609,8233,7699,7740,7395,7297,7056,7363,7315,7286,7690,6959,6978,6881,6837,6998,7553,7501,7207,7424,7417,7437,7229,7333,7395,7443,7365,7431,7478,7442,7496,7497,7479,7630,7528,8063,7556,8480,7481,7289,7673,7725,7871,7249,6957,7138,6974,6958,6842,6981,7005,7510,7505,7199,7411
ATTAC,3683,3612,3618,3757,3756,3707,3920,3663,3688,3674,3858,3761,3628,3966,3672,3795,3631,3638,3479,3669,3626,3587,3678,3406,3478,3399,3433,3463,3763,3662,3511,3607,3679,3558,3502,3645,3622,3660,3601,3606,3721,3610,3591,3585,3566,3749,3729,3789,3744,4135,3601,3545,3799,3699,3781,3533,3424,3444,3530,3448,3447,3440,3441,3798,3657,3514,3669
ATTAG,3727,3673,3681,3794,3829,3851,4186,3924,3814,3891,3818,3748,3834,4076,3940,3951,3726,3717,3530,3679,3659,3602,3870,3535,3435,3461,3351,3527,3825,3780,3542,3737,3667,3709,3638,3606,3721,3678,3683,3667,3642,3726,3708,3727,3724,3749,3701,4111,3686,4141,3828,3704,3848,3851,3969,3634,3478,3518,3426,3483,3364,3463,3519,3742,3707,3601,3760
ATTAT,6247,6051,6281,6416,6267,6376,6920,6551,6241,6534,6618,6304,6493,6752,6535,6487,6376,6411,5987,5996,6098,6103,6502,5997,5869,5782,5828,5852,6293,6315,6032,6248,6176,6266,6172,6218,6407,6280,6319,6277,6149,6246,6452,6203,6260,6400,6423,6931,6255,6962,6365,6222,6542,6472,6799,6210,5875,6042,5852,5974,5700,5919,5787,6364,6338,6082,6374
ATTCA,4348,4245,4342,4372,4511,4391,4932,4487,4518,4445,4372,4443,4397,4955,4498,4492,4277,4218,4216,4507,4312,4282,4292,4062,4051,4110,4177,4164,4357,4230,4130,4179,4216,4273,4200,4392,4278,4317,4330,4366,4391,4282,4336,4194,4303,4345,4305,4730,4255,4930,4444,4290,4507,4607,4486,4174,4211,4106,4131,4129,4104,4266,4151,4345,4271,4252,4460
ATTCC,2468,2501,2481,2568,2601,2678,2752,2625,2667,2562,2588,2704,2584,2928,2587,2613,2430,2357,2388,2608,2540,2479,2594,2313,2398,2622,2442,2460,2625,2425,2422,2479,2470,2557,2448,2655,2452,2496,2592,2602,2603,2626,2530,2489,2508,2593,2538,2663,2575,2854,2484,2463,2594,2549,2633,2428,2374,2336,2453,2443,2531,2485,2425,2541,2471,2528,2475
ATTCG,1522,1522,1523,1539,1558,1568,1618,1538,1525,1578,1621,1553,1561,1618,1570,1566,1437,1492,1517,1583,1495,1538,1498,1488,1439,1476,1421,1449,1573,1497,1460,1486,1540,1593,1489,1528,1496,1543,1520,1517,1540,1541,1516,1562,1551,1549,1577,1643,1468,1617,1504,1505,1560,1538,1595,1508,1473,1471,1460,1479,1427,1448,1450,1596,1495,1567,1557
ATTCT,3432,3527,3551,3705,3675,3880,4088,3678,3873,3659,3612,3787,3713,4406,3688,3755,3513,3278,3599,3720,3622,3576,3595,3333,3383,3542,3445,3377,3631,3415,3495,3557,3421,3549,3579,3743,3494,3610,3631,3631,3720,3644,3549,3681,3526,3705,3584,3817,3601,4253,3761,3527,3727,3650,3750,3461,3465,3225,3443,3366,3668,3568,3484,3614,3373,3580,3596
ATTGA,5216,5134,5165,5340,5313,5327,5770,5475,5332,5501,5457,5268,5482,5566,5440,5459,5210,5401,4898,5220,5145,5098,5313,5112,4974,4945,4823,5019,5264,5371,5070,5251,5191,5272,5057,4929,5287,5186,5143,5140,5125,5103,5278,5175,5277,5314,5372,5792,5163,5700,5272,5254,5444,5488,5729,5320,4907,5125,4880,5060,4678,4907,4933,5446,5204,5121,5211
ATTGC,4312,4271,4263,4338,4433,4456,4739,4469,4497,4381,4435,4422,4456,4735,4421,4463,4310,4179,4141,4359,4290,4245,4449,4197,4140,4160,4163,4180,4343,4304,4195,4287,4312,4306,4246,4387,4280,4254,4415,4374,4353,4301,4362,4402,4354,4400,4400,4611,4390,4677,4276,4291,4430,4404,4522,4205,4115,4135,4161,4183,4198,4236,4171,4419,4235,4257,4325
ATTGG,3496,3339,3404,3550,3496,3431,3754,3516,3368,3570,3542,3443,3418,3556,3553,3489,3486,3481,3120,3232,3444,3297,3394,3287,3247,3191,3102,3132,3371,3519,3254,3544,3463,3370,3318,3326,3427,3310,3419,3336,3304,3308,3356,3384,3363,3517,3510,3713,3369,3520,3506,3478,3719,3539,3698,3387,3163,3353,3133,3217,3010,3213,3151,3459,3449,3283,3396
ATTGT,3529,3499,3542,3536,3613,3763,3892,3746,3624,3582,3664,3514,3710,3883,3683,3796,3504,3440,3414,3512,3532,3409,3650,3408,3344,3402,3378,3428,3531,3553,3459,3629,3589,3550,3517,3559,3503,3515,3589,3474,3539,3512,3548,3651,3584,3590,3557,3920,3468,4016,3620,3472,3627,3583,3860,3510,3337,3314,3302,3396,3354,3387,3369,3642,3560,3482,3527
ATTTA,5944,5989,5956,6310,6220,6178,6872,6299,6230,6388,6291,6125,6288,6726,6381,6421,6139,6060,5682,6082,6055,5971,6209,5722,5731,5536,5415,5618,6174,6227,5921,6102,6020,6067,5908,5934,6114,5995,6027,6106,5999,5965,6146,5969,6204,6110,6132,6609,6081,6989,6139,6022,6428,6322,6685,6027,5519,5754,5713,5609,5396,5592,5577,6226,6011,5724,6022
ATTTC,3835,3956,3907,4131,4130,4291,4452,4097,4260,4036,4089,4152,4241,4752,4101,4258,3845,3707,4008,4287,4028,3995,4114,3964,3857,4030,3985,3899,4065,3905,4020,3907,4017,4015,3990,4095,4023,4050,4126,4178,4143,4186,4007,4114,4040,4003,4198,4292,4071,4847,4042,3958,4069,4130,4192,3953,3945,3735,3873,3791,4136,4017,3823,4156,3951,4091,4118
ATTTG,4724,4866,4860,4838,4928,5013,5343,5136,4921,5001,4955,4796,5066,5344,5085,5068,4811,4866,4500,4754,4808,4673,4924,4665,4521,4513,4500,4651,4907,4831,4687,4901,4859,4898,4795,4758,4869,4704,4739,4814,4706,4765,4947,4784,4929,4769,4815,5268,4727,5427,4821,4671,4929,4919,5378,4859,4515,4720,4543,4643,4441,4559,4512,4819,4792,4678,4788
ATTTT,9422,9344,9460,9618,9532,9989,10373,9768,9888,9637,9721,9756,9912,10679,9809,9888,9252,9199,9222,9755,9496,9417,9739,9310,9058,9114,8961,9132,9763,9482,9259,9596,9505,9595,9658,9774,9576,9555,9739,9625,9798,9802,9703,9756,9603,9651,9672,10321,9564,10858,9701,9384,9816,9711,10215,9382,9123,8964,9012,8950,9356,9361,9122,9800,9419,9478,9489
CAAAA,6998,7009,6999,7187,7400,6850,7751,6947,7079,7064,7106,7319,6953,7739,7095,7066,6831,6706,6761,6924,6918,6885,6995,6220,6591,6547,6571,6512,7163,6875,6660,6795,6832,6810,6586,6839,6723,6920,6791,6864,7045,6898,6773,6923,6895,7226,7067,7324,7078,7542,6878,6883,7156,7142,7215,6692,6571,6549,6725,6612,6550,6582,6636,6830,6829,6625,7053
CAAAC,2511,2534,2487,2552,2711,2573,2870,2491,2665,2477,2661,2670,2545,2864,2534,2553,2454,2307,2491,2556,2557,2530,2524,2325,2368,2466,2340,2366,2628,2426,2459,2380,2474,2448,2471,2540,2486,2507,2521,2530,2607,2590,2406,2572,2525,2616,2626,2641,2590,2793,2506,2527,2578,2615,2603,2472,2418,2405,2406,2350,2498,2475,2400,2582,2496,2503,2633
CAAAG,3372,3527,3573,3628,3758,3549,3964,3469,3731,3619,3616,3734,3576,4092,3614,3509,3440,3470,3418,3454,3539,3589,3454,3170,3308,3287,3246,3259,3593,3487,3387,3382,3324,3453,3435,3484,3367,3513,3393,3513,3605,3555,3461,3466,3482,3658,3532,3779,3491,3802,3559,3529,3590,3617,3721,3355,3352,3349,3331,3311,3242,3255,3256,3607,3431,3391,3686
CAAAT,4820,4609,4678,4874,4824,4821,5377,4708,4916,4834,4881,5030,4759,5363,4750,4872,4621,4463,4649,4901,4721,4719,4789,4408,4550,4572,4476,4417,4757,4682,4549,4610,4653,4609,4564,4747,4641,4794,4778,4704,4812,4756,4573,4745,4595,4954,4810,5091,4805,5409,4800,4825,4927,4906,4791,4496,4581,4356,4525,4432,4632,4616,4554,4892,4680,4668,4798
CAACA,2969,2953,3013,3188,3308,3098,3398,3033,3172,3003,3176,3259,3018,3617,3153,3068,2937,2785,2927,3109,3021,3054,2947,2766,2867,3010,2960,2890,3181,2895,2968,2883,2914,2967,2985,3116,2976,3080,2992,3033,3153,3137,2871,3059,2925,3203,3032,3169,3178,3535,3043,2955,3121,3169,3121,2954,2941,2763,2982,2887,3094,3011,2972,3117,2992,2997,3152
CAACC,1490,1545,1527,1576,1644,1525,1665,1567,1597,1498,1595,1650,1575,1761,1566,1567,1463,1400,1478,1546,1500,1555,1491,1409,1473,1506,1431,1493,1594,1478,1484,1424,1485,1470,1457,1566,1488,1509,1564,1533,1571,1570,1469,1553,1442,1609,1621,1603,1601,1673,1503,1515,1585,1514,1566,1495,1470,1396,1460,1405,1519,1500,1484,1544,1490,1531,1574
CAACG,1438,1494,1457,1413,1584,1475,1640,1491,1529,1469,1576,1531,1495,1616,1532,1486,1447,1452,1403,1461,1432,1435,1410,1414,1416,1422,1419,1393,1522,1471,1411,1467,1458,1478,1420,1445,1536,1488,1490,1484,1546,1453,1475,1509,1584,1519,1583,1522,1523,1547,1412,1420,1473,1475,1575,1455,1389,1430,1440,1432,1458,1409,1435,1513,1480,1456,1499
CAACT,3319,3414,3312,3458,3628,3473,3703,3539,3531,3489,3527,3522,3481,3868,3478,3485,3350,3265,3301,3490,3374,3412,3383,3208,3303,3288,3254,3257,3612,3433,3344,3332,3341,3341,3343,3479,3319,3437,3327,3367,3402,3472,3370,3384,3401,3446,3515,3486,3484,3809,3417,3348,3430,3492,3492,3472,3332,3205,3305,3270,3437,3342,3333,3455,3284,3393,3427
CAAGA,3794,3546,3685,3700,3819,3503,4171,3780,3668,3942,3873,3732,3658,3753,3766,3737,3761,3840,3271,3387,3494,3572,3585,3283,3464,3137,3216,3319,3640,3731,3476,3604,3629,3536,3384,3515,3638,3588,3577,3475,3420,3457,3704,3442,3531,3773,3732,3961,3600,3675,3658,3529,3894,3634,4002,3511,3337,3559,3417,3469,3087,3253,3328,3635,3675,3381,3625
CAAGC,2706,2568,2630,2703,2785,2556,2942,2633,2730,2639,2739,2709,2609,2868,2637,2611,2667,2580,2451,2463,2613,2591,2523,2360,2494,2367,2431,2420,2678,2636,2487,2567,2598,2525,2494,2659,2602,2606,2521,2554,2611,2546,2648,2520,2554,2752,2721,2752,2578,2686,2614,2572,2744,2738,2819,2516,2430,2525,2468,2522,2422,2445,2504,2643,2585,2465,2708
CAAGG,1932,1866,1943,1974,1923,1768,2071,1941,1888,2034,1959,1926,1896,1930,1997,1871,1965,2062,1765,1836,1859,1855,1840,1776,1803,1648,1680,1750,1887,1976,1757,1853,1798,1849,1745,1794,1887,1870,1793,1801,1748,1812,1953,1786,1897,2063,1962,2115,1787,1812,1899,1846,2040,1976,2072,1815,1767,1858,1729,1828,1563,1694,1694,1927,1887,1857,1908
CAAGT,3084,3056,3100,3157,3162,3109,3348,3091,3197,3051,3170,3060,3173,3313,3104,3193,3068,2991,2919,3001,3001,3049,3004,2829,2846,2871,2860,2872,3150,3061,2913,3049,3029,3004,2946,2997,3064,2967,3065,3126,3069,2998,3055,3035,3034,3172,3073,3311,2976,3258,3080,3022,3220,3135,3230,2918,2862,2806,2891,2922,2822,2855,2849,3079,3076,3029,3107
CAATA,3826,3933,3805,4017,3988,4124,4456,3957,4127,3986,3972,4103,4052,4727,3988,4003,3720,3576,3775,4075,3901,3925,3841,3652,3696,3823,3752,3742,4026,3656,3753,3742,3864,3815,3789,3935,3799,3898,3834,3986,4032,3950,3751,3879,3845,3902,3856,3892,3963,4559,3843,3749,3906,3949,3891,3624,3813,3583,3815,3569,3998,3739,3786,3865,3792,3851,3924
CAATC,2584,2714,2654,2745,2938,2862,3118,2726,2955,2822,2779,2975,2830,3209,2817,2770,2605,2463,2745,2929,2831,2832,2828,2494,2643,2662,2659,2569,2816,2612,2716,2573,2693,2695,2646,2815,2644,2777,2740,2804,2824,2822,2564,2690,2700,2785,2727,2824,2742,3116,2714,2696,2801,2798,2730,2629,2650,2554,2714,2620,2848,2709,2622,2811,2745,2737,2739
CAATG,2958,2810,2955,3177,3017,2962,3295,3109,3003,3079,3094,3029,3055,3205,3022,3083,3017,2972,2778,2962,2878,2914,3054,2774,2810,2683,2750,2776,2915,2858,2711,2845,2812,2943,2881,2895,2966,2876,2892,2907,2798,2897,3050,2836,2903,3000,3001,3196,2967,3185,2941,2898,3113,3142,3178,2874,2853,2786,2807,2793,2722,2795,2740,2975,2908,2890,2959
CAATT,6757,6690,6838,6984,6959,6930,7361,6895,6948,6947,6919,7084,6831,7457,6954,7073,6650,6591,6700,6929,6828,6736,6688,6432,6453,6491,6470,6488,6988,6768,6647,6791,6735,6688,6615,6821,6769,6832,6741,6773,6809,6893,6875,6787,6811,6932,6847,7226,6767,7496,6936,6643,6975,6995,7206,6639,6524,6484,6513,6483,6548,6652,6509,6886,6773,6661,6939
CACAA,2166,2065,2141,2284,2265,2056,2319,2128,2165,2158,2262,2263,2152,2238,2243,2159,2231,2192,2115,2085,2120,2149,2128,1945,2026,1912,1896,2000,2213,2177,2018,2043,2040,2055,2031,2026,2119,2165,2033,2115,2206,2105,2171,2068,2162,2265,2200,2205,2163,2218,2186,2097,2304,2261,2219,2082,1997,2067,2035,2015,1920,1941,2039,2167,2111,2053,2256
CACAC,599,646,605,607,676,656,720,676,657,661,651,680,660,714,676,640,624,615,621,648,645,640,679,590,627,590,567,617,669,621,609,611,606,636,604,643,593,639,615,587,616,620,616,604,643,630,667,658,654,718,640,639,641,650,640,659,593,625,614,584,593,621,598,655,601,618,635
CACAG,778,810,812,842,899,786,923,825,875,851,874,865,837,913,831,825,835,817,797,768,766,810,823,755,785,745,762,766,802,826,809,784,763,793,776,814,820,808,770,802,837,804,797,768,811,859,837,849,825,874,800,791,866,852,835,785,747,798,761,784,761,753,776,799,800,753,842
CACAT,1297,1381,1347,1334,1442,1356,1476,1313,1345,1368,1308,1336,1353,1534,1376,1366,1313,1278,1274,1393,1304,1303,1335,1205,1252,1255,1245,1262,1338,1282,1283,1298,1280,1258,1265,1388,1297,1351,1338,1328,1307,1380,1260,1339,1313,1380,1380,1370,1337,1492,1351,1324,1367,1421,1325,1302,1240,1220,1246,1215,1280,1212,1268,1429,1280,1347,1367
CACCA,2807,2992,2806,2960,3110,3120,3244,2975,3164,2894,2950,3081,3080,3474,3033,2927,2740,2530,2857,3190,2940,2865,2864,2726,2827,2972,3024,2914,3072,2711,2880,2774,2850,2965,2904,3091,2882,2944,2961,2958,3138,3017,2757,2988,2874,2926,2957,2910,2973,3536,2867,2883,2913,2872,2789,2817,2822,2623,2978,2758,3236,2990,2866,3034,2792,2976,2911
CACCC,658,716,651,695,771,743,765,727,729,668,698,738,739,878,718,714,614,560,681,722,686,715,671,634,671,728,744,703,747,607,685,630,674,698,687,780,657,699,775,704,751,753,685,692,659,706,764,652,765,808,644,672,661,678,606,609,693,614,709,634,797,722,707,678,671,713,640
CACCG,985,978,970,904,1068,1018,1096,1020,1036,988,962,1047,1009,1103,1024,995,905,878,950,996,974,1012,938,945,951,997,997,946,979,903,964,997,988,957,914,1020,987,1018,1053,930,1019,1012,950,1004,996,955,1035,1010,980,1035,927,907,963,973,1004,944,979,898,939,947,1013,1006,978,962,978,1004,969
CACCT,1442,1531,1479,1565,1643,1732,1754,1554,1739,1474,1566,1628,1635,1894,1558,1640,1409,1294,1520,1715,1572,1561,1509,1500,1449,1630,1625,1541,1612,1410,1541,1532,1534,1541,1550,1673,1502,1587,1630,1599,1633,1692,1484,1591,1467,1560,1563,1618,1557,1924,1576,1518,1536,1566,1494,1516,1540,1318,1547,1422,1737,1600,1573,1649,1496,1570,1517
CACGA,1142,1142,1100,1201,1225,1202,1269,1165,1257,1155,1203,1226,1183,1349,1181,1157,1065,958,1199,1235,1208,1167,1117,1110,1125,1189,1188,1113,1193,1081,1140,1115,1128,1143,1152,1232,1170,1207,1158,1135,1193,1194,1072,1146,1116,1172,1196,1148,1171,1310,1156,1140,1154,1198,1142,1166,1140,1057,1142,1107,1217,1177,1139,1124,1075,1185,1183
CACGC,853,861,764,836,854,871,860,787,886,794,885,862,827,916,847,843,746,714,856,836,794,838,813,764,746,862,844,826,853,735,767,788,807,779,797,895,784,826,785,831,837,838,760,878,753,856,899,795,844,886,842,809,872,805,759,769,790,726,808,743,906,823,817,811,774,827,834
CACGG,719,663,649,701,699,685,731,687,707,671,691,689,669,729,706,687,615,607,632,655,646,664,631,673,647,666,689,622,694,639,670,673,663,645,642,683,669,700,695,669,668,703,641,704,671,707,786,664,681,717,648,653,677,701,723,657,629,619,676,645,683,677,649,664,660,661,672
CACGT,1115,1069,1052,1048,1121,1123,1203,1133,1152,1117,1101,1103,1143,1200,1087,1117,1004,1034,1058,1116,1051,1126,1110,1076,1028,1055,1059,1061,1057,1033,1035,1073,1075,1095,1063,1114,1051,1049,1096,1123,1084,1136,1076,1077,1070,1075,1113,1177,1030,1173,1062,1064,1100,1124,1119,1030,1050,1013,1013,1027,1041,1052,1032,1056,1083,1109,1106
CACTA,1789,1776,1731,1846,1874,1865,1978,1814,1834,1799,1819,1907,1875,2059,1835,1848,1715,1623,1753,1897,1860,1775,1840,1609,1705,1756,1735,1704,1920,1687,1727,1776,1794,1747,1789,1874,1790,1805,1766,1769,1854,1860,1755,1795,1728,1805,1854,1786,1840,2074,1744,1784,1827,1817,1777,1800,1694,1625,1792,1701,1805,1780,1775,1848,1710,1771,1796
CACTC,614,640,631,676,721,662,722,637,712,688,632,738,677,759,697,649,640,618,659,709,696,691,699,591,603,630,619,626,649,582,623,605,605,616,624,672,613,650,648,633,689,664,651,644,636,648,710,649,667,768,656,637,675,677,629,613,619,593,632,608,642,678,654,666,616,650,676
CACTG,1059,1044,1094,1094,1145,1099,1178,1110,1126,1151,1137,1181,1113,1214,1077,1123,1082,1020,1035,1062,1075,1062,1052,956,1051,987,1005,989,1098,1058,1021,1062,992,1027,1003,1072,1023,1061,1019,1050,1110,1081,1066,1042,1097,1143,1106,1127,1081,1155,1064,1080,1072,1086,1088,1050,1054,1036,1049,1071,992,999,1102,1088,1000,1080,1105
CACTT,2178,2146,2215,2207,2259,2228,2333,2233,2252,2317,2183,2391,2208,2449,2282,2260,2127,2106,2215,2340,2219,2223,2301,2079,2136,1990,2067,2106,2230,2169,2104,2127,2130,2155,2129,2235,2113,2200,2191,2179,2248,2261,2161,2160,2253,2164,2261,2332,2199,2444,2161,2190,2286,2267,2292,2110,2132,2196,2124,2119,2064,2141,2122,2254,2130,2210,2169
CAGAA,2780,2682,2809,2745,2880,2740,3109,2896,2657,2856,2851,2801,2782,2918,2832,2776,2750,2860,2500,2589,2632,2675,2788,2632,2651,2470,2487,2651,2802,2938,2665,2774,2757,2754,2555,2601,2724,2690,2697,2671,2665,2669,2731,2644,2827,2826,2789,3107,2670,2880,2748,2724,2865,2777,3050,2712,2603,2711,2541,2652,2358,2471,2516,2784,2834,2656,2760
CAGAC,992,914,958,952,1014,956,1069,981,957,1023,963,1004,981,1049,974,978,949,947,896,883,927,922,947,897,939,888,816,880,922,928,901,924,912,882,888,932,912,919,930,907,895,915,910,945,942,997,993,1029,936,955,942,899,971,950,1016,902,893,916,910,894,856,919,912,973,933,925,970
CAGAG,857,829,864,840,898,803,962,897,804,912,881,872,835,906,883,850,854,880,776,809,850,791,786,822,872,778,812,807,828,874,789,851,840,845,779,796,803,808,814,815,819,782,813,817,857,820,883,908,784,884,830,840,883,806,970,828,757,858,846,847,776,796,808,882,808,749,797
CAGAT,2384,2246,2377,2410,2291,2266,2572,2430,2321,2425,2490,2301,2353,2434,2417,2400,2369,2461,2081,2190,2268,2246,2325,2157,2195,2007,2039,2128,2295,2407,2202,2312,2264,2279,2130,2109,2267,2204,2217,2282,2230,2141,2282,2183,2321,2352,2338,2515,2233,2400,2335,2226,2451,2338,2617,2219,2124,2291,2088,2181,1933,2028,2131,2360,2324,2176,2348
CAGCA,2727,2725,2761,2744,2990,2846,3099,2831,2919,2759,2853,2935,2761,3176,2857,2793,2622,2484,2685,2887,2746,2756,2684,2587,2655,2709,2746,2644,2821,2570,2627,2687,2706,2723,2700,2800,2738,2688,2785,2675,2865,2825,2632,2774,2666,2775,2792,2853,2743,3207,2829,2686,2831,2871,2802,2717,2669,2510,2680,2570,2904,2779,2704,2702,2720,2870,2780
CAGCC,1261,1258,1268,1256,1356,1397,1413,1305,1389,1270,1284,1358,1333,1484,1321,1347,1237,1189,1290,1382,1309,1320,1265,1216,1222,1307,1279,1277,1320,1224,1233,1235,1243,1298,1260,1325,1301,1302,1326,1275,1354,1337,1291,1336,1288,1292,1421,1358,1306,1524,1234,1286,1300,1308,1274,1304,1310,1202,1264,1233,1331,1340,1254,1291,1251,1323,1337
CAGCG,970,837,901,883,906,948,1053,950,947,881,896,904,997,1009,930,967,837,868,891,880,859,905,842,908,903,926,861,885,906,876,855,941,946,924,887,905,938,934,973,884,919,904,918,915,959,969,1042,1001,919,956,864,882,922,885,973,899,908,824,858,853,867,861,915,890,925,950,920
CAGCT,2838,2733,2741,2795,2828,2911,3066,2855,2900,2824,2843,2831,2931,3095,2831,2893,2681,2607,2732,2909,2750,2692,2758,2695,2671,2750,2714,2750,2793,2712,2736,2766,2827,2763,2714,2887,2797,2794,2833,2765,2857,2762,2741,2881,2753,2879,2889,2940,2761,3022,2759,2708,2847,2803,2830,2774,2697,2611,2715,2599,2809,2755,2758,2838,2769,2759,2792
CAGGA,1516,1444,1452,1465,1555,1517,1715,1538,1555,1530,1555,1496,1520,1602,1539,1533,1472,1479,1515,1511,1402,1501,1413,1478,1442,1454,1416,1407,1513,1525,1425,1554,1551,1488,1481,1469,1522,1548,1466,1511,1495,1478,1477,1531,1496,1559,1521,1597,1474,1670,1544,1447,1564,1527,1592,1477,1450,1403,1379,1408,1450,1412,1451,1499,1508,1472,1574
CAGGC,1091,1016,1039,1015,1091,1040,1093,1070,1013,1066,1037,1036,1043,1084,1043,1047,1008,1054,964,979,977,1075,1015,988,964,977,935,984,1008,1032,978,1017,998,996,985,982,1001,1031,953,989,984,1012,1024,1012,1016,1064,1096,1100,979,1071,1030,970,1095,1044,1138,1025,979,986,933,1007,908,910,931,1016,990,978,1060
CAGGG,615,555,570,586,579,555,603,559,546,547,553,532,547,538,587,588,564,568,536,531,519,528,525,565,517,506,522,529,554,600,552,596,581,556,522,511,581,557,539,558,556,537,572,602,598,595,616,598,555,587,566,524,576,576,638,561,523,541,509,528,499,510,534,573,583,508,578
CAGGT,1697,1564,1636,1648,1670,1574,1842,1660,1579,1704,1699,1639,1622,1582,1685,1614,1693,1809,1520,1511,1613,1597,1688,1555,1516,1463,1335,1498,1591,1691,1570,1641,1626,1605,1500,1468,1674,1557,1530,1594,1553,1529,1650,1537,1677,1695,1659,1765,1573,1694,1619,1649,1797,1654,1793,1583,1520,1647,1477,1522,1334,1480,1462,1639,1677,1553,1701
CAGTA,2228,2276,2214,2334,2441,2388,2614,2292,2391,2284,2367,2348,2299,2667,2374,2392,2182,2085,2267,2397,2263,2244,2240,2219,2114,2267,2331,2205,2351,2236,2252,2238,2312,2317,2203,2351,2291,2364,2350,2259,2310,2266,2212,2334,2240,2330,2271,2423,2278,2747,2324,2217,2355,2429,2459,2207,2210,2120,2232,2162,2398,2268,2178,2281,2271,2195,2285
CAGTC,1114,1154,1106,1154,1220,1210,1301,1165,1220,1122,1183,1189,1203,1347,1148,1151,1077,1065,1177,1251,1161,1194,1089,1052,1080,1155,1189,1135,1184,1054,1095,1154,1152,1117,1131,1206,1139,1202,1211,1185,1272,1181,1138,1191,1092,1190,1170,1194,1169,1270,1128,1108,1205,1151,1165,1085,1129,991,1149,1078,1256,1215,1156,1181,1122,1148,1187
CAGTG,1089,1068,1038,1082,1102,1128,1206,1115,1103,1076,1087,1041,1112,1173,1143,1081,1034,1072,1046,1098,1064,1108,1105,1105,1006,1075,1048,1072,1087,1071,1078,1048,1115,1076,1050,1055,1089,1045,1114,1084,1023,1060,1071,1091,1051,1076,1123,1169,1049,1167,1067,1035,1129,1099,1175,1051,1009,1020,1009,990,1077,1085,958,1112,1128,1073,1087
CAGTT,3143,3089,3122,3259,3218,3201,3386,3205,3220,3207,3266,3212,3173,3460,3199,3155,3106,3015,3000,3043,3100,3138,3121,2978,2882,2974,3031,3039,3196,3138,3029,3080,3128,3045,3043,3158,3055,3071,3102,3147,3113,3066,3133,3085,3027,3193,3111,3362,3101,3548,3182,3078,3288,3229,3328,2988,2973,2964,2960,3006,2970,3000,2940,3171,3211,3071,3261
CATAA,2987,3180,3020,3074,3242,3362,3535,3080,3422,3074,3049,3340,3255,3884,3145,3227,2906,2690,3175,3350,3200,3149,3201,2850,2950,3233,3108,3046,3300,2916,3088,2986,3167,3081,3081,3299,2953,3112,3179,3228,3378,3234,2900,3273,3010,3116,3111,3237,3100,3811,3016,3100,3129,3175,3107,2951,3002,2777,3058,2980,3333,3140,3140,3102,3044,3153,3123
CATAC,1163,1218,1207,1269,1320,1321,1370,1270,1295,1294,1250,1290,1328,1513,1291,1265,1209,1145,1196,1329,1288,1209,1302,1164,1202,1253,1192,1154,1293,1230,1260,1212,1217,1209,1225,1285,1202,1205,1292,1257,1281,1258,1197,1239,1220,1251,1221,1287,1219,1492,1198,1202,1234,1291,1275,1225,1146,1121,1221,1176,1274,1203,1200,1287,1215,1242,1228
CATAG,1215,1262,1218,1281,1363,1453,1503,1321,1416,1260,1280,1358,1394,1636,1375,1382,1120,1100,1288,1385,1281,1309,1248,1204,1265,1371,1345,1313,1360,1142,1210,1276,1325,1295,1300,1361,1236,1265,1406,1372,1397,1379,1241,1311,1233,1303,1317,1410,1333,1584,1240,1202,1263,1290,1288,1225,1264,1131,1273,1220,1447,1338,1313,1325,1257,1345,1271
CATAT,2656,2714,2684,2694,2819,2856,3027,2798,2916,2738,2765,2819,2844,3153,2811,2880,2612,2477,2652,2833,2693,2739,2807,2545,2556,2662,2558,2594,2763,2569,2610,2637,2669,2695,2664,2801,2627,2687,2730,2817,2834,2775,2690,2791,2681,2817,2751,2901,2720,3264,2704,2628,2823,2803,2750,2609,2636,2500,2634,2520,2744,2694,2647,2713,2681,2769,2735
CATCA,3843,4009,3787,4121,4270,4429,4549,3950,4360,3692,4000,4217,4145,4970,4073,4154,3719,3343,4090,4419,4146,4081,4124,3779,3806,4243,4158,3927,4280,3662,3902,3790,4008,3871,4090,4387,3893,4003,4302,4212,4336,4301,3796,4192,3933,4204,4183,4214,4106,4942,3923,4030,4132,4152,3873,3844,3939,3446,3988,3755,4521,4180,3998,4160,3948,4203,4107
CATCC,1423,1554,1493,1528,1656,1553,1661,1417,1585,1414,1480,1592,1549,1855,1533,1500,1402,1307,1544,1656,1554,1503,1494,1403,1445,1564,1541,1481,1565,1406,1506,1389,1441,1439,1502,1605,1454,1539,1558,1549,1677,1566,1388,1569,1464,1545,1558,1487,1521,1767,1482,1503,1552,1571,1476,1416,1487,1380,1508,1448,1680,1505,1587,1584,1459,1481,1542
CATCG,1332,1345,1283,1338,1401,1500,1483,1390,1495,1338,1330,1426,1406,1597,1411,1344,1286,1209,1347,1417,1424,1375,1299,1260,1291,1406,1411,1365,1378,1183,1276,1343,1360,1401,1323,1415,1288,1317,1399,1418,1425,1423,1307,1352,1302,1374,1428,1353,1342,1550,1337,1358,1298,1372,1295,1264,1299,1207,1370,1292,1505,1430,1352,1360,1306,1410,1321
CATCT,2310,2454,2350,2531,2655,2729,2678,2523,2709,2441,2466,2641,2571,3124,2536,2636,2228,2064,2549,2796,2534,2511,2454,2395,2294,2574,2560,2440,2591,2337,2499,2298,2341,2354,2467,2668,2376,2547,2500,2547,2699,2637,2376,2597,2469,2449,2481,2506,2503,3152,2477,2424,2424,2566,2449,2443,2497,2175,2462,2241,2783,2571,2451,2569,2320,2442,2557
CATGA,2534,2532,2537,2528,2609,2501,2692,2546,2523,2623,2556,2568,2539,2722,2607,2544,2404,2432,2420,2495,2461,2465,2493,2344,2420,2360,2398,2372,2570,2486,2488,2493,2471,2519,2437,2536,2474,2557,2504,2530,2585,2512,2474,2553,2533,2587,2615,2639,2557,2701,2488,2441,2551,2534,2700,2457,2412,2449,2421,2423,2397,2405,2416,2529,2464,2468,2468
CATGC,1342,1314,1320,1368,1418,1371,1440,1373,1384,1369,1333,1369,1378,1453,1393,1361,1280,1231,1333,1339,1337,1326,1331,1327,1302,1360,1329,1374,1434,1306,1302,1334,1337,1350,1294,1375,1321,1323,1367,1323,1336,1375,1327,1313,1316,1339,1367,1391,1336,1463,1281,1314,1349,1316,1359,1324,1320,1271,1331,1314,1349,1367,1304,1339,1310,1357,1347
CATGG,1561,1478,1551,1522,1562,1517,1629,1562,1507,1561,1568,1541,1531,1547,1523,1581,1560,1551,1433,1458,1491,1519,1513,1450,1512,1419,1363,1410,1468,1563,1449,1546,1537,1467,1461,1463,1523,1539,1442,1457,1409,1478,1525,1489,1545,1607,1643,1611,1493,1518,1539,1452,1588,1562,1650,1524,1442,1517,1418,1498,1341,1379,1457,1525,1520,1455,1597
CATGT,1561,1552,1522,1662,1686,1722,1791,1643,1697,1558,1659,1633,1664,1826,1590,1661,1509,1468,1528,1608,1557,1614,1626,1575,1452,1563,1577,1542,1596,1539,1518,1585,1597,1614,1580,1596,1633,1529,1632,1638,1624,1601,1622,1594,1589,1589,1610,1703,1557,1856,1592,1548,1619,1612,1603,1553,1529,1452,1522,1461,1617,1608,1511,1576,1646,1566,1598
CATTA,4242,4232,4189,4404,4553,4641,4856,4392,4614,4380,4400,4589,4471,5106,4450,4448,4247,4036,4197,4472,4399,4370,4489,4050,4032,4244,4233,4192,4478,4232,4316,4200,4224,4345,4334,4539,4262,4361,4453,4449,4569,4470,4341,4368,4213,4492,4351,4593,4457,5166,4392,4230,4452,4576,4396,4235,4169,3984,4229,4100,4392,4271,4231,4426,4260,4321,4412
CATTC,1942,1998,2055,2079,2118,2126,2215,2004,2131,2002,2049,2191,2107,2431,2096,2082,1968,1905,1993,2196,2064,2053,2080,1830,1911,2145,1992,1952,2059,1905,1942,1979,1928,2018,2055,2166,1973,2057,2065,2040,2185,2120,1959,2057,1984,2085,2073,2156,2063,2365,2036,2032,2145,2058,2057,1956,1945,1820,1987,1954,2108,2026,1983,2057,1942,2068,2073
CATTG,2873,2949,2851,2881,3073,3073,3238,2932,3030,2957,2945,3003,2979,3308,3035,2962,2837,2815,2844,3048,3063,2916,2887,2812,2772,2907,2788,2802,3002,2934,2962,2956,2983,2853,2797,2907,2839,2921,2909,2899,3005,2908,2752,2977,2922,2941,2957,3120,2860,3233,2977,2912,2997,2968,3050,2879,2727,2789,2771,2787,2873,2843,2835,3037,2896,2897,2968
CATTT,4303,4429,4460,4609,4586,4930,4990,4569,4791,4494,4547,4672,4747,5390,4569,4634,4311,4172,4345,4870,4526,4561,4571,4257,4237,4416,4356,4320,4596,4280,4481,4396,4464,4547,4548,4679,4487,4410,4604,4680,4654,4655,4455,4497,4524,4511,4476,4791,4509,5508,4489,4438,4593,4535,4733,4467,4392,4133,4338,4200,4563,4470,4302,4648,4397,4544,4453
CCAAA,3636,3668,3723,3696,3862,3759,4001,3614,3804,3665,3692,3968,3639,4289,3690,3640,3426,3361,3671,3802,3620,3656,3610,3315,3513,3616,3599,3417,3776,3474,3566,3489,3563,3528,3533,3846,3460,3648,3736,3652,3906,3736,3491,3788,3596,3712,3670,3786,3762,4138,3614,3596,3729,3718,3679,3435,3567,3378,3600,3470,3672,3651,3566,3772,3597,3625,3714
CCAAC,1979,2080,1971,2093,2190,2114,2241,2179,2210,2052,2148,2224,2149,2413,2102,2077,1987,1891,1976,2150,2054,2079,2063,1889,2007,2024,2002,2004,2167,1993,2029,1981,2021,2043,2015,2144,2009,2010,2076,2043,2158,2105,2039,2039,2065,2086,2134,2049,2200,2336,1985,2023,2011,2024,2089,2020,2004,1928,2031,1936,2120,2040,2080,2093,2041,2039,2016
CCAAG,2210,2197,2225,2208,2284,2222,2436,2205,2281,2203,2257,2209,2267,2444,2211,2243,2173,2140,2045,2232,2145,2200,2186,2013,2122,2063,2112,2120,2238,2225,2120,2116,2140,2141,2119,2200,2131,2125,2201,2188,2195,2141,2180,2120,2143,2283,2265,2304,2187,2314,2121,2178,2262,2229,2287,2116,2103,2066,2178,2142,2082,2077,2091,2220,2168,2140,2161
CCAAT,3206,3312,3291,3358,3451,3518,3654,3438,3580,3379,3404,3496,3525,3843,3395,3509,3203,3120,3362,3540,3265,3345,3385,3146,3177,3237,3277,3298,3461,3204,3262,3171,3248,3335,3295,3393,3295,3399,3306,3392,3420,3417,3370,3343,3367,3361,3313,3441,3367,3857,3318,3176,3287,3433,3433,3217,3282,3073,3298,3217,3424,3291,3271,3426,3247,3328,3383
CCACA,1292,1366,1272,1342,1435,1322,1449,1300,1370,1313,1327,1351,1371,1437,1337,1346,1302,1271,1354,1329,1298,1316,1336,1253,1285,1274,1253,1303,1370,1311,1295,1265,1290,1292,1261,1335,1284,1343,1310,1351,1353,1341,1259,1319,1339,1359,1370,1348,1327,1427,1295,1297,1379,1368,1278,1293,1241,1295,1281,1234,1271,1246,1312,1335,1232,1305,1396
CCACC,1194,1318,1215,1269,1362,1421,1438,1332,1437,1241,1241,1377,1407,1594,1326,1301,1146,1063,1265,1444,1288,1256,1255,1206,1278,1342,1410,1296,1376,1175,1289,1243,1307,1316,1266,1422,1283,1298,1387,1283,1446,1333,1201,1321,1296,1251,1362,1244,1339,1595,1219,1240,1236,1245,1192,1196,1285,1140,1337,1155,1532,1321,1357,1351,1242,1321,1211
CCACG,838,857,806,869,883,977,917,946,937,863,880,912,942,1016,890,912,758,754,852,880,822,887,816,873,792,899,903,855,869,776,806,869,858,844,821,930,861,858,892,881,878,931,883,909,848,851,928,864,863,967,837,855,870,842,835,854,849,767,835,821,941,871,824,851,816,926,864
CCACT,1265,1317,1289,1399,1389,1365,1415,1345,1390,1345,1352,1416,1369,1527,1395,1358,1296,1207,1301,1433,1373,1325,1350,1184,1227,1284,1307,1285,1358,1214,1218,1259,1267,1287,1316,1367,1242,1287,1337,1367,1380,1371,1259,1349,1288,1301,1399,1313,1333,1559,1282,1310,1372,1322,1278,1216,1279,1208,1309,1232,1364,1302,1359,1375,1266,1357,1312
CCAGA,1772,1766,1855,1750,1859,1824,1910,1870,1788,1880,1806,1843,1823,1925,1897,1848,1735,1869,1702,1764,1695,1717,1776,1713,1747,1679,1626,1752,1806,1827,1724,1832,1775,1769,1698,1721,1680,1749,1759,1759,1778,1700,1736,1780,1851,1808,1846,1934,1708,1806,1782,1715,1858,1742,1949,1723,1698,1784,1728,1734,1588,1686,1747,1877,1765,1736,1813
CCAGC,1941,1917,1870,1925,2028,2068,2152,2028,2059,1955,1894,2038,2029,2165,1977,2022,1796,1709,1844,2028,1865,1927,1934,1808,1867,1900,1918,1867,1928,1779,1847,1929,1936,1961,1881,1943,1959,1906,2005,1918,2011,1972,1927,2005,1911,1929,2086,1985,1939,2146,1909,1889,1960,1912,1905,1912,1860,1815,1916,1806,2044,1964,1937,1886,1894,2008,1911
CCAGG,919,889,853,852,935,929,966,919,911,920,880,872,915,851,860,900,880,898,867,868,828,935,925,868,862,845,783,857,850,859,856,890,914,861,874,842,925,873,840,863,855,849,900,909,882,895,946,859,875,960,930,858,902,869,938,864,850,867,815,798,859,848,849,902,896,910,920
CCAGT,1867,1844,1771,1905,1934,1970,2083,1879,1996,1820,1888,1929,1914,2144,1864,1806,1769,1752,1850,1905,1906,1866,1839,1777,1735,1902,1852,1848,1946,1757,1815,1834,1957,1876,1792,1886,1869,1824,1923,1887,1948,1821,1810,1859,1850,1856,1846,1942,1855,2182,1820,1801,1879,1873,1897,1772,1771,1720,1804,1809,1960,1834,1820,1893,1879,1838,1880
CCATA,1787,1967,1910,1888,2058,2105,2094,2012,2156,1985,1923,2082,2083,2445,2026,1987,1796,1618,1945,2123,1971,1966,1984,1778,1819,1989,1864,1890,2043,1802,1871,1814,1860,1906,1945,2050,1805,1907,1948,2021,2090,1995,1826,2031,1867,1895,1910,1920,1927,2421,1840,1876,1887,1992,1920,1912,1882,1741,1909,1819,2054,1963,1925,1900,1845,2003,1929
CCATC,1808,1967,1807,2008,2133,2110,2074,1943,2076,1855,1913,2092,2040,2404,1989,1997,1760,1652,1967,2195,2017,1963,1945,1876,1846,2053,2020,1925,2036,1815,1963,1836,1834,1861,1985,2138,1847,1927,2036,2044,2132,2065,1846,2017,1872,1946,1991,1907,2003,2383,1887,1954,1961,1978,1877,1861,1876,1705,1963,1786,2209,2020,1975,2032,1855,1963,1960
CCATG,1460,1466,1434,1539,1583,1545,1588,1505,1556,1501,1495,1519,1529,1671,1532,1487,1326,1316,1478,1502,1455,1489,1485,1442,1372,1477,1526,1485,1582,1401,1450,1458,1462,1530,1457,1548,1481,1459,1571,1559,1610,1546,1491,1525,1493,1482,1545,1506,1507,1716,1402,1467,1493,1461,1511,1433,1458,1375,1476,1392,1555,1544,1432,1481,1479,1508,1427
CCATT,3207,3337,3269,3324,3489,3704,3669,3421,3548,3273,3337,3517,3493,4012,3486,3516,3136,3070,3275,3609,3425,3346,3397,3137,3110,3508,3320,3296,3457,3170,3327,3351,3316,3377,3366,3476,3289,3349,3393,3409,3525,3470,3217,3389,3286,3388,3349,3483,3403,4077,3330,3306,3374,3423,3356,3275,3223,2999,3313,3157,3500,3319,3265,3444,3225,3391,3340
CCCAA,1518,1532,1571,1581,1653,1640,1706,1592,1692,1513,1624,1659,1629,1810,1561,1605,1453,1425,1534,1626,1519,1567,1609,1377,1476,1579,1569,1506,1622,1452,1517,1463,1522,1547,1538,1621,1540,1519,1595,1593,1687,1559,1488,1582,1539,1609,1570,1570,1650,1768,1489,1494,1509,1579,1500,1464,1524,1376,1597,1504,1634,1565,1551,1590,1537,1562,1548
CCCAC,613,630,640,639,643,679,676,661,670,644,614,692,661,731,607,661,597,556,635,676,626,679,662,550,644,600,654,608,661,535,609,555,624,613,592,691,575,588,679,670,681,657,611,646,638,631,714,625,624,737,561,637,627,647,605,553,623,609,639,563,673,636,664,617,603,670,612
CCCAG,911,898,880,889,954,972,965,900,935,898,901,953,918,1023,914,894,852,905,856,904,858,907,886,849,843,873,873,885,926,850,864,926,934,886,859,937,909,873,940,885,939,867,890,923,930,875,931,914,897,954,929,885,931,901,935,876,866,846,835,842,918,882,862,920,941,897,890
CCCAT,1150,1266,1222,1230,1376,1372,1399,1327,1367,1258,1272,1348,1353,1564,1353,1310,1147,1128,1274,1397,1265,1293,1293,1137,1162,1274,1284,1264,1294,1145,1277,1208,1212,1221,1285,1336,1212,1256,1307,1338,1443,1322,1217,1315,1286,1199,1305,1243,1285,1565,1226,1205,1238,1271,1204,1155,1231,1117,1242,1151,1365,1292,1267,1299,1234,1307,1246
CCCCA,744,791,812,789,873,813,828,791,818,761,785,840,811,949,821,806,715,690,789,841,785,806,817,666,750,780,785,781,804,691,725,720,731,779,773,842,708,759,819,828,900,800,694,835,773,772,828,765,815,926,746,761,811,798,748,693,762,685,798,720,824,798,831,790,764,822,785
CCCCC,160,151,154,153,192,191,192,162,173,156,180,190,186,222,173,177,152,133,166,191,194,204,180,157,155,203,180,187,182,134,168,181,200,193,178,209,180,159,201,195,213,195,169,176,179,168,214,175,174,212,161,175,181,167,170,138,190,130,169,137,204,193,180,173,221,195,166
CCCCG,254,202,231,212,233,245,240,205,216,206,237,243,210,276,221,213,196,192,247,230,216,262,204,205,219,223,228,220,239,186,216,214,247,241,214,253,233,236,260,252,274,241,196,249,245,247,318,226,242,239,226,202,232,208,226,189,233,218,210,201,248,235,230,235,235,243,235
CCCCT,334,369,345,369,379,374,404,361,368,351,354,390,387,472,372,354,343,309,355,414,376,380,363,306,315,323,359,356,358,296,355,335,354,366,346,402,352,373,380,370,382,401,348,352,391,342,418,336,350,453,351,358,335,362,342,305,345,300,342,327,379,379,329,362,374,356,345
CCCGA,425,382,390,388,423,407,425,377,379,396,400,392,386,449,388,414,398,358,395,394,395,404,379,352,366,356,385,373,394,382,406,383,399,387,377,401,395,426,401,384,429,376,354,405,404,412,484,364,409,412,388,378,403,391,413,335,384,369,390,371,391,369,392,416,399,357,389
CCCGC,438,415,394,380,439,422,439,398,436,391,400,448,401,480,394,366,341,303,411,401,401,442,393,380,396,415,395,407,433,342,380,395,401,425,391,439,384,426,415,413,463,442,379,418,372,409,510,371,425,440,379,428,399,364,378,381,423,382,371,362,455,424,421,386,393,431,397
CCCGG,234,189,200,173,205,190,201,180,200,197,199,222,189,217,187,181,196,184,192,207,200,221,220,192,196,197,210,210,203,199,200,199,209,196,191,226,210,211,215,211,206,199,179,191,220,204,275,204,192,222,190,226,205,207,196,197,206,204,184,198,217,205,201,203,207,200,185
CCCGT,434,427,408,409,485,500,481,443,454,448,418,473,472,543,448,421,415,408,434,464,426,492,439,426,444,435,413,440,485,411,425,449,464,484,452,497,431,460,503,472,486,498,458,481,444,487,545,476,509,453,455,415,457,444,468,417,433,401,421,393,449,454,436,473,447,471,426
CCCTA,577,570,571,614,616,563,638,554,571,596,615,623,570,694,612,621,551,523,590,596,573,556,556,503,533,534,606,560,612,556,548,521,529,563,554,606,591,609,563,612,625,595,550,556,575,610,606,633,587,629,562,527,603,622,612,535,547,551,547,577,565,529,534,577,592,559,597
CCCTC,366,353,314,337,370,378,377,353,374,345,340,355,369,436,333,357,302,274,360,369,305,364,338,329,333,358,382,369,370,284,344,316,337,365,355,403,351,355,373,373,384,373,325,347,345,347,418,347,357,420,319,309,331,333,334,324,343,304,350,330,416,366,368,327,309,337,342
CCCTG,535,530,531,548,567,571,591,567,579,578,574,593,580,654,540,534,519,505,519,570,572,587,578,500,533,551,525,539,579,508,520,519,529,548,549,612,537,550,572,555,555,581,539,509,531,561,627,564,560,638,509,569,554,546,543,513,536,514,551,523,562,560,517,544,531,575,534
CCCTT,978,1088,1008,1189,1175,1169,1224,1045,1180,956,1066,1157,1156,1397,1082,1130,995,819,1134,1263,1107,1115,1131,1048,1016,1147,1169,1069,1152,960,1111,983,1067,1087,1125,1172,1073,1135,1189,1085,1174,1153,1046,1142,1096,1085,1157,1060,1193,1340,1065,1101,1042,1125,1004,1024,1125,948,1115,925,1280,1200,1128,1100,1030,1093,1067
CCGAA,937,880,862,883,946,895,990,906,904,920,906,916,892,948,879,907,923,869,856,866,926,912,895,855,863,809,874,854,925,926,897,905,893,875,865,894,925,922,901,891,928,901,892,889,904,944,988,951,917,902,862,878,895,864,995,862,834,878,848,878,852,843,875,917,917,886,910
CCGAC,576,520,539,503,574,530,587,507,560,524,526,534,549,601,541,521,483,468,511,481,468,508,492,489,489,506,501,486,523,538,499,535,478,517,503,546,510,530,530,500,555,538,512,531,550,558,637,553,513,531,507,481,553,532,524,512,490,484,509,512,468,490,536,522,486,535,522
CCGAG,347,298,326,314,346,327,353,331,307,331,350,315,336,340,339,332,318,337,289,323,298,316,301,312,288,273,308,304,322,313,279,314,315,323,276,312,318,321,320,317,304,314,303,288,334,338,417,310,319,331,307,288,328,306,350,283,300,272,293,302,287,285,295,289,321,278,303
CCGAT,1249,1159,1149,1171,1240,1255,1279,1224,1143,1166,1219,1153,1185,1277,1212,1245,1125,1135,1181,1178,1152,1165,1175,1144,1168,1174,1112,1127,1217,1178,1147,1216,1241,1196,1116,1129,1241,1186,1172,1137,1217,1142,1148,1211,1214,1176,1294,1158,1200,1203,1171,1086,1202,1205,1255,1131,1156,1150,1138,1136,1127,1111,1150,1172,1171,1173,1198
CCGCA,1081,1081,1087,1064,1093,1036,1162,1054,1111,1026,1101,1075,1108,1149,1094,1040,957,969,1063,1035,1003,1096,1071,921,994,985,1005,1019,1111,939,1028,997,1048,1082,1030,1116,1034,1121,1079,1128,1125,1159,1058,1050,1044,1141,1199,1124,1088,1114,1006,1030,1066,1036,1067,981,1052,993,1006,978,1064,995,985,1035,1060,1049,1065
CCGCC,668,634,626,624,697,720,682,671,725,622,644,707,691,810,676,624,547,561,610,733,617,680,585,624,608,697,667,694,680,573,591,648,685,672,630,693,613,638,728,732,739,662,623,696,695,646,835,596,683,697,624,644,629,611,623,612,667,564,626,583,738,690,648,634,636,677,624
CCGCG,586,473,489,444,495,459,442,452,466,444,472,470,429,465,473,458,424,426,440,476,440,513,454,472,435,434,469,472,463,440,415,453,456,466,477,475,456,470,465,478,476,488,477,454,475,479,654,455,453,479,437,488,467,462,457,444,466,434,457,451,495,467,451,461,464,488,443
CCGCT,972,917,924,910,952,914,960,894,905,947,941,964,917,995,917,904,890,859,920,962,913,970,896,889,859,845,889,904,981,877,884,880,906,911,872,978,907,970,949,907,951,945,900,963,898,920,1046,930,937,962,889,917,924,926,966,871,904,890,849,843,899,937,884,953,913,941,899
CCGGA,522,496,489,455,526,460,501,485,500,475,506,493,470,484,478,479,482,485,458,471,474,525,496,481,480,474,443,470,501,486,467,494,503,486,478,499,509,498,498,505,479,492,508,462,505,507,543,493,507,482,478,506,488,501,477,493,481,475,495,478,493,494,466,480,497,467,494
CCGGC,589,515,569,529,605,555,572,540,559,556,552,582,551,588,562,516,509,504,548,554,528,579,516,505,508,530,551,527,566,486,533,525,547,522,515,575,540,555,566,560,581,601,514,559,593,566,747,544,523,579,520,524,571,570,528,505,540,505,536,527,570,540,548,544,553,560,563
CCGGG,250,205,206,229,227,210,233,215,196,199,196,173,206,216,214,215,208,218,206,200,212,212,222,220,193,195,181,199,214,206,197,210,198,207,207,188,205,196,197,206,206,223,233,221,217,223,282,237,221,237,204,189,212,218,218,201,186,186,211,197,185,190,200,221,205,204,221
CCGGT,770,703,691,699,788,785,760,764,746,772,747,752,776,779,764,763,731,711,720,718,728,749,753,765,732,724,739,749,746,778,717,744,726,755,705,717,728,723,720,722,715,691,727,741,734,756,808,732,727,740,754,751,749,718,768,733,717,748,683,720,695,702,721,776,720,757,744
CCGTA,758,769,752,787,863,884,888,809,845,813,821,893,823,914,817,806,754,748,800,820,791,798,801,824,802,788,780,781,822,795,758,797,816,802,773,835,770,804,871,825,894,792,778,843,827,838,861,845,818,885,823,739,787,800,882,756,789,760,766,740,816,808,788,814,820,818,776
CCGTC,654,594,593,550,680,700,720,668,624,636,620,671,659,744,650,651,565,558,576,624,649,709,621,618,600,626,657,624,639,557,600,663,640,663,614,654,639,637,678,665,681,681,647,622,640,655,760,659,639,704,588,593,655,641,642,594,642,588,620,608,669,670,655,637,642,659,623
CCGTG,688,657,687,645,736,718,726,711,696,731,708,710,735,728,694,694,688,690,669,679,681,721,704,656,656,645,612,711,679,673,639,687,699,716,656,681,694,660,669,697,696,665,722,660,728,703,778,721,687,711,670,657,689,695,713,658,679,685,632,661,639,640,662,679,698,687,691
CCGTT,1253,1263,1292,1334,1375,1341,1392,1359,1318,1402,1290,1310,1377,1454,1393,1366,1275,1243,1233,1356,1330,1360,1314,1265,1228,1259,1208,1255,1381,1250,1303,1318,1332,1358,1306,1297,1321,1344,1346,1319,1269,1377,1319,1319,1365,1353,1338,1424,1303,1432,1346,1290,1285,1366,1413,1269,1271,1233,1213,1226,1242,1268,1195,1326,1349,1342,1302
CCTAA,2189,2129,2189,2291,2255,2225,2542,2264,2274,2281,2255,2331,2258,2560,2199,2203,2140,2145,2137,2198,2187,2175,2153,2065,2106,2108,2096,2109,2226,2154,2100,2189,2153,2207,2170,2220,2158,2195,2204,2200,2279,2185,2162,2244,2186,2246,2237,2334,2245,2505,2211,2178,2283,2227,2309,2105,2115,2075,2108,2037,2131,2123,2147,2191,2202,2180,2178
CCTAC,698,784,776,803,861,771,843,785,838,807,851,866,804,968,800,808,762,714,767,857,788,814,783,731,728,743,752,766,818,754,766,736,711,730,771,837,727,813,790,772,813,825,781,766,742,804,837,850,806,950,767,771,790,777,801,742,753,711,759,689,793,787,736,782,747,805,804
CCTAG,669,613,692,680,682,664,786,700,725,681,685,700,730,773,705,690,658,625,627,682,657,681,650,639,642,653,677,642,677,646,626,654,679,683,666,693,705,691,720,697,668,687,665,657,635,695,716,732,641,709,674,663,734,639,735,648,682,599,649,642,651,679,644,685,675,680,674
CCTAT,773,756,785,850,844,802,913,842,792,869,873,864,809,937,869,870,762,752,761,800,787,767,812,739,726,716,734,726,831,807,771,778,778,795,755,790,839,833,727,781,774,817,800,744,786,809,836,895,789,915,806,737,815,875,859,775,766,742,753,725,743,764,719,798,779,757,815
CCTCA,879,873,864,889,939,1000,1004,921,982,916,901,991,939,1091,887,926,873,800,928,948,923,933,872,855,885,937,877,887,941,840,885,874,907,913,864,969,872,903,906,913,913,936,836,927,854,935,938,925,892,1010,895,870,909,900,924,862,922,827,857,863,933,937,890,935,843,902,927
CCTCC,403,407,353,394,446,443,472,457,443,459,408,451,480,570,460,467,342,351,419,453,373,410,397,396,371,424,436,406,430,352,402,408,387,412,400,393,420,414,414,388,424,416,387,425,418,347,454,413,413,508,404,365,388,396,405,382,397,356,393,365,443,433,430,410,394,456,404
CCTCG,407,345,332,331,366,385,368,359,392,345,338,363,395,379,333,347,348,296,344,371,329,377,340,330,326,348,321,356,343,300,328,318,323,326,349,361,317,321,349,349,338,341,318,343,356,326,481,353,330,384,338,334,375,343,321,327,314,322,318,332,350,336,362,357,321,359,352
CCTCT,647,687,652,671,694,758,767,705,731,656,666,710,741,856,687,770,607,569,694,754,669,695,714,640,654,716,729,726,718,593,672,641,700,675,685,815,697,704,734,691,752,702,652,692,710,673,777,735,702,854,643,676,656,691,655,631,716,607,662,626,778,682,717,702,663,696,671
CCTGA,1630,1698,1649,1726,1687,1671,1776,1717,1684,1701,1702,1653,1672,1789,1673,1698,1623,1518,1575,1655,1665,1607,1663,1529,1590,1553,1631,1601,1685,1611,1604,1575,1588,1652,1615,1690,1626,1650,1665,1601,1624,1623,1614,1592,1622,1661,1714,1662,1680,1830,1608,1627,1661,1685,1701,1620,1521,1593,1662,1619,1638,1639,1589,1702,1570,1610,1598
CCTGC,1126,1153,1094,1185,1227,1257,1208,1150,1233,1135,1135,1219,1223,1384,1146,1193,1108,992,1170,1289,1222,1192,1212,1112,1118,1211,1182,1154,1206,1062,1129,1124,1135,1158,1188,1258,1139,1147,1229,1198,1216,1220,1162,1208,1149,1149,1281,1197,1175,1364,1142,1155,1083,1179,1152,1126,1143,1028,1155,1072,1292,1211,1185,1170,1106,1209,1146
CCTGG,868,817,884,911,872,848,813,861,867,858,897,906,862,929,922,887,873,838,818,898,923,831,806,813,811,831,888,831,910,873,846,845,815,871,827,896,811,857,881,858,866,882,820,810,854,895,941,859,848,890,806,893,932,910,901,855,825,807,861,879,831,843,825,911,842,815,845
CCTGT,919,904,925,922,947,1054,1027,969,1027,974,934,1028,1018,1149,932,1011,847,823,844,976,941,960,983,870,899,884,898,909,934,823,921,908,957,917,938,1017,920,893,1001,963,974,1020,945,978,930,954,1035,1016,963,1149,919,921,937,952,972,861,921,857,903,838,958,968,888,953,944,1005,885
CCTTA,2093,2320,2135,2345,2372,2384,2487,2242,2441,2137,2304,2340,2345,2712,2307,2326,2112,1957,2250,2455,2275,2285,2254,2097,2127,2302,2382,2166,2349,2059,2219,2128,2194,2218,2247,2439,2219,2276,2361,2325,2342,2381,2274,2251,2140,2284,2266,2368,2320,2669,2235,2268,2243,2336,2204,2158,2153,1975,2276,2109,2485,2417,2229,2331,2174,2262,2229
CCTTC,1528,1635,1514,1605,1693,1737,1761,1588,1725,1433,1610,1654,1686,2015,1620,1648,1424,1261,1662,1752,1623,1616,1578,1536,1504,1671,1670,1569,1710,1465,1596,1528,1644,1543,1601,1746,1559,1650,1730,1600,1712,1687,1471,1674,1596,1589,1761,1592,1642,1906,1571,1543,1567,1661,1501,1567,1621,1363,1587,1427,1822,1700,1650,1583,1565,1672,1560
CCTTG,1749,1751,1695,1773,1929,2051,2025,1880,1933,1788,1860,1893,1926,2159,1830,1927,1708,1573,1769,1902,1833,1836,1840,1759,1721,1880,1833,1787,1881,1677,1814,1813,1862,1813,1813,1872,1776,1792,1882,1882,1927,1869,1725,1890,1809,1729,1901,1821,1899,2107,1792,1810,1776,1817,1798,1805,1758,1664,1799,1695,1974,1872,1836,1891,1778,1834,1834
CCTTT,2616,2833,2716,2836,2957,3146,3248,3002,3064,2886,2929,2908,3106,3492,2974,3008,2574,2427,2779,3115,2826,2913,2929,2718,2675,2916,2861,2790,2916,2582,2804,2710,2868,2840,2918,3075,2856,2853,3071,2975,2958,3029,2843,2963,2828,2831,2956,3031,2931,3497,2758,2766,2857,2840,2883,2789,2806,2509,2865,2603,3117,2981,2819,2819,2821,2932,2795
CGAAA,1593,1561,1574,1564,1589,1521,1714,1565,1574,1571,1588,1530,1535,1608,1578,1564,1581,1600,1414,1424,1529,1509,1527,1350,1486,1328,1390,1406,1593,1569,1452,1548,1517,1516,1453,1489,1533,1557,1480,1481,1468,1517,1542,1489,1554,1647,1636,1628,1528,1521,1556,1598,1589,1577,1663,1492,1386,1473,1438,1483,1340,1391,1456,1546,1509,1421,1516
CGAAC,697,726,677,766,767,749,757,711,730,732,693,748,693,774,720,725,644,633,738,743,680,753,697,707,692,716,707,699,716,668,694,708,695,716,712,732,709,723,720,703,710,743,698,741,711,728,759,715,720,774,711,650,718,729,713,671,690,639,722,678,770,744,729,664,706,723,719
CGAAG,1169,1064,1072,1105,1168,1067,1176,1117,1060,1153,1111,1107,1138,1130,1097,1138,1148,1199,1043,1084,1102,1172,1075,1091,1070,984,993,1048,1128,1155,1095,1087,1094,1106,1047,1032,1162,1106,1066,1062,1074,1034,1138,1085,1169,1156,1227,1143,1079,1096,1073,1066,1148,1121,1218,1070,1046,1126,1034,1068,996,976,1041,1162,1115,1092,1149
CGAAT,1537,1487,1508,1525,1589,1582,1697,1619,1625,1574,1529,1596,1586,1697,1573,1579,1534,1455,1439,1454,1523,1518,1533,1446,1491,1483,1482,1480,1535,1523,1495,1581,1526,1478,1508,1540,1573,1523,1552,1557,1534,1534,1559,1512,1536,1583,1563,1548,1593,1636,1544,1486,1555,1505,1642,1490,1465,1456,1472,1453,1506,1515,1480,1483,1578,1455,1538
CGACA,900,869,911,895,911,877,978,883,910,890,932,937,862,980,896,880,898,912,833,839,902,893,846,805,833,819,846,833,861,845,830,897,864,855,837,898,891,880,877,863,891,894,904,858,907,917,954,936,881,961,867,897,903,893,885,834,844,834,846,860,842,847,857,901,892,871,903
CGACC,718,687,643,702,729,689,694,683,681,688,693,721,686,770,719,659,579,567,693,750,655,698,624,642,622,666,672,660,729,649,660,645,647,643,622,709,659,725,663,652,714,710,627,688,673,716,795,647,690,767,649,636,623,707,657,632,683,599,684,633,740,689,667,659,652,686,657
CGACG,562,473,473,476,505,458,464,451,473,489,456,437,490,489,493,449,438,415,490,465,397,486,417,461,447,441,428,443,434,422,467,455,451,462,432,458,455,511,440,440,444,465,424,480,503,477,721,428,436,445,450,396,468,481,459,448,413,448,460,468,457,410,511,432,408,457,475
CGACT,1031,970,972,925,1013,1031,1078,1023,981,995,998,989,995,1037,1029,975,951,954,898,991,954,987,998,971,920,928,956,940,979,982,928,967,995,982,905,1019,998,980,962,941,999,969,966,978,975,1020,1074,1059,967,1018,955,959,1020,1028,1018,968,931,945,954,930,911,971,943,1021,974,1000,978
CGAGA,643,583,587,588,606,588,671,606,572,561,598,558,571,565,618,595,587,625,549,571,545,575,555,545,531,505,564,523,595,605,521,580,594,561,547,519,637,560,599,560,587,547,571,596,617,597,701,629,582,597,590,527,622,587,633,571,508,522,543,550,503,517,550,606,578,557,581
CGAGC,645,608,631,655,691,616,629,607,639,628,679,667,616,701,669,646,585,543,595,624,613,644,580,610,578,589,601,614,632,590,605,562,579,623,604,608,562,609,564,628,624,655,552,600,633,637,754,594,610,672,605,555,597,634,643,584,604,565,597,569,621,581,596,577,599,546,620
CGAGG,445,328,353,341,394,333,382,359,325,372,378,354,332,370,399,356,335,377,299,315,347,375,337,370,315,299,321,316,349,364,326,360,348,349,304,320,366,351,326,330,337,348,357,332,373,383,476,358,353,334,336,333,362,367,388,325,333,321,331,318,321,313,300,327,369,312,330
CGAGT,621,608,602,624,643,653,687,614,631,628,688,625,619,635,634,641,631,612,616,588,632,606,588,612,602,585,594,568,612,632,621,660,638,598,622,590,629,638,608,618,618,614,596,609,644,638,657,651,625,655,642,604,647,607,679,601,560,604,578,611,591,558,584,655,648,596,682
CGATA,1644,1654,1619,1680,1712,1832,1914,1704,1787,1625,1683,1695,1728,1904,1771,1710,1522,1559,1684,1762,1667,1660,1641,1576,1605,1638,1619,1616,1679,1599,1578,1700,1714,1672,1645,1654,1669,1680,1729,1667,1778,1604,1571,1734,1691,1713,1710,1759,1731,1825,1688,1645,1695,1688,1718,1607,1603,1558,1630,1582,1674,1682,1588,1727,1632,1682,1685
CGATC,1316,1232,1236,1262,1339,1255,1356,1244,1293,1241,1315,1306,1281,1415,1255,1224,1206,1116,1273,1336,1254,1305,1267,1221,1222,1233,1243,1239,1304,1222,1210,1204,1250,1245,1273,1300,1247,1252,1266,1295,1290,1320,1173,1249,1274,1248,1349,1267,1245,1372,1246,1211,1259,1241,1285,1192,1254,1211,1259,1193,1333,1234,1213,1232,1256,1295,1269
CGATG,1487,1358,1445,1449,1468,1338,1487,1443,1338,1499,1500,1409,1432,1369,1431,1463,1459,1508,1309,1350,1336,1432,1436,1403,1351,1242,1222,1302,1397,1506,1370,1395,1376,1333,1341,1327,1452,1417,1330,1314,1303,1313,1422,1379,1465,1431,1518,1480,1396,1377,1383,1372,1481,1434,1562,1430,1343,1433,1272,1352,1156,1226,1300,1453,1436,1324,1459
CGATT,2190,2061,2109,2158,2209,2227,2339,2307,2178,2237,2257,2159,2226,2282,2223,2284,2173,2188,2038,2079,2076,2047,2179,2130,2051,2113,2051,2022,2129,2145,2074,2221,2215,2191,2113,2115,2204,2124,2138,2096,2093,2164,2206,2211,2138,2175,2284,2299,2147,2277,2198,2082,2248,2192,2391,2148,2063,2074,2028,2070,1965,2060,2082,2164,2181,2138,2183
CGCAA,1922,1828,1853,1855,1943,1769,1986,1784,1929,1862,1914,1877,1851,1973,1834,1806,1764,1750,1785,1690,1784,1854,1739,1633,1753,1699,1712,1710,1853,1729,1773,1804,1769,1724,1765,1864,1794,1886,1772,1838,1883,1884,1776,1771,1797,1965,1896,1921,1847,1893,1794,1785,1883,1816,1915,1760,1738,1722,1766,1726,1743,1702,1708,1792,1806,1739,1909
CGCAC,526,517,501,510,561,521,595,499,586,519,508,544,530,579,552,540,494,463,540,512,534,559,515,454,484,489,492,493,531,470,494,497,509,501,461,529,528,547,516,496,530,492,514,498,541,519,597,494,522,551,510,497,498,503,526,476,514,490,502,478,492,508,491,489,486,508,521
CGCAG,765,669,702,677,751,664,775,677,688,716,696,689,667,690,718,690,645,657,670,633,683,706,665,686,683,650,655,696,691,715,676,676,685,680,647,699,662,692,672,662,695,677,669,695,704,777,822,719,694,711,665,691,734,694,776,682,657,688,675,652,633,644,680,673,695,648,705
CGCAT,998,1078,1012,1041,1127,1041,1111,1016,1065,1024,1043,1018,1087,1167,1102,979,953,929,1005,1088,977,1029,1012,957,975,1011,985,986,1064,969,1017,982,993,1021,996,1052,985,1044,1039,1088,1064,1113,1017,1045,979,1063,1132,1040,1080,1100,991,981,1054,1020,977,1000,996,945,1025,964,1081,1014,989,1062,1000,1016,1023
CGCCA,1361,1407,1333,1272,1431,1467,1506,1403,1532,1340,1384,1463,1435,1557,1376,1365,1235,1173,1332,1479,1324,1420,1273,1306,1265,1426,1403,1398,1378,1248,1277,1385,1405,1334,1359,1477,1350,1356,1444,1422,1472,1418,1325,1424,1379,1333,1506,1334,1412,1485,1310,1367,1315,1317,1331,1346,1336,1275,1380,1281,1480,1437,1376,1302,1343,1434,1336
CGCCC,446,388,363,404,444,432,447,430,412,394,425,451,425,487,418,414,367,347,384,422,386,433,410,397,379,438,420,428,437,350,378,400,435,424,376,436,426,403,445,446,445,423,409,412,424,408,571,411,419,488,373,406,401,417,374,379,430,360,393,355,459,408,422,409,436,422,391
CGCCG,690,566,555,533,605,556,539,528,564,534,554,539,569,578,560,550,457,497,529,562,520,605,505,577,501,555,526,563,548,504,490,518,561,549,538,547,525,537,550,592,560,568,524,567,600,557,861,531,513,526,538,526,581,552,536,518,526,498,504,506,567,536,517,543,533,598,535
CGCCT,800,808,813,786,833,899,866,839,877,800,819,876,857,997,838,836,767,710,823,856,807,838,796,810,811,859,864,855,882,795,794,799,830,871,835,871,767,817,885,877,910,845,791,849,828,834,965,821,852,928,816,790,826,799,820,795,812,779,826,756,902,858,847,825,802,825,796
CGCGA,636,567,579,546,599,533,558,549,573,563,566,548,536,529,584,562,552,535,545,538,540,569,561,561,554,538,560,569,544,564,527,546,535,566,582,560,552,529,536,576,552,558,563,562,605,563,743,567,548,551,528,546,572,591,579,553,531,545,560,570,561,541,571,541,557,553,550
CGCGC,518,397,413,387,445,406,372,366,400,359,394,389,391,427,405,376,370,368,405,408,379,465,380,416,387,409,392,415,434,378,368,386,398,376,383,409,391,418,400,398,407,429,362,393,435,425,664,361,412,401,389,397,420,423,367,386,410,369,396,375,466,387,416,408,386,398,395
CGCGG,576,455,451,451,512,479,493,476,465,486,459,459,501,470,482,479,467,460,470,426,478,481,461,506,468,479,435,477,470,469,479,476,475,464,424,452,476,463,457,455,450,458,449,470,531,477,613,465,476,456,467,436,502,499,480,471,441,469,454,463,447,439,497,455,467,421,469
CGCGT,593,527,530,513,534,582,563,596,550,580,570,585,563,565,557,570,516,529,488,527,529,592,530,554,498,503,517,528,523,512,526,546,543,549,512,532,537,544,544,529,535,551,570,518,537,558,622,536,512,533,535,543,572,520,539,510,529,521,512,520,529,547,511,554,534,530,505
CGCTA,1161,1127,1134,1133,1199,1131,1197,1147,1188,1220,1192,1226,1178,1243,1142,1181,1119,1078,1144,1119,1118,1178,1146,1077,1106,1069,1042,1094,1175,1129,1128,1102,1106,1111,1126,1138,1098,1181,1122,1170,1191,1143,1113,1184,1156,1181,1221,1172,1170,1225,1106,1088,1187,1161,1218,1111,1067,1141,1083,1109,1026,1097,1087,1146,1098,1126,1167
CGCTC,611,594,576,557,611,571,613,573,610,571,529,584,599,666,586,574,534,517,610,580,555,605,568,539,544,573,578,590,633,544,548,538,553,586,555,632,580,600,593,568,578,559,565,596,597,591,732,604,567,627,553,536,586,601,592,543,569,525,551,548,592,567,613,568,559,598,574
CGCTG,931,938,898,927,991,915,909,906,912,980,965,950,863,949,933,880,900,855,851,894,896,951,922,844,829,815,862,874,929,903,885,879,868,894,870,917,881,883,855,945,907,947,910,914,906,924,1042,894,909,926,906,872,923,949,917,864,828,911,871,881,884,896,823,925,884,855,920
CGCTT,1669,1639,1608,1680,1726,1794,1807,1738,1725,1720,1711,1712,1753,1872,1731,1705,1621,1545,1676,1719,1657,1710,1622,1666,1610,1722,1688,1663,1739,1571,1594,1684,1694,1706,1625,1692,1693,1710,1711,1675,1681,1724,1652,1681,1646,1628,1728,1702,1699,1806,1653,1642,1704,1686,1757,1621,1663,1569,1601,1669,1742,1733,1633,1664,1658,1716,1672
CGGAA,966,924,891,941,1019,925,1045,991,967,999,963,951,969,976,1009,955,921,935,868,913,877,925,897,928,947,900,854,868,958,956,897,974,938,944,923,907,976,948,899,917,897,907,934,977,976,954,998,972,984,943,935,925,926,962,1004,998,884,957,906,908,891,893,902,931,896,907,953
CGGAC,421,398,402,370,439,407,415,422,395,409,399,418,371,426,412,402,408,375,368,344,401,411,397,381,392,364,366,384,411,410,393,429,403,386,367,413,395,402,381,359,390,406,407,380,408,441,468,402,410,418,388,385,418,386,413,385,361,393,390,381,388,394,390,377,402,377,403
CGGAG,390,319,314,332,358,354,370,331,353,313,363,324,319,328,315,348,342,324,303,294,353,358,350,333,327,320,327,323,311,347,341,353,356,329,313,327,364,318,339,308,315,304,342,307,345,396,381,374,356,319,347,338,375,354,364,320,314,337,337,340,320,320,314,330,349,310,342
CGGAT,866,830,833,841,876,874,904,873,866,915,865,879,839,908,850,865,829,791,842,804,784,862,874,833,801,811,768,789,869,879,816,850,850,855,837,860,860,860,856,874,834,866,863,849,839,868,933,938,835,905,822,812,849,845,929,846,789,798,827,795,779,807,812,808,876,810,888
CGGCA,1236,1195,1206,1225,1319,1194,1289,1183,1261,1163,1257,1214,1217,1358,1208,1202,1171,1149,1175,1144,1138,1180,1133,1134,1154,1172,1137,1120,1226,1166,1160,1198,1175,1165,1166,1196,1186,1224,1197,1204,1235,1242,1170,1232,1231,1258,1367,1224,1253,1258,1155,1135,1275,1243,1257,1172,1122,1070,1165,1174,1128,1113,1182,1207,1189,1187,1250
CGGCC,536,461,504,465,526,468,449,472,471,466,422,493,482,507,483,457,430,455,457,496,442,518,456,486,480,491,495,513,459,427,463,448,459,440,457,509,448,448,507,487,484,496,449,476,490,500,667,449,469,509,433,468,494,460,443,450,475,462,487,455,541,485,505,510,450,469,444
CGGCG,733,520,550,540,648,556,584,577,539,568,551,565,544,541,568,536,590,540,523,487,538,605,523,583,544,508,514,536,567,566,567,588,542,554,521,559,583,566,545,521,535,564,572,527,639,601,814,542,584,533,512,528,575,595,565,542,522,545,553,550,542,517,591,529,574,490,565
CGGCT,1103,1072,1079,1102,1124,1086,1199,1111,1149,1137,1155,1127,1147,1164,1148,1077,1044,1039,1059,1091,1068,1106,1057,1070,987,1070,1046,1071,1139,1044,1038,1057,1124,1069,1026,1129,1078,1069,1101,1130,1085,1111,1092,1095,1122,1106,1217,1136,1083,1132,1045,1076,1119,1111,1118,1046,1038,1018,1032,1051,1082,1059,1028,1097,1100,1068,1087
CGGGA,503,427,452,517,468,434,475,463,449,440,487,429,443,427,478,500,466,480,456,454,467,445,468,460,423,436,423,426,467,489,446,473,474,467,458,431,505,431,458,487,445,455,490,459,530,474,563,501,477,513,446,472,498,472,504,472,430,458,452,432,415,412,401,465,487,461,461
CGGGC,423,363,406,366,407,335,375,357,362,365,372,337,356,350,371,368,327,365,336,319,325,360,327,368,327,350,345,348,355,369,334,377,361,350,352,377,370,359,370,378,355,385,376,362,401,406,495,409,343,342,325,320,351,359,413,348,327,321,345,357,332,327,352,341,385,337,384
CGGGG,273,247,230,246,273,225,251,265,253,264,232,227,260,215,260,255,236,238,200,207,226,214,240,254,222,227,214,241,244,278,222,266,229,239,243,234,256,242,220,231,207,251,285,232,256,258,294,247,236,234,223,248,230,240,271,263,212,225,236,242,208,213,221,223,243,211,221
CGGGT,470,408,422,433,437,445,466,467,415,448,442,419,453,431,445,420,398,420,395,369,377,420,423,410,388,376,378,387,435,441,380,447,444,427,409,401,460,427,404,424,399,418,468,435,472,444,478,446,403,419,440,367,440,440,504,426,364,407,384,420,368,399,379,390,423,409,454
CGGTA,1244,1177,1211,1223,1317,1283,1354,1279,1282,1274,1237,1306,1278,1375,1271,1248,1205,1200,1159,1153,1199,1225,1214,1231,1185,1197,1199,1182,1243,1279,1203,1248,1236,1229,1207,1230,1207,1207,1255,1219,1218,1227,1264,1271,1240,1289,1271,1324,1233,1330,1266,1208,1256,1250,1388,1221,1187,1201,1140,1197,1175,1244,1195,1251,1269,1234,1256
CGGTC,780,703,681,693,738,711,793,719,746,680,715,715,740,760,691,701,658,582,689,688,689,698,704,632,645,712,673,664,677,633,653,660,681,690,682,689,733,698,700,700,684,698,672,722,701,723,784,700,686,749,686,696,719,708,707,680,646,638,665,676,726,695,675,681,681,718,720
CGGTG,1064,942,969,1040,1005,996,1014,998,978,1026,1054,968,1007,1005,988,993,1001,1012,956,954,982,1006,1009,969,941,905,899,975,1024,1012,945,972,982,1008,969,949,980,949,921,1046,954,970,1024,969,1002,1070,1115,1027,1010,1018,1001,1013,1055,1011,1053,993,924,999,962,952,890,906,917,1021,993,982,1041
CGGTT,1243,1199,1169,1197,1279,1312,1347,1276,1266,1329,1247,1258,1269,1304,1267,1298,1179,1190,1198,1201,1212,1252,1235,1228,1184,1170,1176,1209,1240,1243,1219,1274,1246,1259,1185,1217,1238,1245,1194,1242,1190,1238,1278,1238,1267,1239,1260,1302,1215,1315,1206,1193,1243,1289,1363,1228,1172,1195,1177,1171,1144,1166,1150,1229,1232,1227,1238
CGTAA,1790,1786,1804,1781,1903,1959,2024,1919,1922,1930,1891,1900,1893,1999,1903,1911,1820,1815,1778,1821,1793,1823,1841,1773,1787,1754,1722,1761,1825,1812,1736,1850,1815,1889,1831,1818,1869,1865,1860,1886,1841,1875,1884,1854,1879,1859,1873,1990,1807,1980,1904,1785,1877,1894,1992,1837,1767,1747,1724,1774,1744,1773,1725,1848,1882,1844,1826
CGTAC,609,603,586,612,645,636,672,645,637,629,620,667,646,717,655,610,603,556,590,613,598,620,628,576,591,593,598,540,651,580,580,592,608,640,598,631,575,598,629,620,627,649,593,649,594,626,680,615,601,677,618,605,643,613,660,577,588,567,588,549,601,619,589,624,605,646,600
CGTAG,825,745,761,804,821,861,938,819,851,829,875,842,850,888,826,845,753,752,764,817,822,818,820,818,761,795,780,765,783,795,764,790,833,768,764,785,824,769,843,794,792,796,821,814,791,835,849,849,824,898,806,817,850,804,889,763,795,764,771,761,787,825,751,830,794,831,792
CGTAT,991,966,1011,1018,1058,1057,1126,1064,1030,1064,1031,1101,1077,1155,1075,1035,1037,1028,931,1008,1041,998,1026,942,936,955,938,952,1031,968,963,980,982,1001,950,982,947,985,1045,1033,1064,1018,1013,1027,1042,1012,1070,1111,997,1111,990,1047,1038,1018,1064,935,978,952,910,939,926,923,966,1092,994,996,1004
CGTCA,1316,1266,1297,1288,1330,1417,1439,1357,1418,1358,1374,1385,1376,1464,1387,1392,1266,1221,1270,1358,1308,1370,1338,1297,1259,1309,1293,1299,1384,1274,1282,1314,1356,1364,1265,1359,1327,1309,1355,1393,1360,1376,1382,1311,1334,1379,1433,1409,1320,1445,1263,1303,1309,1338,1403,1278,1324,1270,1318,1276,1346,1334,1325,1332,1337,1324,1323
CGTCC,597,583,580,586,643,673,670,608,631,611,577,659,650,696,602,616,537,561,590,674,575,648,640,592,556,617,592,632,637,545,543,571,598,617,598,624,614,609,655,650,649,658,592,624,639,611,721,653,614,681,556,588,590,609,595,565,615,555,566,578,629,586,589,640,605,688,618
CGTCG,570,420,432,373,511,472,466,473,450,435,469,486,451,442,446,462,426,438,388,389,464,550,452,517,437,446,449,487,455,435,405,444,445,439,425,442,447,386,448,459,446,450,466,411,495,456,649,468,453,479,430,463,501,464,447,438,466,434,433,425,486,482,424,445,489,432,428
CGTCT,933,942,875,885,999,1053,1045,991,986,955,982,983,1009,1143,940,963,861,798,963,996,919,994,910,914,863,940,954,913,972,862,964,953,983,952,900,1012,928,964,988,968,986,973,956,984,954,929,1032,985,931,1105,918,892,946,932,983,909,916,857,905,900,993,991,915,948,904,970,963
CGTGA,1397,1388,1478,1381,1463,1434,1481,1514,1391,1494,1443,1417,1477,1450,1467,1421,1442,1508,1280,1358,1379,1476,1413,1427,1359,1306,1283,1396,1422,1475,1370,1472,1420,1429,1350,1338,1431,1374,1388,1433,1398,1395,1505,1391,1471,1408,1532,1509,1420,1436,1405,1426,1438,1409,1538,1447,1351,1427,1351,1386,1263,1326,1327,1454,1447,1398,1384
CGTGC,833,795,808,794,843,834,814,857,772,845,776,801,851,826,842,814,798,808,774,767,772,771,773,798,795,748,739,765,810,797,814,781,785,798,753,771,806,781,805,757,772,789,847,801,867,839,918,808,822,797,755,736,825,783,840,786,759,825,793,814,787,781,797,803,772,797,796
CGTGG,936,843,906,832,936,856,996,891,894,969,952,917,887,898,939,905,928,919,821,819,867,894,880,809,873,769,756,826,876,908,880,858,870,884,843,805,874,867,847,867,863,825,859,833,927,931,983,943,879,831,895,823,934,888,971,850,815,896,834,844,737,805,842,892,907,805,894
CGTGT,688,641,713,677,710,765,781,735,699,715,704,735,733,763,703,752,720,708,640,668,693,696,708,684,677,671,660,712,673,678,636,726,741,713,638,680,715,677,707,686,673,654,729,659,730,696,724,768,649,778,666,686,697,701,732,659,721,684,647,692,670,650,672,748,739,668,712
CGTTA,1729,1794,1783,1816,1848,1865,1965,1879,1831,1818,1910,1837,1871,1933,1848,1845,1737,1772,1657,1764,1795,1796,1822,1757,1752,1693,1666,1739,1860,1789,1713,1876,1817,1898,1817,1812,1821,1787,1820,1801,1802,1805,1855,1775,1835,1839,1790,1858,1876,1938,1814,1750,1835,1837,1905,1794,1725,1720,1677,1716,1723,1678,1743,1789,1779,1788,1776
CGTTC,1031,1042,1016,990,1100,1088,1150,1092,1083,1050,1078,1034,1120,1187,1057,1048,989,921,1014,1061,1012,1047,1011,1034,961,1074,1020,1032,1030,988,1018,1015,1003,1050,1042,1047,1002,1058,1048,1057,1008,1087,1028,1029,1029,1043,1120,1093,961,1142,1065,1010,991,1039,1075,1021,1004,976,930,984,1051,1014,976,1020,1024,1090,1056
CGTTG,1511,1396,1445,1492,1525,1592,1627,1576,1538,1603,1490,1535,1570,1647,1533,1516,1415,1379,1434,1430,1432,1521,1518,1421,1408,1405,1394,1442,1496,1421,1427,1500,1504,1484,1423,1522,1429,1476,1494,1498,1431,1530,1505,1473,1416,1528,1543,1603,1461,1571,1495,1418,1483,1458,1557,1417,1434,1394,1384,1391,1372,1439,1390,1408,1481,1486,1479
CGTTT,2083,2011,2143,2136,2177,2249,2330,2277,2160,2288,2147,2191,2263,2415,2232,2256,2100,2138,2029,2160,2130,2150,2146,2129,2090,2067,2020,2069,2174,2177,2082,2196,2139,2237,2094,2191,2162,2094,2248,2174,2140,2129,2179,2136,2214,2214,2158,2341,2111,2266,2063,2086,2173,2151,2408,2073,2052,2040,2020,2052,2011,2054,2042,2134,2189,2188,2113
CTAAA,4369,4379,4382,4695,4649,4611,5049,4484,4701,4564,4602,4624,4516,5083,4520,4579,4380,4251,4354,4629,4511,4412,4493,4118,4197,4313,4176,4203,4551,4416,4284,4361,4401,4421,4380,4443,4336,4420,4409,4523,4572,4423,4417,4479,4429,4654,4528,4779,4500,5073,4572,4297,4559,4710,4689,4242,4183,4194,4198,4193,4252,4316,4252,4466,4437,4376,4498
CTAAC,1797,1769,1798,1892,1923,1915,2020,1876,1912,1848,1879,1946,1884,2053,1833,1920,1741,1711,1810,1883,1785,1859,1812,1699,1740,1681,1757,1738,1867,1754,1753,1729,1875,1766,1788,1923,1820,1825,1834,1877,1858,1874,1833,1803,1822,1842,1863,1855,1839,2048,1824,1744,1864,1833,1903,1745,1798,1714,1756,1690,1817,1830,1671,1855,1834,1829,1793
CTAAG,2875,2683,2833,2749,2847,2732,3109,2886,2744,2983,2887,2768,2847,2926,2859,2834,2753,2909,2597,2593,2606,2744,2716,2663,2637,2526,2432,2630,2807,2925,2661,2801,2773,2818,2656,2579,2748,2762,2634,2711,2598,2685,2753,2744,2853,2856,2827,3100,2668,2973,2829,2616,2927,2808,3093,2844,2638,2762,2510,2621,2305,2459,2554,2795,2833,2733,2820
CTAAT,3613,3597,3653,3784,3732,3789,4201,3728,3823,3753,3821,3891,3805,4308,3702,3787,3594,3517,3513,3795,3691,3632,3629,3427,3519,3508,3551,3437,3711,3626,3604,3632,3701,3656,3611,3758,3645,3683,3729,3748,3773,3690,3708,3689,3686,3815,3767,4014,3726,4250,3675,3631,3825,3738,3921,3602,3497,3444,3536,3480,3597,3585,3435,3814,3655,3617,3650
CTACA,1629,1618,1657,1731,1782,1715,1904,1694,1752,1774,1744,1783,1743,2043,1715,1713,1669,1643,1597,1719,1688,1722,1676,1514,1569,1542,1592,1567,1756,1659,1649,1620,1651,1641,1596,1729,1677,1710,1693,1617,1690,1733,1642,1658,1662,1691,1721,1753,1695,1982,1667,1679,1699,1680,1739,1621,1586,1515,1638,1556,1648,1588,1541,1653,1641,1614,1635
CTACC,1072,1142,1120,1202,1190,1157,1243,1145,1253,1129,1143,1210,1231,1428,1194,1206,1046,969,1153,1263,1134,1139,1150,1034,1077,1129,1106,1100,1210,1045,1079,1052,1051,1080,1142,1213,1116,1157,1202,1139,1192,1201,1118,1158,1096,1146,1231,1170,1196,1334,1109,1131,1147,1123,1119,1106,1093,1007,1147,1046,1179,1146,1123,1162,1045,1171,1131
CTACG,761,805,804,826,844,836,873,873,843,864,817,849,849,921,872,825,813,788,774,777,758,779,779,725,766,738,743,776,847,774,774,794,753,815,761,800,764,815,766,816,815,816,786,793,832,804,871,832,776,859,784,748,799,806,857,790,742,769,764,770,752,721,779,776,792,765,827
CTACT,2204,2137,2252,2310,2305,2237,2454,2324,2270,2371,2359,2371,2311,2526,2302,2301,2249,2139,2102,2255,2223,2246,2250,2095,2172,2057,2125,2089,2294,2206,2172,2252,2194,2187,2214,2378,2190,2203,2199,2244,2233,2283,2271,2165,2217,2277,2284,2394,2243,2573,2294,2216,2332,2250,2410,2172,2188,2130,2154,2068,2176,2192,2142,2295,2255,2246,2240
CTAGA,1465,1397,1431,1439,1411,1450,1577,1492,1484,1510,1461,1503,1517,1556,1486,1502,1433,1423,1288,1350,1374,1390,1442,1362,1389,1310,1358,1331,1425,1457,1343,1445,1419,1445,1398,1409,1464,1471,1411,1386,1405,1392,1432,1419,1403,1493,1485,1532,1382,1525,1485,1402,1520,1456,1546,1390,1328,1364,1322,1356,1274,1323,1316,1416,1406,1385,1421
CTAGC,1416,1418,1465,1523,1533,1559,1598,1511,1543,1486,1564,1564,1481,1631,1505,1517,1420,1352,1442,1547,1452,1486,1443,1365,1348,1404,1425,1400,1518,1377,1385,1418,1457,1455,1406,1494,1467,1426,1497,1510,1477,1513,1452,1515,1437,1494,1497,1442,1424,1624,1453,1422,1461,1452,1485,1405,1449,1348,1405,1366,1468,1465,1378,1486,1451,1481,1476
CTAGG,659,702,635,667,711,739,709,703,677,721,714,699,668,719,703,703,633,660,666,648,649,671,682,643,639,633,592,640,679,691,680,699,673,666,657,663,649,660,631,655,684,664,687,695,717,684,672,709,714,741,666,626,656,726,746,668,603,681,632,643,630,614,638,651,679,650,693
CTAGT,1719,1692,1728,1777,1841,1833,2014,1884,1875,1867,1842,1813,1908,1996,1875,1871,1765,1742,1701,1776,1753,1720,1775,1693,1690,1721,1656,1695,1787,1783,1769,1785,1790,1773,1775,1781,1764,1784,1827,1824,1807,1803,1801,1745,1814,1807,1790,1909,1813,1978,1754,1774,1916,1837,1886,1752,1691,1671,1708,1699,1694,1704,1729,1872,1765,1729,1779
CTATA,1270,1255,1270,1332,1315,1370,1523,1386,1337,1429,1373,1388,1389,1527,1348,1384,1304,1290,1127,1276,1256,1259,1338,1190,1220,1130,1148,1199,1273,1287,1235,1302,1321,1325,1222,1269,1274,1306,1266,1252,1217,1311,1289,1238,1255,1342,1345,1441,1272,1505,1306,1265,1315,1324,1394,1254,1150,1201,1221,1179,1125,1169,1136,1278,1267,1169,1222
CTATC,1416,1357,1363,1443,1504,1420,1576,1438,1430,1543,1448,1558,1441,1658,1421,1489,1416,1336,1328,1419,1455,1424,1441,1329,1370,1331,1325,1281,1422,1385,1381,1382,1373,1331,1333,1473,1357,1354,1415,1407,1406,1419,1462,1403,1393,1450,1482,1486,1465,1597,1379,1361,1467,1427,1446,1331,1323,1315,1372,1309,1365,1392,1354,1414,1425,1364,1447
CTATG,1430,1341,1415,1390,1385,1302,1487,1436,1340,1496,1480,1400,1359,1351,1383,1408,1425,1418,1249,1264,1326,1341,1422,1317,1256,1150,1158,1209,1322,1457,1337,1359,1304,1334,1243,1271,1399,1368,1230,1262,1237,1259,1394,1323,1403,1399,1391,1475,1307,1384,1408,1339,1477,1394,1577,1353,1261,1394,1253,1302,1080,1214,1207,1341,1369,1264,1403
CTATT,2832,2786,2862,2966,2966,2817,3109,3003,2881,2986,2941,2959,2905,3182,2974,2956,2866,2779,2649,2801,2873,2745,2911,2589,2726,2556,2595,2596,2872,2835,2695,2776,2713,2836,2824,2867,2835,2813,2765,2781,2801,2865,2883,2768,2756,2850,2895,3138,2816,3139,2802,2744,2977,2996,3079,2803,2582,2769,2571,2710,2535,2637,2633,2932,2656,2713,2779
CTCAA,2197,2151,2222,2270,2287,2144,2454,2150,2216,2272,2211,2281,2175,2383,2254,2231,2254,2236,2105,2158,2245,2162,2234,2032,2073,1997,2105,2054,2272,2214,2096,2113,2143,2108,2029,2166,2179,2169,2127,2104,2195,2105,2143,2134,2154,2285,2273,2341,2164,2342,2195,2197,2340,2316,2304,2086,2133,2105,2089,2151,2052,2071,2077,2253,2159,2119,2247
CTCAC,810,787,812,805,854,808,863,824,822,816,817,873,822,896,783,829,764,713,769,826,796,855,797,720,753,759,735,757,795,704,774,716,768,765,759,844,795,787,817,810,776,845,795,788,759,803,859,849,759,885,763,777,849,807,806,764,762,743,779,763,740,816,753,832,797,812,811
CTCAG,934,874,915,861,959,957,991,990,938,955,939,1001,947,1013,936,950,925,914,892,933,934,938,958,939,908,906,855,890,902,937,891,935,927,939,883,931,933,886,926,906,871,942,957,914,901,930,968,1044,901,980,912,935,994,940,1020,928,895,916,870,891,846,907,876,979,916,925,963
CTCAT,1414,1459,1470,1551,1541,1681,1680,1574,1635,1549,1533,1661,1592,1825,1571,1557,1506,1363,1508,1580,1524,1523,1564,1370,1444,1489,1455,1484,1587,1386,1459,1440,1499,1496,1476,1597,1434,1489,1480,1506,1576,1526,1431,1498,1481,1511,1480,1538,1483,1790,1533,1455,1528,1569,1550,1406,1499,1350,1459,1419,1592,1527,1504,1496,1472,1543,1514
CTCCA,1109,1116,1085,1117,1186,1171,1211,1179,1181,1184,1115,1203,1197,1326,1158,1140,1023,1034,1119,1155,1087,1116,1161,1064,1054,1080,1083,1081,1159,1068,1082,1064,1051,1096,1100,1151,1056,1094,1105,1145,1195,1147,1102,1151,1092,1096,1138,1195,1151,1313,1083,1048,1150,1074,1143,1074,1100,1059,1079,1033,1131,1119,1139,1142,1037,1137,1125
CTCCC,363,355,342,351,394,394,376,350,378,340,357,386,379,451,356,391,305,291,356,377,350,395,386,313,337,355,372,341,377,328,362,342,371,353,365,382,356,361,366,362,401,361,332,377,381,356,446,344,370,444,349,325,356,345,342,328,353,310,346,323,397,367,365,344,363,357,362
CTCCG,338,325,339,335,370,319,348,342,317,357,309,348,353,389,357,318,286,297,346,355,290,336,302,341,318,330,315,344,372,312,304,316,311,337,328,342,308,350,326,361,350,365,322,357,341,301,433,333,306,384,311,306,317,333,362,329,333,309,317,309,341,332,340,341,314,350,333
CTCCT,873,921,872,906,978,984,1022,961,983,950,933,948,994,1087,1003,964,856,827,912,1003,932,937,927,841,847,936,945,912,996,872,896,865,933,889,938,1004,944,955,965,964,1000,961,878,982,911,891,1022,963,909,1093,895,908,964,927,943,892,921,848,893,843,992,966,927,992,881,988,930
CTCGA,572,525,531,511,583,623,613,593,602,586,554,579,650,644,583,571,520,510,525,583,533,596,546,523,519,546,482,526,531,493,514,534,525,542,518,596,533,538,569,540,543,539,536,558,545,544,659,560,552,576,531,519,558,539,549,523,509,483,506,525,539,536,537,546,525,564,525
CTCGC,515,459,448,457,523,478,489,486,485,506,456,500,484,547,476,440,440,413,451,490,444,525,456,469,430,477,458,470,479,402,422,437,451,472,442,500,459,482,486,420,440,479,452,444,458,476,605,460,470,533,465,458,477,471,477,455,467,436,447,413,507,503,475,453,443,499,451
CTCGG,373,306,288,304,338,323,328,320,343,317,299,335,318,341,319,294,296,266,297,298,309,356,317,308,293,320,268,306,309,295,311,309,302,296,325,312,309,299,297,303,314,316,314,330,332,323,434,330,306,328,319,313,314,337,318,317,285,309,295,285,318,306,316,322,309,330,321
CTCGT,858,809,817,768,829,865,905,888,873,880,812,852,901,900,824,841,841,847,761,813,806,887,864,795,784,775,744,840,815,818,789,821,809,799,771,827,787,762,819,886,802,815,888,801,843,822,929,883,784,851,802,901,889,790,873,797,810,818,777,802,759,782,784,824,818,858,819
CTCTA,1020,1032,1037,1066,1131,1099,1206,1142,1145,1060,1113,1151,1150,1310,1103,1169,1001,959,1057,1103,1056,1078,1113,969,1001,1046,1021,1015,1111,1004,1021,984,1054,1056,1034,1136,1080,1045,1097,1068,1108,1095,1072,1076,1053,1095,1133,1159,1114,1277,996,1039,1005,1112,1097,1033,1084,968,1035,972,1115,1068,1050,1104,1038,1049,1056
CTCTC,472,465,467,502,516,556,539,507,510,475,535,554,499,620,502,527,450,424,480,541,542,498,494,469,447,504,512,471,532,404,460,446,503,461,464,559,475,474,532,484,521,492,456,476,475,472,525,488,503,627,457,489,482,507,471,426,499,449,473,433,538,550,466,529,501,508,486
CTCTG,808,807,777,847,818,899,910,810,899,790,826,830,869,964,825,857,806,763,808,883,812,867,900,780,728,822,778,804,850,758,813,776,781,776,800,835,822,815,814,814,809,847,814,814,786,864,852,917,843,983,813,829,849,886,808,787,844,738,752,752,828,820,795,847,824,863,864
CTCTT,1793,1892,1869,1881,1947,2113,2154,1974,2063,1921,1938,2097,2014,2411,1915,2028,1760,1619,1933,2092,1907,1958,2009,1793,1775,1883,1909,1895,1982,1717,1797,1781,1853,1847,1927,2158,1806,1843,1975,1972,2098,1973,1785,1965,1882,1869,1927,1997,1919,2273,1817,1896,1878,1909,1909,1779,1804,1705,1821,1736,2034,1944,1876,1889,1817,1957,1858
CTGAA,2966,2956,2865,2976,3019,2983,3247,3010,2972,3092,3037,3007,2978,3161,3011,3011,2949,2913,2749,2890,2951,2901,2968,2739,2890,2734,2697,2741,2939,2959,2888,3045,2961,2897,2839,2868,2932,2894,2954,2900,2894,2888,2935,2927,2956,2995,3004,3137,3008,3140,2877,2902,3124,3030,3090,2892,2663,2849,2854,2885,2725,2782,2844,3027,2927,2891,2936
CTGAC,1188,1247,1173,1214,1317,1264,1328,1268,1314,1275,1245,1265,1285,1287,1294,1280,1216,1195,1208,1255,1207,1177,1259,1193,1190,1145,1112,1190,1236,1204,1189,1167,1154,1177,1157,1180,1179,1149,1152,1101,1153,1178,1191,1176,1198,1211,1294,1188,1265,1303,1184,1208,1258,1230,1167,1200,1141,1182,1176,1150,1148,1131,1171,1254,1132,1191,1240
CTGAG,952,973,941,971,975,962,1045,935,982,966,981,920,973,1026,990,959,889,882,911,917,884,940,894,847,870,879,914,899,973,898,903,918,923,909,921,938,923,963,922,943,976,906,890,934,953,982,979,931,948,1023,975,871,918,931,946,906,895,865,913,893,941,891,906,930,931,925,944
CTGAT,2970,2947,3031,3034,3029,3022,3340,3161,2993,3232,3073,3063,3063,3288,3046,3070,2992,2985,2816,2875,2950,2962,3027,2807,2826,2702,2711,2751,2929,2909,2902,2936,2902,2983,2813,2834,2985,2921,2867,2884,2815,2934,3041,2842,3026,3006,3032,3290,2967,3218,3015,2893,3023,3053,3263,2924,2747,2960,2802,2893,2630,2820,2762,2968,2932,2864,2987
CTGCA,2291,2345,2218,2361,2495,2428,2519,2328,2448,2351,2308,2451,2393,2701,2352,2354,2237,2121,2346,2471,2393,2373,2397,2267,2281,2423,2278,2263,2432,2288,2336,2236,2273,2297,2370,2356,2223,2286,2346,2360,2375,2423,2299,2393,2303,2373,2445,2496,2336,2741,2365,2339,2318,2392,2291,2354,2269,2170,2303,2233,2473,2358,2352,2411,2229,2357,2358
CTGCC,1076,1119,1116,1150,1172,1202,1183,1152,1177,1119,1161,1196,1137,1301,1132,1190,1095,1025,1150,1258,1156,1173,1172,1041,1078,1153,1170,1144,1211,1025,1123,1055,1087,1120,1129,1220,1076,1113,1157,1201,1189,1195,1123,1143,1149,1142,1273,1162,1175,1248,1095,1129,1083,1149,1114,1048,1130,1046,1143,1055,1210,1158,1168,1176,1089,1158,1141
CTGCG,694,678,675,670,699,742,721,726,713,685,703,711,738,804,696,699,671,650,669,702,650,742,681,664,639,682,660,653,706,647,656,713,698,704,703,690,725,694,720,738,701,743,724,700,739,661,789,743,694,717,681,644,654,678,690,673,672,638,654,673,711,698,646,688,693,727,686
CTGCT,2628,2580,2561,2624,2732,2720,2853,2665,2744,2660,2576,2721,2739,2938,2672,2682,2490,2441,2589,2667,2606,2650,2673,2458,2479,2547,2499,2498,2667,2566,2544,2627,2555,2580,2587,2704,2566,2597,2576,2649,2633,2680,2637,2626,2645,2674,2700,2805,2618,2878,2621,2576,2733,2586,2668,2592,2522,2518,2549,2511,2549,2589,2543,2646,2518,2648,2616
CTGGA,1718,1682,1699,1769,1772,1756,1898,1690,1809,1753,1821,1741,1754,1928,1722,1763,1664,1567,1671,1717,1723,1670,1671,1640,1643,1701,1672,1624,1735,1724,1710,1666,1668,1680,1670,1785,1715,1710,1712,1693,1652,1712,1666,1692,1652,1829,1771,1806,1726,1910,1697,1692,1757,1827,1829,1711,1618,1590,1649,1631,1702,1671,1626,1726,1656,1641,1699
CTGGC,1500,1496,1509,1521,1586,1497,1619,1502,1501,1531,1565,1558,1499,1660,1594,1542,1447,1411,1460,1478,1490,1538,1411,1450,1418,1401,1488,1452,1600,1523,1437,1497,1433,1497,1474,1507,1438,1517,1479,1471,1494,1544,1471,1469,1522,1544,1568,1594,1571,1559,1525,1462,1550,1528,1559,1439,1459,1411,1405,1432,1420,1447,1378,1545,1528,1440,1503
CTGGG,918,864,898,922,924,883,995,958,921,959,953,901,940,938,941,944,927,858,866,889,916,888,867,873,871,848,835,844,891,914,867,874,860,910,879,872,894,919,853,910,854,935,904,871,881,968,986,957,895,934,861,892,944,938,939,873,852,869,881,876,799,847,854,912,845,895,925
CTGGT,2399,2220,2366,2365,2383,2305,2429,2401,2258,2422,2431,2350,2358,2426,2380,2451,2392,2393,2209,2238,2344,2305,2383,2256,2207,2096,2133,2167,2309,2371,2214,2303,2264,2256,2224,2290,2353,2307,2245,2312,2220,2320,2399,2232,2360,2401,2434,2545,2276,2393,2317,2351,2468,2471,2559,2337,2256,2304,2157,2275,2025,2166,2144,2408,2360,2288,2375
CTGTA,1417,1403,1439,1481,1431,1615,1638,1448,1539,1431,1433,1505,1519,1707,1418,1522,1362,1290,1387,1451,1430,1451,1542,1349,1339,1377,1382,1376,1453,1423,1399,1367,1411,1398,1429,1439,1419,1393,1431,1442,1476,1431,1428,1422,1449,1504,1503,1582,1428,1702,1425,1460,1486,1561,1503,1400,1420,1346,1328,1352,1388,1352,1360,1446,1401,1442,1453
CTGTC,952,933,910,997,1015,1081,1073,1017,1078,981,1010,1054,1057,1142,982,1036,888,833,922,1070,986,1033,982,965,893,985,946,937,1007,912,938,952,984,996,975,1026,973,959,1007,1052,1039,1029,946,1018,951,1010,977,1025,1012,1113,966,932,937,975,985,966,953,881,938,854,1008,988,934,1011,949,1009,991
CTGTG,828,772,784,799,782,916,917,875,827,851,827,833,865,929,870,880,736,731,748,836,819,809,820,791,754,798,766,779,828,739,751,830,851,821,773,807,792,803,842,810,775,810,814,844,812,804,876,883,785,930,815,793,812,778,860,771,796,741,776,753,781,810,763,825,802,825,782
CTGTT,2190,2216,2267,2307,2309,2352,2496,2379,2410,2430,2282,2388,2392,2588,2388,2360,2238,2276,2127,2315,2333,2265,2346,2139,2162,2070,2092,2175,2301,2255,2193,2250,2219,2302,2283,2283,2240,2248,2305,2368,2268,2336,2356,2263,2329,2260,2351,2571,2227,2539,2268,2276,2349,2326,2578,2257,2153,2243,2142,2214,2093,2225,2124,2364,2185,2298,2229
CTTAA,3721,3830,3797,4058,4045,4032,4443,3950,4086,3875,4017,4025,3977,4593,3987,4025,3777,3640,3789,4188,3964,3849,3952,3641,3663,3775,3892,3717,3928,3693,3740,3726,3832,3853,3776,4072,3879,3980,4008,3908,3981,3990,3853,3924,3743,4050,3988,4241,3885,4493,3934,3869,3977,4065,4013,3729,3760,3541,3733,3700,3913,3970,3707,3982,3791,3862,3929
CTTAC,1874,1844,1862,2015,1979,1940,2102,1921,1993,1938,1968,2019,2004,2205,1915,1984,1887,1700,1867,2059,1944,1930,1951,1801,1846,1843,1896,1797,1951,1847,1889,1783,1846,1869,1846,2033,1864,1909,1981,1873,1864,1933,1839,1913,1841,1935,1934,1931,1950,2209,1862,1877,1957,1961,1973,1846,1855,1787,1887,1742,1870,1964,1866,1972,1812,1907,1872
CTTAG,2591,2755,2629,2718,2837,2893,2978,2742,2882,2645,2739,2860,2782,3146,2776,2856,2525,2329,2705,2804,2718,2684,2776,2589,2610,2723,2801,2620,2764,2528,2680,2652,2676,2634,2673,2867,2707,2684,2825,2755,2861,2779,2707,2717,2612,2739,2697,2817,2832,3002,2656,2651,2705,2740,2735,2567,2623,2487,2741,2629,2947,2847,2690,2649,2634,2662,2703
CTTAT,2829,2820,2841,3006,3045,3114,3197,3057,3051,2955,3004,3049,3043,3420,3045,3105,2831,2732,2854,2917,2899,2904,2940,2846,2777,2805,2811,2802,3012,2865,2836,2856,2820,2835,2855,3032,2927,2891,2971,2959,3037,3011,2987,2974,2948,2931,2952,3118,2997,3350,2923,2921,2931,3024,3086,2884,2849,2688,2770,2738,2924,2896,2782,3055,2826,2840,2859
CTTCA,4139,4434,4252,4511,4584,4631,4728,4325,4720,4147,4354,4631,4499,5229,4362,4422,4019,3710,4535,4831,4430,4485,4368,4158,4146,4524,4514,4231,4560,4058,4273,4172,4303,4290,4453,4643,4177,4387,4457,4506,4586,4601,4134,4507,4234,4316,4410,4435,4345,5293,4497,4431,4391,4431,4231,4267,4307,3905,4339,4054,4911,4601,4321,4388,4232,4469,4453
CTTCC,1186,1205,1171,1255,1222,1372,1412,1241,1325,1167,1229,1299,1291,1530,1235,1267,1127,1027,1282,1351,1281,1245,1234,1189,1178,1254,1285,1227,1289,1121,1191,1215,1259,1199,1214,1365,1195,1226,1303,1238,1304,1295,1223,1208,1219,1252,1304,1254,1242,1480,1201,1245,1212,1209,1227,1150,1275,1085,1229,1123,1373,1305,1253,1264,1188,1265,1198
CTTCG,1060,1079,1079,1078,1149,1158,1164,1105,1165,1074,1111,1117,1091,1209,1139,1078,1012,943,1067,1094,1063,1085,1078,1054,1018,1117,1094,1076,1068,1004,1006,1089,1080,1067,1089,1146,1016,1066,1121,1131,1110,1161,1048,1101,1090,1080,1269,1118,1110,1198,1106,1087,1076,1115,1106,1058,1051,965,1062,1031,1127,1127,1080,1048,1064,1085,1053
CTTCT,3211,3369,3232,3372,3517,3649,3756,3413,3662,3212,3368,3529,3520,4226,3358,3544,3094,2777,3389,3611,3389,3396,3355,3173,3159,3452,3465,3217,3497,3015,3322,3187,3362,3250,3414,3621,3349,3328,3545,3388,3607,3629,3272,3581,3307,3396,3586,3567,3426,4108,3305,3323,3328,3387,3318,3318,3352,2944,3377,3080,3748,3647,3360,3372,3205,3424,3314
CTTGA,3892,3838,3807,3857,4081,4247,4308,4113,4076,4090,4016,4043,4153,4454,4133,4087,3809,3735,3850,4101,3931,3938,4011,3850,3762,3933,3762,3919,4009,3907,3912,3911,3909,4006,3903,3911,3828,3975,3918,3953,3963,4006,3826,3947,3977,3935,3954,4177,3939,4465,3967,3894,3914,3992,4035,3972,3837,3764,3784,3707,3827,3868,3792,4020,3830,3907,4014
CTTGC,2143,2267,2174,2297,2469,2546,2534,2444,2386,2335,2354,2444,2435,2733,2386,2421,2101,2050,2245,2529,2288,2376,2378,2242,2238,2276,2313,2212,2338,2138,2220,2291,2273,2338,2332,2418,2275,2315,2409,2408,2501,2430,2287,2419,2370,2305,2448,2352,2428,2662,2249,2251,2346,2317,2403,2317,2230,2127,2313,2179,2447,2384,2285,2379,2270,2496,2284
CTTGG,2173,2124,2132,2205,2290,2276,2391,2305,2220,2302,2239,2291,2232,2374,2283,2232,2169,2166,2171,2201,2236,2203,2191,2187,2075,2133,2067,2080,2235,2138,2130,2258,2226,2230,2150,2173,2241,2240,2152,2172,2161,2219,2180,2237,2229,2187,2222,2382,2187,2324,2253,2174,2259,2274,2382,2199,2098,2127,2018,2055,2117,2158,2103,2288,2189,2220,2282
CTTGT,2249,2434,2386,2518,2646,2883,2866,2630,2725,2509,2538,2674,2726,3163,2592,2701,2246,2150,2489,2775,2568,2571,2575,2510,2322,2656,2574,2475,2615,2365,2530,2546,2589,2581,2525,2613,2546,2490,2674,2646,2646,2663,2470,2736,2618,2464,2633,2666,2638,3009,2427,2521,2462,2605,2648,2494,2494,2251,2403,2331,2768,2607,2464,2594,2513,2633,2555
CTTTA,4993,5010,5052,5167,5207,5312,5722,5337,5219,5220,5229,5226,5269,5860,5281,5419,4903,4804,4915,5290,5114,4999,5161,4913,4806,4903,4984,4940,5262,5058,4973,5068,5105,5079,5042,5231,5181,5161,5115,5171,5166,5187,5107,5190,5174,5078,5257,5579,5072,6023,5103,4975,5215,5263,5482,5139,4986,4853,4949,4904,5047,5054,4835,5194,5054,5016,5094
CTTTC,2296,2319,2206,2286,2484,2576,2723,2452,2588,2443,2439,2565,2475,2920,2421,2509,2198,2088,2333,2530,2340,2395,2375,2262,2236,2366,2409,2344,2412,2212,2296,2252,2364,2326,2377,2598,2317,2299,2514,2522,2601,2362,2297,2424,2366,2264,2363,2492,2415,2931,2311,2229,2362,2320,2507,2222,2275,2159,2332,2197,2569,2476,2348,2366,2371,2408,2318
CTTTG,3550,3352,3343,3442,3564,3715,3966,3806,3537,3649,3653,3529,3691,3821,3654,3766,3447,3338,3325,3618,3443,3438,3553,3490,3340,3377,3373,3411,3563,3490,3396,3623,3679,3551,3383,3527,3645,3488,3644,3530,3441,3489,3582,3579,3579,3532,3652,3831,3552,3933,3487,3357,3661,3528,3850,3550,3319,3311,3327,3348,3417,3479,3385,3510,3561,3577,3459
CTTTT,6590,6908,6725,6872,7021,7510,7716,7069,7392,6886,7085,7152,7262,8319,7066,7246,6452,6043,6639,7144,6867,6842,6866,6571,6498,6807,6761,6684,7003,6483,6860,6790,6919,6876,6986,7276,6780,6851,7135,7123,7251,7220,6805,7195,6885,6944,6977,7358,7055,8147,6749,6745,6933,6898,7213,6767,6692,6212,6624,6405,7224,6980,6613,7004,6750,6929,6734
GAAAA,6387,6021,6154,6366,6378,6029,7009,6504,6045,6614,6511,6131,6221,6116,6392,6444,6462,6636,5642,5790,5897,5997,6251,5852,5846,5498,5460,5723,6179,6592,5766,6316,6240,6109,5814,5742,6303,6213,6057,6021,5762,5878,6383,5931,6295,6506,6305,6832,6159,6299,6349,6074,6576,6569,6767,6048,5632,6164,5774,6041,5113,5468,5695,6256,6317,5832,6302
GAAAC,2061,2057,2079,2146,2171,2062,2307,2109,2114,2176,2154,2159,2096,2241,2138,2112,2103,2115,2032,2130,2082,2089,2052,1973,1977,1943,1911,1982,2082,2136,2047,2116,2051,2122,2000,2009,2070,2122,2021,2088,2078,2055,2095,2069,2117,2119,2211,2220,2088,2218,2104,2110,2116,2191,2192,2038,2002,2048,1982,2032,1886,1896,2055,2151,2064,2047,2162
GAAAG,2455,2379,2523,2568,2473,2432,2778,2575,2424,2574,2575,2447,2534,2577,2612,2519,2548,2582,2225,2300,2401,2328,2431,2269,2287,2167,2075,2198,2464,2530,2304,2513,2403,2436,2261,2170,2450,2459,2277,2272,2196,2436,2496,2373,2436,2645,2561,2741,2372,2471,2567,2505,2580,2593,2668,2450,2259,2372,2192,2327,1964,2102,2169,2516,2373,2283,2495
GAAAT,4290,4077,4186,4233,4226,4094,4622,4303,4124,4352,4304,4233,4143,4318,4295,4211,4255,4281,3826,3946,4100,4082,4186,3759,3858,3701,3661,3827,4177,4202,3878,4177,4066,4063,3965,3990,4066,4030,4039,3985,4024,3974,4157,4052,4130,4326,4093,4498,4088,4412,4160,4132,4351,4257,4466,4000,3783,3987,3849,3929,3589,3805,3889,4205,4163,3903,4097
GAACA,2229,2132,2156,2252,2253,2207,2493,2280,2185,2284,2288,2232,2248,2365,2284,2261,2162,2224,2088,2196,2148,2121,2145,2083,2125,2061,2051,2068,2237,2263,2044,2186,2179,2137,2038,2195,2204,2180,2205,2161,2142,2138,2162,2159,2179,2280,2241,2390,2183,2346,2188,2145,2299,2268,2333,2172,2042,2145,2031,2154,2003,2052,2046,2236,2214,2137,2211
GAACC,1328,1358,1347,1385,1432,1406,1455,1358,1391,1387,1389,1406,1391,1566,1416,1349,1318,1349,1351,1416,1390,1392,1337,1316,1299,1339,1327,1332,1422,1320,1300,1352,1360,1441,1341,1419,1337,1354,1398,1338,1360,1352,1343,1376,1321,1353,1411,1433,1348,1489,1327,1337,1377,1335,1399,1350,1312,1268,1343,1306,1353,1376,1345,1392,1356,1387,1357
GAACG,1090,998,1042,1052,1068,1078,1143,1069,1083,1114,1081,1122,1047,1106,1104,1090,1023,1075,991,993,1032,1071,1046,976,1023,924,957,969,1062,1049,998,1038,1051,1003,960,1006,1054,994,1016,1015,1056,987,1035,1034,1062,1069,1127,1094,1100,1057,1009,1004,1117,1030,1120,1019,985,1009,1064,1004,952,987,1022,1049,1034,962,1039
GAACT,1819,1861,1868,1893,2025,1941,2155,2006,1950,1997,1930,1923,1990,2083,1979,1986,1927,1884,1770,1978,1883,1879,1974,1780,1865,1789,1815,1756,1890,1883,1814,1923,1852,1908,1857,1918,1921,1866,1920,1861,1905,1913,1925,1868,1920,1917,1915,2045,1873,2074,1871,1802,1920,1966,2033,1847,1771,1810,1813,1833,1779,1831,1846,1912,1875,1870,1823
GAAGA,3870,3582,3706,3748,3755,3485,4093,3897,3482,4069,3864,3633,3764,3611,3848,3669,3893,4198,3189,3364,3543,3610,3818,3548,3529,3148,3111,3526,3613,3994,3472,3799,3683,3775,3424,3336,3788,3658,3531,3589,3347,3434,3861,3444,3754,3815,3763,4154,3627,3679,3684,3577,3986,3889,4147,3641,3349,3835,3338,3661,2853,3123,3337,3751,3850,3496,3714
GAAGC,2512,2353,2502,2482,2520,2398,2696,2518,2368,2594,2543,2389,2460,2481,2549,2582,2565,2632,2298,2292,2373,2358,2413,2382,2417,2188,2154,2278,2446,2655,2412,2543,2419,2408,2295,2270,2492,2491,2397,2416,2393,2308,2471,2337,2623,2540,2569,2690,2444,2440,2386,2344,2592,2550,2727,2411,2292,2491,2259,2362,2015,2121,2303,2575,2473,2348,2481
GAAGG,1789,1592,1736,1714,1698,1614,1793,1768,1628,1919,1745,1701,1669,1539,1742,1704,1776,1894,1475,1512,1618,1677,1666,1630,1619,1459,1437,1582,1594,1796,1579,1727,1613,1714,1607,1518,1699,1602,1531,1666,1550,1578,1791,1587,1708,1754,1745,1843,1627,1552,1731,1677,1762,1722,1890,1662,1501,1759,1535,1702,1321,1449,1493,1732,1686,1555,1729
GAAGT,2685,2503,2575,2569,2669,2603,2855,2678,2558,2733,2698,2607,2619,2638,2698,2706,2687,2748,2396,2447,2577,2521,2654,2494,2446,2401,2329,2465,2575,2639,2517,2591,2597,2604,2457,2438,2618,2548,2510,2476,2494,2410,2598,2626,2632,2683,2595,2749,2562,2692,2595,2554,2643,2673,2831,2509,2424,2537,2382,2513,2234,2340,2421,2583,2611,2480,2604
GAATA,3118,3107,3129,3290,3214,3245,3608,3337,3271,3277,3285,3294,3322,3537,3303,3372,3048,3083,3005,3130,3102,3090,3362,3044,2957,3036,2981,3041,3176,3212,3062,3230,3236,3201,3154,3022,3199,3082,3096,3114,3105,3145,3122,3234,3221,3205,3192,3507,3164,3596,3195,3155,3324,3342,3402,3102,3041,3020,2956,2970,2983,2977,2968,3188,3247,3099,3167
GAATC,2053,2054,2052,2122,2188,2181,2380,2045,2133,2062,2150,2209,2156,2389,2113,2120,2044,2024,1965,2090,2144,2078,2095,1945,1998,2038,1970,1959,2132,2065,2080,2113,2119,2003,2026,2081,2108,2077,2110,2089,2119,2123,2087,2109,2120,2166,2177,2281,2127,2370,2041,2078,2143,2131,2177,2030,1948,1979,1989,1967,2090,1997,2006,2186,2102,2048,2149
GAATG,2166,2057,2030,2113,2130,2107,2346,2229,2104,2236,2178,2033,2123,2130,2151,2188,2140,2153,1955,1959,2037,2053,2080,2105,2012,1983,1902,1976,2102,2162,2048,2126,2180,2087,1958,1944,2137,2049,2032,2063,1912,1986,2142,2046,2136,2117,2126,2262,2028,2192,2091,2073,2154,2148,2309,2078,1992,2106,1940,1973,1824,1945,1943,2175,2152,2004,2087
GAATT,4820,4685,4749,4809,4808,4693,5163,4862,4655,4938,4936,4704,4868,4904,4863,4920,4777,4781,4429,4574,4609,4672,4872,4575,4586,4308,4330,4438,4780,4919,4602,4787,4762,4684,4650,4598,4802,4770,4710,4651,4635,4693,4750,4724,4698,4870,4881,5168,4815,5085,4724,4634,4889,4772,5140,4761,4400,4614,4479,4512,4232,4441,4388,4800,4872,4551,4700
GACAA,2404,2318,2332,2317,2410,2310,2591,2380,2397,2412,2460,2445,2332,2430,2399,2364,2336,2392,2238,2180,2206,2322,2274,2153,2201,2065,2044,2139,2342,2316,2164,2343,2285,2298,2169,2251,2284,2350,2226,2261,2321,2297,2327,2182,2301,2451,2376,2443,2370,2381,2345,2255,2460,2328,2407,2246,2166,2293,2217,2209,2033,2161,2169,2304,2275,2186,2373
GACAC,697,688,732,700,734,740,804,742,737,725,734,757,745,776,751,739,688,747,678,673,675,694,692,664,662,649,661,708,717,696,692,749,701,724,661,696,746,735,685,700,695,733,696,683,720,742,753,805,711,756,742,704,746,728,716,694,686,692,642,681,646,647,676,746,724,727,728
GACAG,1042,1009,1054,991,1061,985,1146,1052,987,1087,1061,1012,1009,1078,1082,1007,1048,1079,970,911,975,983,951,924,981,887,913,946,1019,1047,976,1032,993,984,931,964,1009,1019,980,942,957,969,1048,977,1054,1025,1122,1087,973,1027,1001,999,1085,1030,1154,972,922,993,934,1021,869,901,939,970,1028,962,1033
GACAT,1560,1506,1520,1550,1604,1642,1734,1565,1659,1605,1573,1606,1612,1756,1615,1600,1548,1518,1442,1519,1565,1485,1570,1474,1488,1487,1416,1474,1537,1528,1518,1559,1528,1513,1435,1522,1496,1507,1514,1481,1553,1502,1496,1511,1512,1618,1545,1608,1541,1674,1540,1503,1611,1578,1598,1486,1469,1470,1443,1468,1426,1422,1499,1581,1510,1490,1533
GACCA,1835,1916,1762,1875,1944,1898,1987,1899,1909,1832,1848,1884,1890,2028,1906,1841,1639,1635,1845,1878,1743,1808,1777,1737,1757,1842,1804,1827,1950,1830,1809,1811,1824,1819,1785,1853,1832,1846,1793,1814,1848,1879,1766,1856,1796,1825,1930,1887,1873,2067,1821,1728,1810,1855,1832,1829,1723,1716,1864,1795,1913,1791,1795,1832,1833,1827,1836
GACCC,438,418,434,466,487,451,484,432,472,445,464,432,434,481,427,445,424,396,431,442,396,475,429,434,434,405,407,425,454,441,459,456,439,439,435,449,465,470,444,454,493,451,443,416,444,486,468,429,485,458,443,410,466,442,449,419,436,429,423,389,456,414,440,449,463,433,466
GACCG,723,665,702,691,766,738,722,729,702,768,731,731,711,751,752,716,693,754,660,704,690,734,682,731,694,634,665,698,756,739,698,742,718,714,656,714,673,702,698,702,715,711,727,677,731,731,804,734,706,716,702,659,708,718,767,687,696,702,680,668,632,652,677,731,715,674,708
GACCT,947,962,958,1000,1017,989,1034,1053,966,1024,989,1017,1036,1125,983,998,911,884,903,1006,935,947,917,899,910,908,941,885,972,905,940,940,953,954,930,998,918,964,946,917,944,977,892,997,938,978,1071,995,926,1099,931,920,921,985,1022,929,900,843,908,900,952,946,939,970,945,952,969
GACGA,1314,1256,1236,1271,1354,1189,1357,1299,1233,1332,1280,1214,1268,1320,1311,1255,1225,1308,1182,1164,1208,1251,1180,1183,1171,1136,1164,1149,1221,1247,1184,1257,1170,1233,1226,1195,1270,1287,1179,1193,1224,1180,1217,1243,1293,1301,1414,1263,1219,1265,1284,1169,1301,1287,1363,1227,1168,1204,1178,1210,1118,1134,1204,1229,1218,1189,1311
GACGC,749,671,692,685,728,659,723,679,693,701,672,696,664,729,708,684,675,661,617,629,665,684,650,658,695,657,635,642,662,689,678,698,672,653,637,654,673,688,673,666,634,699,658,673,693,709,819,656,681,675,691,644,723,688,742,690,614,685,663,663,644,643,677,653,647,640,693
GACGG,712,654,669,690,715,603,687,635,676,667,680,629,647,661,658,625,655,647,658,609,579,656,642,640,624,605,564,625,668,680,629,635,657,633,608,646,662,658,610,626,604,616,640,664,696,679,775,697,648,655,637,612,698,648,725,658,588,638,614,623,583,575,589,607,651,626,678
GACGT,845,766,835,836,884,846,929,862,812,843,864,842,859,848,862,823,830,776,769,763,805,823,847,779,822,742,741,786,802,809,796,849,832,824,782,792,807,805,815,791,822,822,818,821,834,863,909,878,835,897,833,804,885,826,890,791,745,789,773,772,749,763,787,802,836,825,810
GACTA,1786,1795,1834,1782,1798,1808,1956,1865,1831,1901,1817,1793,1831,1899,1908,1815,1802,1851,1651,1704,1711,1773,1752,1652,1701,1612,1594,1702,1771,1802,1729,1796,1764,1765,1699,1776,1754,1775,1731,1744,1746,1742,1811,1734,1816,1853,1845,1965,1778,1801,1806,1703,1849,1808,1908,1761,1625,1771,1659,1717,1525,1627,1679,1776,1784,1697,1784
GACTC,613,572,587,577,642,672,683,684,616,648,654,635,651,669,632,668,620,592,576,614,573,637,679,611,603,600,585,571,597,581,573,583,581,604,581,650,619,597,624,605,587,619,625,615,590,634,697,650,620,639,615,582,654,638,636,577,614,592,605,606,582,612,613,642,623,652,621
GACTG,1205,1131,1196,1185,1210,1175,1285,1217,1167,1263,1203,1191,1182,1238,1244,1241,1203,1191,1076,1080,1151,1134,1206,1169,1132,1067,1012,1094,1196,1279,1156,1159,1154,1190,1128,1119,1172,1105,1115,1143,1058,1152,1189,1138,1246,1207,1263,1335,1149,1231,1195,1152,1218,1202,1326,1190,1090,1228,1065,1140,962,1023,1055,1180,1174,1157,1169
GACTT,2491,2378,2427,2436,2500,2462,2718,2592,2427,2571,2498,2506,2542,2612,2573,2543,2349,2363,2277,2441,2386,2398,2500,2430,2388,2244,2277,2330,2420,2464,2448,2464,2486,2360,2324,2426,2498,2416,2466,2372,2408,2412,2465,2360,2493,2526,2560,2642,2533,2586,2364,2397,2496,2450,2637,2451,2366,2429,2379,2313,2306,2411,2329,2467,2442,2418,2393
GAGAA,1822,1686,1664,1735,1776,1656,2053,1766,1703,1826,1796,1671,1696,1762,1766,1744,1805,1897,1581,1634,1638,1663,1650,1693,1609,1610,1554,1608,1729,1853,1619,1772,1748,1705,1598,1562,1738,1730,1673,1703,1614,1620,1801,1694,1774,1790,1742,1946,1743,1824,1810,1677,1812,1771,1890,1678,1589,1670,1626,1670,1463,1551,1603,1803,1761,1616,1779
GAGAC,606,557,595,600,586,605,650,586,586,591,621,588,600,639,603,591,568,624,533,541,542,567,554,554,552,515,525,553,562,614,553,627,617,570,565,557,588,599,565,562,557,573,573,562,597,618,655,649,566,593,618,541,615,566,652,583,542,564,517,556,492,513,526,602,586,562,599
GAGAG,544,518,525,551,517,509,628,557,555,590,530,509,566,548,563,536,574,589,472,514,489,519,550,468,483,431,415,469,464,577,500,548,481,518,503,443,524,508,445,496,457,490,521,502,511,543,552,606,488,577,575,527,572,551,596,547,439,483,457,498,396,398,468,532,494,472,524
GAGAT,1332,1207,1276,1239,1244,1239,1409,1300,1226,1288,1283,1161,1258,1254,1327,1273,1259,1369,1150,1170,1151,1188,1213,1165,1159,1109,1097,1150,1200,1249,1189,1298,1234,1263,1183,1077,1277,1195,1200,1141,1193,1089,1233,1189,1280,1262,1318,1404,1216,1363,1334,1184,1335,1268,1429,1244,1134,1223,1097,1163,1006,1081,1149,1249,1253,1165,1253
GAGCA,1703,1624,1666,1695,1725,1694,1938,1703,1747,1705,1769,1727,1717,1883,1725,1788,1676,1627,1586,1649,1732,1653,1674,1621,1576,1617,1599,1599,1641,1695,1697,1679,1669,1662,1600,1567,1647,1676,1643,1682,1636,1639,1599,1604,1646,1736,1718,1852,1650,1817,1704,1683,1748,1758,1798,1647,1568,1590,1612,1627,1526,1594,1565,1712,1670,1555,1702
GAGCC,806,813,790,791,875,864,873,849,825,796,846,830,869,924,872,848,810,758,804,869,812,776,816,777,816,820,824,791,840,791,752,781,788,785,818,843,805,812,852,829,836,817,745,811,839,822,904,854,839,905,753,768,788,821,832,771,789,748,822,809,832,819,825,829,806,812,802
GAGCG,667,567,593,579,634,610,653,600,567,607,645,590,582,600,599,600,549,556,510,543,567,632,551,627,575,554,537,559,557,594,569,628,608,578,556,535,585,560,575,608,591,621,604,570,620,640,721,622,593,593,558,578,611,550,633,599,552,592,571,573,561,562,526,576,599,560,607
GAGCT,1174,1213,1153,1202,1284,1203,1319,1230,1148,1239,1263,1197,1199,1355,1207,1223,1141,1157,1129,1182,1157,1160,1125,1109,1151,1083,1123,1094,1229,1172,1152,1153,1156,1221,1124,1141,1169,1189,1133,1133,1126,1174,1152,1175,1219,1203,1274,1252,1163,1341,1206,1079,1182,1185,1290,1137,1078,1137,1136,1112,1123,1075,1082,1194,1171,1134,1174
GAGGA,931,822,895,869,891,840,985,936,860,919,941,878,840,846,920,875,887,943,754,789,824,840,864,834,796,724,732,792,898,906,823,868,822,866,794,771,872,840,783,851,781,826,903,807,842,911,861,928,852,869,892,855,895,873,983,863,766,840,811,822,731,777,755,850,891,788,854
GAGGC,585,531,526,528,567,501,545,524,510,554,562,509,537,505,545,508,519,525,473,480,485,544,511,532,484,477,499,489,483,561,502,525,518,483,512,485,514,504,499,487,493,503,534,484,506,560,587,540,505,528,525,510,562,514,562,532,458,496,516,517,487,489,479,517,543,463,525
GAGGG,404,350,395,344,387,345,422,371,349,378,382,367,355,363,396,368,350,370,324,298,345,372,347,372,348,332,294,334,355,413,350,407,381,352,334,327,378,362,343,343,332,350,390,368,388,391,434,434,354,365,360,361,396,377,434,363,343,380,335,356,273,325,316,364,404,360,376
GAGGT,748,679,719,709,740,689,774,701,693,735,764,697,684,721,750,693,718,738,627,601,664,666,715,667,668,602,633,613,692,744,675,715,690,703,636,664,707,682,701,712,693,673,705,678,742,758,773,781,717,712,673,676,759,698,778,692,635,710,662,668,583,619,618,708,690,659,703
GAGTA,1340,1320,1292,1379,1376,1434,1545,1411,1419,1388,1392,1332,1397,1470,1401,1427,1335,1292,1280,1320,1350,1303,1298,1292,1272,1273,1253,1233,1319,1354,1319,1388,1314,1363,1314,1302,1383,1313,1308,1311,1259,1332,1368,1321,1357,1381,1337,1447,1332,1518,1407,1331,1389,1396,1494,1355,1206,1275,1260,1300,1267,1246,1243,1362,1298,1269,1357
GAGTC,611,633,628,658,629,630,696,616,680,651,645,661,648,714,659,636,605,625,597,618,632,607,547,590,582,590,594,624,653,636,617,649,645,621,610,588,614,628,590,614,629,600,591,600,642,629,630,645,594,678,626,639,634,642,663,632,575,592,583,584,615,583,581,627,597,557,616
GAGTG,692,634,653,669,659,710,755,738,659,682,736,631,694,714,678,706,673,682,579,652,647,637,653,660,632,626,609,618,651,677,616,678,676,661,609,613,672,632,637,656,598,626,635,644,660,680,677,749,637,711,648,670,670,665,757,654,616,640,605,631,597,573,585,686,688,654,648
GAGTT,1485,1488,1478,1548,1554,1536,1705,1551,1549,1587,1554,1520,1502,1627,1578,1565,1483,1439,1430,1483,1472,1486,1479,1495,1466,1413,1395,1415,1472,1561,1464,1601,1503,1531,1494,1466,1497,1542,1518,1441,1374,1503,1533,1493,1491,1549,1534,1663,1505,1706,1586,1498,1602,1550,1678,1526,1403,1414,1400,1387,1408,1436,1398,1551,1485,1444,1513
GATAA,4314,4220,4168,4353,4346,4303,4930,4524,4401,4459,4304,4418,4337,4698,4413,4382,4175,4263,3972,4179,4033,4061,4191,3975,4024,3921,3926,4018,4237,4301,3995,4371,4278,4286,4098,4008,4254,4201,4164,4227,4195,4092,4162,4256,4321,4309,4264,4698,4281,4687,4322,4157,4430,4311,4593,4116,3947,4135,3967,4027,3918,3986,3982,4331,4154,4096,4288
GATAC,1646,1537,1577,1686,1611,1707,1902,1692,1667,1652,1683,1635,1697,1793,1710,1671,1530,1595,1514,1614,1552,1577,1644,1535,1558,1496,1497,1515,1580,1570,1523,1578,1610,1582,1525,1535,1600,1613,1623,1579,1614,1579,1552,1597,1536,1679,1646,1822,1640,1811,1629,1512,1652,1683,1757,1524,1502,1494,1492,1477,1485,1504,1512,1639,1621,1554,1626
GATAG,1369,1406,1410,1414,1389,1523,1683,1508,1513,1405,1498,1385,1501,1594,1526,1446,1349,1390,1329,1371,1293,1350,1374,1312,1266,1304,1282,1357,1440,1397,1303,1406,1412,1451,1379,1319,1430,1431,1386,1397,1394,1386,1339,1399,1418,1445,1404,1601,1330,1616,1447,1383,1422,1465,1583,1370,1318,1323,1262,1324,1277,1281,1274,1459,1346,1362,1368
GATAT,2808,2818,2879,2971,2903,2930,3241,3009,2891,3007,3000,2869,2896,3063,2966,2998,2903,2951,2668,2791,2763,2784,2909,2725,2659,2577,2550,2652,2851,2895,2718,2905,2838,2842,2732,2726,2880,2813,2841,2726,2677,2815,2910,2788,2862,2921,2843,3245,2792,3066,2997,2870,2995,3052,3117,2764,2639,2748,2580,2695,2504,2682,2571,2944,2890,2770,2866
GATCA,3675,3634,3614,3680,3777,3689,4045,3694,3726,3666,3714,3680,3667,3984,3689,3688,3668,3540,3582,3747,3666,3647,3645,3438,3518,3477,3474,3469,3712,3632,3488,3554,3578,3566,3582,3630,3577,3590,3581,3631,3618,3650,3533,3618,3575,3730,3677,3903,3604,3976,3653,3571,3814,3681,3716,3544,3497,3495,3505,3479,3539,3468,3494,3751,3604,3661,3731
GATCC,1426,1334,1414,1430,1491,1362,1498,1437,1371,1473,1413,1415,1443,1515,1455,1406,1426,1487,1282,1404,1409,1423,1421,1319,1305,1288,1291,1365,1434,1391,1394,1406,1375,1383,1316,1370,1378,1370,1388,1376,1391,1365,1417,1335,1434,1381,1424,1468,1372,1466,1416,1391,1462,1413,1494,1323,1342,1343,1344,1339,1270,1316,1333,1433,1375,1337,1398
GATCG,1384,1274,1294,1267,1322,1330,1361,1340,1285,1337,1262,1266,1305,1307,1349,1323,1295,1361,1200,1202,1271,1322,1256,1287,1242,1231,1204,1253,1244,1296,1254,1319,1272,1279,1218,1224,1276,1270,1267,1244,1242,1224,1359,1283,1329,1333,1505,1391,1287,1318,1291,1306,1337,1339,1428,1300,1211,1249,1211,1276,1168,1243,1272,1344,1275,1242,1304
GATCT,1850,1843,1821,1921,1950,1986,2090,1901,1976,1890,1965,1986,1951,2189,1896,1943,1765,1689,1862,1973,1912,1869,1872,1858,1792,1872,1830,1803,1881,1826,1826,1820,1877,1864,1862,1894,1866,1862,1885,1882,1870,1901,1814,1890,1873,1892,1951,2019,1875,2169,1871,1856,1884,1953,1989,1879,1818,1773,1809,1769,1925,1891,1778,1864,1843,1885,1901
GATGA,3935,3643,3856,3852,3794,3546,4061,3944,3610,4145,3943,3736,3787,3627,3860,3816,3909,4158,3300,3456,3545,3585,3712,3661,3588,3234,3182,3454,3616,4061,3584,3937,3666,3813,3525,3392,3834,3650,3553,3575,3419,3543,3920,3601,3829,3800,3893,4164,3675,3678,3800,3663,3992,3815,4246,3803,3382,3827,3425,3615,2899,3265,3348,3823,3757,3509,3719
GATGC,2164,1963,2112,2053,2101,2024,2242,2152,1960,2288,2147,2078,2111,1987,2151,2079,2169,2324,1902,1867,2050,2062,2125,1971,2003,1775,1782,1911,2007,2156,1987,2126,2101,2038,1901,1918,2055,2015,1972,1955,1897,1901,2113,1933,2084,2117,2072,2257,2026,2046,2085,1986,2211,2158,2267,1991,1903,2108,1903,2025,1662,1859,1909,2047,2101,1956,2081
GATGG,2150,1908,2091,2051,1940,1961,2212,2129,1994,2218,2157,1978,2031,1876,2086,2103,2166,2229,1825,1823,1967,1966,2084,1897,1907,1711,1726,1847,1951,2094,1872,2080,2083,2055,1845,1786,2070,1987,1895,1889,1798,1872,2083,1915,2079,2096,2079,2202,1898,2012,2117,1997,2148,2088,2322,2020,1881,2050,1791,1966,1553,1775,1783,2035,2062,1931,2033
GATGT,1993,1898,1949,1974,1916,1885,2093,2139,1910,2093,2097,1949,2017,1915,2023,2071,2017,2044,1789,1837,1880,1906,2007,1890,1840,1714,1716,1837,1915,1993,1835,1993,1938,1975,1908,1807,1998,1889,1841,1887,1773,1804,2042,1869,1940,1895,1981,2067,1910,2021,1996,1933,2009,1970,2284,1954,1817,1991,1737,1839,1618,1779,1760,1855,1965,1880,1923
GATTA,3971,3781,3836,3941,3895,3981,4316,4091,3847,3994,4108,3874,3968,4085,3989,4010,3885,4032,3664,3664,3767,3658,3962,3774,3658,3597,3568,3613,3966,4030,3735,4005,3957,3905,3760,3709,3996,3814,3811,3777,3779,3815,4006,3870,3935,3943,4032,4260,3909,4164,3994,3804,4118,3985,4265,3899,3601,3751,3594,3670,3439,3580,3581,3919,3983,3720,3944
GATTC,2132,2093,2114,2170,2159,2133,2375,2278,2177,2254,2163,2100,2151,2361,2194,2238,2078,2048,2069,2172,2056,2086,2114,2037,1973,1981,1970,2019,2166,2129,1999,2044,2034,2152,2041,2081,2051,2076,2089,2115,2083,2082,2116,2098,2091,2140,2091,2341,2067,2337,2171,2062,2209,2204,2323,2107,2039,1998,1988,2009,1892,2038,1969,2116,2072,2098,2117
GATTG,2927,2725,2832,2935,2767,2904,3042,3046,2809,2943,2985,2782,2929,2945,2947,3018,2858,2941,2564,2705,2747,2681,2796,2793,2627,2621,2591,2711,2779,2863,2636,2917,2799,2792,2724,2677,2851,2712,2795,2732,2710,2710,2969,2844,2848,2870,2925,3080,2803,3008,2829,2746,2933,2884,3215,2806,2630,2722,2560,2651,2439,2612,2649,2823,2760,2739,2849
GATTT,4519,4501,4504,4727,4631,4558,4957,4799,4543,4838,4724,4470,4705,4844,4796,4836,4576,4725,4254,4436,4533,4365,4683,4420,4281,4189,4187,4314,4624,4756,4438,4644,4590,4627,4381,4334,4607,4533,4470,4501,4507,4361,4669,4544,4733,4511,4689,4985,4489,5052,4521,4488,4767,4828,5137,4557,4136,4452,4268,4391,4023,4154,4252,4603,4543,4305,4601
GCAAA,4379,4354,4415,4531,4614,4258,4861,4318,4479,4468,4455,4530,4390,4779,4432,4430,4264,4258,4208,4311,4362,4290,4335,3967,4214,4070,3994,4035,4402,4291,4139,4242,4198,4224,4099,4199,4207,4392,4186,4259,4329,4352,4235,4278,4307,4628,4452,4578,4354,4578,4268,4355,4475,4510,4579,4209,4134,4128,4169,4127,4011,4041,4110,4368,4173,4210,4481
GCAAC,2161,2157,2143,2199,2406,2213,2360,2219,2238,2219,2230,2280,2194,2441,2217,2193,2107,2139,2074,2098,2136,2140,2116,2070,2113,2145,2042,2110,2267,2172,2120,2166,2139,2132,2083,2158,2136,2179,2157,2155,2222,2176,2120,2250,2166,2328,2241,2289,2253,2342,2140,2061,2211,2211,2289,2163,2024,2026,2077,2115,2097,2078,2149,2193,2074,2124,2271
GCAAG,2502,2305,2434,2438,2515,2310,2713,2426,2471,2524,2502,2414,2420,2500,2469,2436,2493,2511,2217,2147,2320,2320,2267,2179,2172,2138,2079,2211,2474,2524,2295,2395,2405,2341,2201,2267,2413,2367,2299,2305,2209,2282,2426,2290,2364,2520,2453,2692,2301,2365,2410,2309,2533,2432,2673,2295,2194,2285,2100,2236,1980,2102,2137,2362,2427,2208,2498
GCAAT,4315,4280,4347,4499,4428,4428,4765,4425,4389,4507,4450,4460,4424,4768,4472,4481,4208,4246,4179,4372,4347,4323,4277,4056,4113,4102,4042,4072,4419,4278,4194,4322,4304,4302,4189,4223,4331,4353,4216,4260,4277,4331,4268,4234,4304,4397,4361,4648,4266,4740,4389,4266,4476,4440,4664,4297,4146,4117,4096,4070,4071,4089,4075,4350,4361,4263,4370
GCACA,1177,1156,1208,1218,1292,1158,1327,1196,1250,1220,1271,1242,1182,1257,1272,1173,1219,1184,1160,1177,1147,1179,1205,1033,1135,1056,1062,1083,1191,1174,1114,1174,1144,1150,1136,1171,1181,1217,1157,1160,1202,1172,1192,1139,1181,1231,1228,1209,1224,1215,1223,1133,1245,1267,1250,1158,1079,1117,1121,1162,1068,1106,1110,1182,1175,1145,1202
GCACC,1446,1543,1426,1478,1649,1602,1635,1539,1639,1482,1550,1532,1588,1743,1602,1549,1427,1301,1505,1546,1524,1490,1401,1408,1442,1540,1543,1492,1562,1401,1494,1504,1471,1511,1487,1552,1447,1564,1559,1477,1572,1551,1454,1535,1522,1448,1527,1510,1533,1736,1542,1453,1474,1563,1404,1436,1452,1344,1494,1447,1609,1491,1533,1526,1409,1514,1489
GCACG,839,781,791,782,836,795,882,765,853,778,847,820,780,872,794,803,744,720,788,801,797,850,806,782,758,808,812,805,798,765,752,813,812,795,785,828,789,813,784,838,820,822,744,791,757,810,866,846,777,879,798,798,811,837,829,782,794,727,761,740,777,781,768,781,824,791,818
GCACT,1209,1171,1211,1186,1292,1238,1312,1236,1221,1242,1243,1331,1240,1354,1257,1216,1159,1135,1212,1231,1207,1258,1218,1114,1170,1139,1149,1107,1233,1178,1189,1175,1162,1150,1165,1226,1198,1209,1166,1156,1252,1240,1193,1191,1244,1204,1277,1233,1246,1284,1225,1219,1184,1227,1242,1185,1161,1188,1157,1155,1124,1191,1149,1194,1169,1212,1222
GCAGA,1981,1833,1941,1932,1940,1817,2170,1995,1788,2000,2004,1879,1934,1967,1981,1899,1928,2001,1685,1718,1876,1796,1903,1825,1868,1632,1695,1756,1852,2020,1803,1929,1897,1878,1746,1723,1949,1871,1839,1812,1803,1778,1873,1790,1961,1948,1982,2086,1871,1907,1848,1853,2045,1918,2212,1881,1730,1926,1754,1835,1569,1681,1718,1884,1929,1769,1902
GCAGC,2004,1918,2020,1920,2018,2009,2143,1988,2068,2000,1984,1993,1989,2066,1999,2020,1980,1974,1918,2034,1983,1992,1921,1928,1911,1951,1884,2000,1994,1949,1915,1979,1997,1996,1930,2028,2007,1999,2015,1871,1983,1931,1963,1980,1949,2014,2062,2073,1979,2171,2004,1950,2038,2031,2014,2020,1990,1837,1908,1870,1956,1953,1952,1968,1971,1954,1989
GCAGG,1308,1156,1245,1209,1223,1122,1374,1237,1145,1243,1246,1159,1156,1192,1235,1177,1216,1306,1086,1076,1124,1176,1121,1144,1120,1038,1048,1110,1172,1268,1145,1238,1222,1193,1114,1114,1224,1205,1122,1158,1137,1151,1190,1144,1237,1290,1280,1347,1173,1162,1157,1150,1303,1214,1417,1175,1105,1216,1095,1171,961,1062,1054,1203,1234,1096,1209
GCAGT,1927,1871,1876,1934,1886,1916,2039,1883,1872,1896,1970,1836,1863,2018,1914,1964,1843,1797,1815,1851,1838,1833,1859,1878,1770,1748,1860,1798,1856,1887,1853,1864,1897,1852,1817,1829,1877,1858,1886,1886,1846,1810,1855,1888,1808,1930,1882,2031,1824,1986,1888,1812,1977,1956,2057,1805,1776,1811,1758,1804,1766,1806,1720,1881,1955,1856,1947
GCATA,1761,1806,1766,1823,1886,1871,2013,1807,1903,1792,1840,1892,1877,2119,1871,1863,1687,1637,1733,1839,1794,1837,1839,1681,1736,1827,1758,1710,1880,1710,1768,1761,1832,1752,1763,1891,1759,1749,1883,1893,1878,1877,1751,1853,1753,1876,1834,1934,1858,2110,1720,1742,1874,1850,1831,1720,1718,1654,1795,1706,1911,1812,1786,1806,1819,1873,1827
GCATC,1928,2010,1905,2058,2090,2111,2177,1985,2171,1843,1988,2056,2019,2430,1999,2046,1813,1620,1996,2202,2000,1982,1951,1933,1881,2105,2075,1992,2082,1825,1927,1870,1886,1957,1997,2083,1946,1982,2041,2062,2119,2127,1903,2084,1960,2007,2138,2029,1980,2388,1959,2000,1964,2007,1993,1982,1978,1773,1977,1861,2233,2056,1981,2035,1889,2033,2007
GCATG,1392,1358,1376,1359,1425,1346,1438,1348,1332,1348,1387,1347,1342,1421,1321,1355,1318,1340,1270,1298,1284,1359,1292,1292,1311,1261,1275,1248,1303,1365,1342,1347,1336,1324,1311,1311,1357,1353,1320,1364,1352,1323,1360,1374,1389,1431,1476,1449,1345,1344,1382,1265,1401,1361,1438,1346,1298,1343,1285,1304,1276,1269,1312,1347,1366,1298,1384
GCATT,2914,3006,2952,3120,3173,3090,3339,2993,3155,3035,3081,3022,3047,3408,3104,3032,2971,2781,2922,3076,3029,3038,3040,2846,2835,2877,2849,2885,3092,2994,2979,2968,2982,2947,3033,3043,2944,2979,3038,3127,3114,3097,2964,3010,2979,3088,3058,3208,3013,3412,3023,2919,3205,3064,3121,2995,2785,2878,2921,2874,2977,2902,2906,3032,2995,3002,3080
GCCAA,2947,2950,2956,2923,3047,3068,3175,2998,3091,3026,2961,3115,2998,3375,2998,3008,2871,2840,2907,3027,2908,2983,2900,2766,2850,2851,2858,2850,3020,2857,2863,2892,2880,2891,2920,3029,2808,2895,3003,2957,3078,2978,2931,2978,2992,3016,3003,3042,3015,3195,2868,2927,3016,2969,3068,2864,2871,2751,2875,2833,2897,2886,2914,3007,2922,2855,2941
GCCAC,1171,1234,1147,1178,1313,1285,1322,1273,1321,1207,1228,1243,1285,1399,1269,1235,1130,1122,1215,1304,1245,1214,1192,1188,1151,1242,1229,1212,1222,1165,1174,1242,1217,1207,1180,1318,1199,1200,1261,1276,1266,1294,1216,1229,1225,1186,1294,1219,1245,1367,1178,1197,1244,1225,1130,1150,1199,1127,1197,1152,1312,1222,1244,1218,1188,1256,1231
GCCAG,1561,1487,1499,1467,1579,1601,1661,1594,1602,1571,1532,1540,1597,1611,1503,1551,1449,1458,1459,1502,1478,1510,1542,1462,1485,1504,1402,1471,1462,1455,1451,1509,1571,1504,1455,1499,1566,1485,1532,1540,1516,1480,1540,1543,1525,1561,1681,1585,1470,1604,1490,1451,1498,1514,1589,1502,1448,1496,1500,1474,1502,1479,1529,1512,1503,1542,1536
GCCAT,2245,2360,2296,2394,2513,2544,2451,2444,2487,2338,2340,2486,2478,2745,2447,2468,2234,2132,2353,2593,2387,2376,2377,2261,2160,2398,2369,2349,2460,2217,2283,2288,2284,2322,2364,2439,2278,2326,2416,2399,2452,2426,2254,2436,2300,2366,2468,2390,2382,2844,2281,2394,2364,2339,2370,2319,2260,2153,2330,2214,2476,2409,2271,2406,2292,2426,2346
GCCCA,982,950,969,954,1036,1041,1056,1024,1051,953,1011,1032,1038,1133,991,1022,897,916,951,1002,963,981,1000,886,904,984,995,965,1018,911,964,958,984,971,961,1009,962,944,989,1034,1064,983,960,990,1017,976,1035,996,984,1102,943,953,956,1014,951,945,988,893,969,912,996,944,944,989,987,1013,985
GCCCC,399,384,405,394,433,427,430,386,444,377,393,423,411,476,404,397,361,340,404,407,395,412,389,358,375,406,404,417,411,333,377,375,395,402,368,424,376,403,417,440,474,410,357,420,436,404,472,385,419,451,369,374,394,396,369,350,405,335,394,373,421,406,423,403,400,392,420
GCCCG,413,348,312,327,371,382,372,357,352,350,344,377,361,398,347,335,347,305,352,348,346,390,360,350,360,344,342,366,382,332,358,348,364,370,341,349,356,364,359,355,375,361,353,368,371,351,498,318,386,354,349,360,369,350,355,339,364,368,350,335,382,367,356,348,355,367,329
GCCCT,606,592,566,617,634,655,697,637,667,601,609,644,658,745,602,651,554,500,623,665,570,617,620,577,574,638,643,608,632,546,575,539,588,603,626,656,626,636,666,646,660,633,590,631,611,614,716,642,647,684,568,613,628,630,592,564,585,552,618,558,683,642,621,611,581,616,624
GCCGA,995,835,856,865,904,925,933,875,854,896,881,849,870,891,867,887,865,889,846,838,888,872,886,867,840,817,818,828,862,910,829,921,898,891,815,825,892,870,859,852,856,835,871,865,927,904,1040,902,849,846,870,842,909,914,956,852,825,847,818,866,775,792,863,870,862,878,904
GCCGC,1074,946,945,895,977,973,949,962,951,950,948,973,926,999,968,953,866,859,868,958,907,1001,905,914,883,883,907,929,942,878,860,924,932,950,924,949,908,961,921,934,957,972,928,945,934,984,1211,917,933,975,941,942,952,955,943,868,938,918,872,848,969,951,885,926,930,938,908
GCCGG,655,550,520,551,605,574,575,582,562,565,569,538,573,557,577,585,563,558,524,515,548,599,565,611,551,536,506,552,556,589,531,569,549,570,537,520,558,540,549,567,534,541,601,557,586,589,730,555,587,530,560,561,585,566,583,573,528,553,534,535,513,527,538,575,547,546,560
GCCGT,979,936,934,949,1022,1016,1039,1008,985,1022,989,1003,1031,1000,1012,1004,941,929,931,987,983,1028,973,942,914,917,916,958,989,941,916,936,959,990,963,954,996,952,986,1007,982,993,985,971,1048,994,1086,1035,936,1030,966,919,968,981,1013,947,936,940,923,911,953,965,898,937,1006,1005,943
GCCTA,1027,957,1014,1046,1026,1009,1185,1084,1047,1053,1026,1064,1088,1161,1021,1021,970,999,964,989,977,1008,996,950,969,971,969,988,1018,994,948,994,998,1013,1010,1018,1014,1026,1030,962,998,1001,1049,985,990,1006,1076,1146,1025,1153,1007,988,1050,1003,1092,998,992,935,969,942,944,997,977,957,986,993,1000
GCCTC,514,471,488,460,499,555,524,533,545,503,495,550,521,565,520,529,480,465,510,512,499,503,503,479,497,509,481,509,538,434,485,489,480,520,463,539,506,499,499,514,505,501,464,514,519,485,604,475,503,540,478,490,490,506,465,466,522,483,469,470,504,499,513,511,467,541,502
GCCTG,995,977,978,999,1013,1022,1090,993,1047,999,1025,1027,1018,1100,1029,1035,982,915,993,1006,991,953,977,970,973,969,994,966,1023,957,973,971,986,995,964,1012,990,954,1047,1011,1014,1005,976,988,1007,1010,1102,1018,1019,1096,980,990,994,994,1003,950,960,954,1008,934,1047,1062,1011,1016,1001,997,966
GCCTT,2371,2433,2251,2340,2495,2638,2697,2550,2571,2399,2490,2475,2574,2822,2477,2545,2231,2052,2384,2514,2376,2501,2490,2388,2341,2485,2456,2383,2478,2227,2354,2340,2451,2412,2436,2526,2378,2347,2552,2525,2530,2477,2397,2465,2383,2371,2605,2554,2491,2861,2343,2371,2390,2379,2418,2384,2363,2238,2450,2267,2633,2556,2400,2400,2402,2451,2358
GCGAA,1113,1076,1136,1131,1140,1062,1174,1129,1102,1075,1094,1116,1077,1132,1082,1101,1107,1114,1009,1010,1045,1138,1095,1051,1071,1014,1026,1062,1099,1105,1094,1080,1081,1077,1056,1068,1112,1056,1079,1049,1075,1079,1136,1114,1149,1177,1196,1150,1113,1064,1090,1106,1100,1105,1169,1035,1038,1077,1054,1018,1043,1050,1072,1068,1113,1036,1089
GCGAC,758,638,663,646,675,683,714,664,662,690,682,657,650,691,687,659,652,681,625,658,630,670,636,674,668,632,645,620,630,639,634,695,694,662,634,667,703,694,676,657,678,672,677,665,687,712,813,698,656,668,653,618,663,675,688,641,629,621,677,676,656,651,675,682,668,691,667
GCGAG,559,476,501,473,503,497,529,483,485,465,512,468,488,471,505,517,490,511,457,446,479,509,469,474,457,425,425,457,465,515,481,499,483,459,470,435,479,449,451,520,495,470,483,492,531,501,611,527,467,434,473,466,540,514,542,472,429,453,445,483,413,399,438,492,493,437,497
GCGAT,1608,1436,1554,1589,1566,1534,1676,1584,1520,1548,1591,1523,1555,1560,1576,1586,1550,1568,1470,1510,1481,1531,1598,1547,1467,1441,1414,1481,1500,1579,1449,1574,1560,1532,1547,1523,1564,1534,1552,1506,1433,1534,1609,1524,1580,1635,1631,1672,1558,1614,1555,1518,1605,1548,1682,1539,1550,1498,1452,1442,1418,1470,1470,1527,1603,1521,1556
GCGCA,918,870,879,864,920,843,948,828,900,871,862,845,864,920,900,846,810,820,830,843,830,854,814,837,853,834,832,837,906,880,822,848,819,836,825,877,832,880,846,851,838,864,825,815,861,918,1001,893,871,852,827,831,906,869,896,850,825,822,850,846,828,813,850,855,833,800,852
GCGCC,684,575,577,522,594,602,615,560,613,542,590,600,583,644,572,577,524,496,570,576,538,621,558,581,554,590,545,567,588,509,522,550,589,594,570,600,587,571,627,585,611,608,553,598,606,599,789,584,585,601,558,555,595,540,580,552,579,537,577,500,594,599,580,551,578,623,546
GCGCG,539,404,409,403,448,396,422,426,393,433,398,403,405,367,426,418,416,417,386,375,429,448,389,459,400,397,395,433,385,417,412,424,410,436,403,401,419,391,410,418,405,428,449,418,492,445,625,429,391,375,392,394,429,438,443,408,380,419,399,433,413,405,431,391,422,395,404
GCGCT,828,782,806,811,861,863,829,878,785,846,845,842,846,879,835,838,787,780,800,771,774,840,787,787,766,769,791,794,840,808,806,842,831,795,763,784,823,822,763,804,794,814,821,816,832,829,948,825,795,835,805,768,816,825,822,780,793,792,752,813,825,780,770,817,818,806,854
GCGGA,833,730,747,748,840,796,826,815,768,836,762,773,769,813,796,810,780,757,708,686,729,760,739,788,792,727,694,729,768,835,780,841,779,780,755,733,825,773,725,707,744,752,790,785,807,811,846,808,803,787,779,727,771,785,861,820,737,791,754,754,702,710,778,725,757,732,815
GCGGC,1085,919,940,969,1031,973,1037,976,989,990,992,965,1015,987,992,977,939,935,931,850,910,945,928,971,917,936,891,934,968,971,930,972,961,943,901,945,988,928,974,972,940,955,969,951,1061,995,1146,970,973,932,888,870,981,976,981,948,870,884,935,968,881,865,969,930,968,904,952
GCGGG,492,401,439,425,436,411,409,433,396,441,434,384,436,371,442,458,420,452,383,369,383,411,395,444,399,389,399,407,403,474,401,439,433,412,417,399,456,410,418,426,374,406,457,415,500,463,529,455,417,370,415,362,431,452,466,419,375,414,428,434,363,379,388,412,443,375,414
GCGGT,1066,980,956,1013,1079,1060,1119,1066,999,1055,1014,1016,1006,1047,1007,1053,985,926,941,898,1021,1005,1014,1029,965,992,948,936,996,1036,971,1061,1014,1019,962,946,1013,965,974,988,971,1011,1045,999,1032,1083,1077,1088,995,1058,1012,975,1081,1070,1106,977,921,1004,936,985,933,988,950,999,1050,995,1038
GCGTA,1111,1074,1052,1046,1084,1130,1170,1146,1054,1143,1154,1101,1117,1168,1161,1097,1033,1072,1002,1091,1018,1054,1065,1035,1008,1032,1024,989,1136,1062,1017,1055,1092,1123,1034,1033,1115,1102,1081,1067,1008,1114,1099,1119,1063,1094,1183,1155,1052,1145,1065,1061,1086,1088,1153,1095,1048,1038,973,1023,1031,1029,1007,1131,1067,1109,1060
GCGTC,715,656,650,639,706,731,730,714,695,687,716,691,729,722,687,697,624,626,677,680,635,717,662,679,606,657,654,679,701,613,629,652,675,695,644,698,678,661,687,699,725,678,702,687,720,683,788,717,662,724,629,654,697,678,695,630,685,617,640,640,676,671,640,671,686,710,687
GCGTG,864,781,884,780,860,852,931,933,829,926,832,854,892,875,871,881,848,864,737,772,809,825,820,862,855,739,746,795,807,870,832,841,821,851,777,738,846,803,844,804,795,810,870,755,906,829,922,905,789,801,792,782,828,851,925,839,811,875,796,856,708,785,793,869,852,784,809
GCGTT,1425,1410,1467,1377,1468,1556,1521,1542,1431,1488,1488,1516,1500,1571,1512,1503,1351,1390,1358,1367,1390,1415,1393,1454,1404,1352,1378,1404,1508,1478,1378,1526,1461,1527,1376,1464,1445,1435,1492,1439,1405,1453,1458,1422,1470,1479,1502,1522,1416,1394,1425,1342,1424,1360,1527,1392,1371,1391,1317,1385,1368,1368,1344,1379,1482,1419,1431
GCTAA,3922,3772,3903,4014,4014,3896,4203,3905,3871,4073,4022,3942,3939,4086,3924,4018,3942,3932,3674,3861,3808,3754,3895,3742,3661,3584,3563,3673,3900,4011,3762,3824,3834,3887,3770,3733,3854,3844,3770,3894,3816,3799,3948,3902,3981,4024,4001,4198,3834,4137,3893,3721,4046,4033,4225,3884,3679,3840,3605,3709,3414,3582,3546,4038,3894,3801,3916
GCTAC,1659,1557,1658,1716,1697,1631,1816,1699,1678,1753,1681,1715,1702,1851,1736,1695,1675,1622,1602,1653,1600,1599,1588,1534,1603,1525,1523,1528,1721,1611,1544,1632,1585,1630,1561,1652,1630,1650,1624,1603,1632,1641,1604,1607,1667,1676,1633,1685,1634,1770,1639,1573,1724,1646,1754,1569,1577,1542,1617,1568,1600,1553,1628,1624,1587,1585,1646
GCTAG,1498,1463,1449,1463,1497,1516,1611,1569,1532,1594,1513,1513,1594,1581,1566,1565,1495,1526,1375,1406,1454,1424,1489,1437,1456,1400,1362,1402,1460,1529,1465,1515,1473,1474,1453,1437,1463,1505,1458,1452,1483,1449,1508,1447,1527,1523,1505,1585,1502,1534,1480,1443,1583,1532,1601,1471,1359,1456,1400,1436,1338,1358,1425,1493,1453,1394,1461
GCTAT,2012,1921,1996,2020,2099,1945,2218,2004,1975,2125,2109,2056,1997,2011,2025,2026,2049,2063,1803,1927,1964,1953,2018,1877,1906,1734,1820,1821,1940,2056,1932,2022,1970,1967,1890,1919,2004,2018,1930,1903,1930,1959,2035,1926,2016,2109,2086,2189,1957,2040,2033,1927,2118,2030,2202,1953,1837,1993,1822,1922,1668,1817,1775,2083,1947,1867,1999
GCTCA,1716,1618,1712,1750,1698,1657,1863,1705,1758,1745,1719,1741,1676,1777,1704,1664,1689,1660,1628,1631,1638,1719,1702,1588,1604,1545,1552,1635,1684,1686,1628,1652,1673,1654,1605,1683,1690,1664,1625,1638,1622,1635,1744,1621,1665,1701,1727,1807,1654,1795,1712,1687,1785,1761,1790,1682,1626,1630,1576,1608,1550,1580,1627,1678,1672,1621,1700
GCTCC,770,764,759,745,817,800,814,810,803,787,737,787,808,863,809,762,690,708,786,809,727,772,779,719,720,731,733,764,814,759,736,737,754,753,774,805,758,788,785,782,816,785,787,814,793,784,848,796,782,868,737,712,809,748,806,758,756,723,743,715,803,783,783,805,717,787,767
GCTCG,713,622,598,563,635,669,716,674,646,662,603,618,675,645,635,624,624,659,586,597,601,694,651,630,595,595,570,606,594,600,571,654,639,590,571,607,658,603,662,603,599,587,672,627,662,632,805,674,625,612,619,648,690,608,660,612,577,613,585,610,590,605,614,632,629,667,609
GCTCT,1155,1140,1149,1164,1205,1262,1288,1203,1266,1228,1180,1268,1237,1416,1243,1221,1115,1088,1132,1215,1168,1190,1163,1108,1049,1155,1118,1122,1225,1076,1065,1113,1101,1152,1138,1230,1092,1098,1133,1154,1185,1186,1112,1184,1106,1160,1196,1259,1136,1313,1144,1159,1146,1185,1196,1101,1162,1053,1060,1034,1179,1162,1111,1171,1158,1218,1174
GCTGA,2424,2387,2404,2408,2494,2399,2639,2519,2402,2661,2473,2435,2453,2481,2495,2438,2405,2488,2186,2185,2294,2383,2395,2228,2289,2110,2114,2202,2362,2468,2291,2434,2335,2342,2209,2239,2337,2333,2267,2286,2242,2220,2444,2287,2417,2437,2428,2503,2393,2382,2427,2295,2505,2386,2575,2313,2183,2370,2222,2319,2042,2123,2225,2384,2355,2206,2404
GCTGC,2048,1979,1932,2065,2039,1990,2036,2019,1931,1998,2013,2003,2010,2107,2019,2000,1955,1920,1962,1951,1959,2011,2045,1913,1906,1880,1917,1849,1998,1998,1978,1961,1945,1941,1978,1917,1937,1940,1927,2072,1960,2026,1978,1963,2038,2033,2167,2058,1955,2042,1948,1986,2036,1990,1953,1912,1835,1984,1912,1951,1879,1900,1870,2076,1963,1983,2007
GCTGG,1992,1865,1977,1941,1999,1915,2048,1959,1929,2031,2094,1946,1953,2033,2009,1944,1935,1974,1898,1806,1935,1913,1891,1898,1827,1798,1766,1844,2000,2042,1875,1930,1922,1899,1857,1923,1901,1949,1859,1944,1851,1908,1936,1859,1988,2058,1999,2075,1935,1940,1926,1882,1998,2009,2111,1868,1837,1882,1779,1890,1660,1757,1758,2026,1950,1846,2010
GCTGT,1513,1521,1500,1603,1555,1630,1700,1615,1627,1622,1585,1611,1597,1656,1591,1622,1516,1485,1429,1557,1545,1596,1604,1500,1418,1430,1434,1518,1570,1515,1472,1529,1548,1584,1509,1510,1532,1530,1559,1628,1477,1589,1586,1516,1537,1556,1602,1701,1515,1669,1534,1550,1610,1601,1665,1496,1477,1515,1475,1490,1449,1514,1410,1570,1511,1497,1525
GCTTA,2750,2724,2831,2837,2912,2912,3166,2911,2902,2832,2932,2905,2912,3215,2901,2944,2744,2658,2731,2829,2820,2831,2829,2682,2689,2723,2767,2705,2867,2755,2743,2757,2814,2768,2711,2910,2846,2791,2877,2854,2813,2868,2839,2794,2770,2864,2858,3089,2805,3055,2811,2802,2886,2845,3041,2697,2785,2649,2724,2692,2748,2823,2687,2897,2782,2783,2813
GCTTC,2330,2402,2280,2424,2488,2533,2645,2424,2562,2337,2392,2541,2468,2850,2386,2385,2199,2077,2364,2544,2399,2446,2381,2274,2214,2441,2443,2375,2476,2157,2267,2268,2386,2398,2401,2539,2317,2314,2434,2417,2436,2532,2359,2493,2261,2422,2467,2519,2384,2772,2400,2408,2384,2407,2417,2320,2340,2136,2369,2266,2639,2564,2340,2315,2330,2396,2369
GCTTG,2456,2522,2491,2595,2715,2815,2855,2749,2643,2736,2635,2661,2762,2910,2739,2738,2427,2468,2527,2753,2529,2620,2665,2574,2435,2563,2476,2522,2672,2554,2523,2664,2613,2698,2576,2568,2619,2613,2704,2674,2615,2682,2577,2707,2688,2598,2680,2831,2664,2945,2537,2543,2702,2641,2803,2582,2520,2409,2464,2411,2518,2545,2433,2611,2618,2697,2566
GCTTT,4429,4320,4313,4311,4475,4612,4990,4636,4454,4549,4608,4457,4566,4849,4558,4597,4255,4186,4229,4472,4287,4296,4254,4392,4203,4286,4287,4280,4467,4370,4273,4513,4518,4477,4246,4504,4475,4435,4491,4399,4351,4420,4460,4466,4391,4400,4516,4818,4379,4935,4405,4164,4510,4424,4901,4406,4224,4244,4164,4267,4356,4406,4191,4483,4430,4388,4338
GGAAA,2428,2282,2283,2438,2438,2324,2607,2523,2347,2502,2468,2354,2394,2326,2405,2445,2431,2425,2131,2231,2246,2280,2325,2246,2232,2152,2014,2238,2317,2459,2181,2426,2323,2272,2247,2148,2336,2309,2199,2286,2190,2246,2398,2279,2351,2520,2425,2553,2358,2472,2456,2318,2489,2501,2547,2366,2180,2324,2137,2229,1941,2059,2188,2363,2314,2199,2410
GGAAC,1178,1132,1110,1143,1221,1107,1325,1149,1168,1166,1210,1153,1156,1217,1209,1182,1115,1110,1099,1143,1122,1104,1116,1125,1164,1121,1116,1040,1178,1176,1056,1133,1149,1144,1077,1149,1178,1143,1177,1093,1117,1130,1121,1156,1090,1244,1182,1244,1188,1192,1127,1108,1209,1186,1226,1148,1058,1096,1103,1145,1134,1120,1106,1162,1122,1109,1153
GGAAG,1325,1227,1288,1324,1353,1206,1411,1338,1250,1408,1346,1275,1283,1292,1352,1301,1349,1413,1101,1181,1235,1253,1265,1205,1196,1127,1065,1162,1222,1336,1197,1270,1231,1291,1220,1127,1297,1257,1184,1254,1184,1195,1266,1277,1302,1299,1361,1431,1245,1263,1309,1258,1376,1372,1415,1268,1100,1290,1143,1250,1011,1096,1129,1280,1286,1189,1301
GGAAT,2588,2507,2555,2640,2644,2560,2860,2622,2572,2678,2646,2528,2647,2689,2667,2681,2611,2619,2495,2510,2525,2551,2584,2511,2418,2409,2350,2370,2560,2639,2530,2614,2622,2532,2528,2447,2646,2594,2493,2483,2484,2461,2556,2600,2589,2606,2633,2766,2514,2787,2611,2572,2685,2710,2788,2547,2459,2485,2367,2376,2295,2383,2391,2626,2622,2494,2631
GGACA,1136,1019,1041,1040,1108,1049,1205,1122,1053,1109,1060,1063,1032,1052,1130,1133,1088,1150,960,949,1049,1008,1027,1032,1017,962,934,955,1049,1098,1005,1088,1077,1028,929,1013,1092,1036,1032,957,1027,986,1067,998,1076,1154,1088,1144,1076,1008,1054,1017,1150,1026,1136,1017,970,1026,978,1023,906,956,976,1073,1071,945,1058
GGACC,561,558,573,596,613,602,618,627,586,587,595,581,573,611,570,609,576,546,548,566,557,576,554,571,570,577,591,571,567,582,586,568,591,567,548,563,586,552,567,583,567,560,601,572,590,567,632,575,569,626,589,584,583,615,613,565,570,564,549,559,581,570,560,599,616,557,592
GGACG,693,611,627,630,671,593,684,656,635,654,684,602,618,659,660,620,653,614,579,544,628,638,584,581,602,550,564,548,610,656,639,669,643,622,597,615,628,629,579,588,585,586,644,611,642,665,716,638,611,640,643,607,686,632,710,636,549,605,600,585,557,582,586,593,621,548,640
GGACT,971,926,965,977,967,947,1046,1034,950,1029,1029,990,952,992,1033,1008,959,966,910,907,905,958,963,910,904,848,827,880,945,974,919,918,924,958,878,919,955,939,902,920,873,906,942,906,953,975,1021,1018,959,1000,946,935,1000,932,1056,919,894,962,898,906,845,876,888,901,965,907,928
GGAGA,841,737,798,799,753,752,922,815,764,807,812,758,774,811,804,798,835,865,693,713,736,723,772,754,727,709,646,729,739,840,720,848,811,775,730,707,802,775,761,702,686,709,809,718,804,853,780,891,758,790,825,786,855,838,916,758,713,774,716,773,624,689,693,805,818,732,785
GGAGC,848,759,788,798,814,790,870,783,785,802,850,800,779,821,785,811,820,784,708,744,807,790,762,769,756,748,733,722,770,797,759,807,786,790,737,740,787,753,767,777,740,778,768,739,786,826,847,843,780,834,802,817,758,802,855,772,720,749,735,759,689,714,698,769,822,755,804
GGAGG,484,413,474,446,460,448,489,437,447,431,482,440,411,389,428,415,461,443,378,357,426,420,445,397,407,360,344,380,425,467,410,406,421,395,371,429,397,395,398,425,387,399,424,386,404,512,450,485,411,416,427,433,488,429,482,431,383,423,393,414,341,364,352,443,420,361,447
GGAGT,825,802,797,817,855,849,930,860,847,838,847,823,816,890,824,876,808,790,792,810,806,822,784,816,793,751,767,779,817,839,821,861,812,856,777,782,877,808,808,772,741,792,860,785,834,874,813,903,842,895,809,796,846,901,920,838,731,770,784,790,764,779,740,814,819,747,808
GGATA,1614,1593,1573,1664,1660,1656,1862,1708,1652,1667,1652,1621,1657,1710,1626,1642,1621,1639,1493,1561,1513,1542,1582,1538,1490,1478,1438,1511,1631,1616,1503,1635,1610,1632,1560,1525,1617,1619,1542,1550,1531,1598,1596,1594,1567,1687,1605,1821,1580,1786,1613,1562,1637,1627,1766,1592,1439,1509,1482,1505,1483,1465,1478,1662,1568,1524,1654
GGATC,1395,1383,1327,1394,1404,1446,1526,1373,1434,1332,1391,1388,1369,1506,1354,1415,1340,1249,1385,1412,1383,1371,1365,1344,1342,1365,1339,1295,1371,1382,1308,1331,1368,1351,1383,1369,1363,1368,1356,1370,1350,1381,1324,1408,1345,1450,1478,1491,1372,1545,1370,1380,1418,1425,1449,1400,1308,1304,1306,1309,1385,1354,1322,1409,1357,1405,1419
GGATG,1679,1460,1559,1576,1482,1567,1693,1704,1535,1705,1637,1524,1565,1498,1588,1668,1617,1681,1447,1414,1493,1528,1584,1568,1499,1392,1391,1488,1534,1638,1466,1655,1599,1606,1484,1443,1593,1502,1500,1510,1382,1500,1670,1489,1607,1598,1621,1796,1509,1633,1615,1522,1648,1580,1796,1591,1468,1572,1440,1500,1275,1475,1363,1543,1564,1522,1539
GGATT,2303,2220,2208,2267,2280,2263,2501,2318,2255,2382,2380,2220,2319,2396,2385,2361,2247,2269,2118,2183,2232,2098,2278,2147,2023,2096,2045,2141,2339,2326,2185,2284,2212,2278,2194,2216,2303,2193,2227,2249,2147,2188,2321,2242,2278,2269,2268,2450,2212,2512,2274,2236,2386,2371,2476,2276,2052,2154,2078,2157,2023,2093,2050,2228,2252,2144,2276
GGCAA,3136,3005,3094,3144,3231,2938,3374,3036,3061,3181,3184,3110,3018,3215,3133,3085,3121,3172,2857,2869,3015,2930,2940,2815,2915,2788,2737,2798,3107,3163,2885,3023,2955,2982,2892,2845,3030,3084,2879,2952,2925,2936,2988,2981,3071,3174,3127,3230,3028,3073,3064,2936,3148,3225,3359,2976,2826,2916,2781,2916,2619,2742,2844,3067,3073,2878,3180
GGCAC,966,985,1025,1007,1105,1066,1098,1030,1053,1034,1086,1078,1036,1119,1056,985,972,954,977,1003,920,1036,947,931,981,927,955,925,1007,973,975,1005,955,1023,971,1012,963,1024,953,998,1052,1044,986,1004,1014,1031,1047,1021,1026,1056,1038,932,1011,1048,1018,982,940,947,929,947,932,949,936,989,982,1014,1025
GGCAG,1297,1161,1188,1185,1221,1146,1322,1193,1170,1227,1184,1149,1207,1201,1220,1146,1207,1250,1088,1089,1164,1169,1149,1191,1140,1066,1040,1089,1128,1252,1116,1257,1222,1185,1119,1096,1237,1192,1155,1114,1124,1127,1191,1170,1195,1228,1221,1298,1148,1202,1188,1167,1286,1169,1332,1216,1102,1174,1078,1162,1017,1084,1054,1195,1207,1130,1173
GGCAT,1690,1723,1737,1690,1755,1657,1792,1651,1716,1663,1693,1698,1674,1848,1731,1685,1625,1592,1599,1708,1644,1723,1641,1638,1586,1670,1640,1640,1726,1666,1636,1667,1670,1646,1687,1728,1672,1689,1688,1707,1734,1750,1623,1771,1700,1729,1812,1773,1665,1812,1700,1664,1783,1691,1811,1679,1611,1634,1611,1640,1646,1631,1650,1743,1670,1674,1727
GGCCA,899,911,950,903,967,939,875,920,932,937,883,934,929,962,942,922,878,944,909,963,898,937,932,910,896,932,893,932,906,900,907,902,893,886,888,927,854,874,925,937,938,932,909,925,929,941,996,897,906,1089,893,903,932,955,894,891,930,884,904,918,940,898,915,983,913,893,900
GGCCC,330,285,311,296,301,300,292,307,284,286,292,302,298,310,290,288,296,295,293,299,283,298,291,294,291,272,289,309,307,287,282,270,280,293,286,291,304,298,284,297,280,303,284,288,307,298,359,291,286,274,307,295,300,303,300,296,295,297,281,269,294,279,278,316,285,284,315
GGCCG,623,496,468,499,482,485,497,473,476,480,524,451,467,441,482,495,521,492,487,465,536,505,501,522,471,470,456,484,493,517,464,502,490,508,485,441,502,499,441,468,464,469,499,472,533,493,664,508,486,489,518,494,510,540,539,496,479,489,468,505,450,468,491,475,506,484,516
GGCCT,698,614,614,621,636,601,656,615,627,616,618,627,629,609,614,624,584,526,597,554,575,633,652,617,626,618,640,601,608,600,589,618,625,599,620,641,635,613,633,588,602,607,591,598,600,636,742,624,623,695,596,607,659,616,644,611,586,614,640,602,644,653,632,590,607,606,575
GGCGA,1126,914,1003,1036,1027,943,1043,989,953,1010,997,942,977,948,987,998,1029,1073,895,891,970,1028,1002,967,952,854,819,880,964,1021,939,1019,964,967,935,928,1020,963,933,919,900,948,1006,946,1040,1079,1117,1014,971,899,997,969,1062,1010,1070,958,934,951,913,952,802,879,907,976,982,927,1005
GGCGC,660,573,586,596,680,564,601,600,546,619,573,562,581,570,604,571,553,570,552,519,562,581,546,580,559,534,566,577,607,641,602,610,564,564,538,562,574,589,531,582,548,584,606,561,631,633,746,606,571,547,566,531,612,615,612,575,534,576,541,619,553,528,568,575,584,520,613
GGCGG,818,659,687,715,749,639,737,690,634,738,717,653,671,610,697,710,734,701,639,562,681,676,677,677,638,558,578,586,681,734,667,692,649,662,652,644,724,693,610,614,599,702,715,641,700,762,817,744,661,642,654,638,694,730,767,655,580,682,624,672,540,571,621,683,696,627,701
GGCGT,1069,975,1021,970,1095,1022,1045,1038,991,1076,1043,1025,1017,1028,1084,997,988,989,983,891,925,981,940,998,996,922,912,945,1031,1012,989,979,981,1022,940,940,1019,1029,1001,975,966,1001,1024,998,1049,1059,1124,1050,1012,960,979,902,1019,1005,1103,969,962,985,943,989,922,946,938,988,1027,972,1042
GGCTA,1804,1708,1799,1831,1829,1745,1908,1766,1743,1865,1870,1808,1771,1735,1837,1797,1876,1865,1628,1678,1750,1697,1717,1733,1710,1595,1598,1680,1807,1877,1685,1807,1809,1758,1673,1731,1832,1815,1739,1709,1690,1744,1826,1724,1851,1923,1819,1941,1762,1747,1752,1702,1888,1808,1983,1775,1701,1772,1654,1716,1551,1584,1632,1838,1765,1674,1779
GGCTC,870,798,820,835,842,822,939,839,861,890,840,855,820,889,825,838,785,826,780,752,799,885,817,808,750,755,742,795,823,821,826,837,829,828,744,779,818,801,763,790,780,810,870,804,806,844,891,880,775,877,849,821,886,827,885,820,784,823,751,763,757,767,758,817,818,808,846
GGCTG,1396,1316,1321,1364,1384,1282,1450,1379,1293,1415,1398,1322,1350,1381,1366,1326,1329,1350,1239,1228,1277,1338,1368,1285,1272,1193,1211,1234,1327,1351,1293,1375,1360,1310,1278,1288,1305,1303,1295,1346,1267,1294,1331,1286,1358,1405,1390,1399,1310,1274,1355,1274,1418,1331,1419,1261,1189,1292,1234,1265,1174,1180,1243,1363,1361,1280,1317
GGCTT,2436,2453,2552,2583,2587,2655,2853,2685,2584,2663,2752,2622,2650,2765,2724,2673,2400,2405,2384,2533,2475,2544,2554,2463,2339,2440,2465,2459,2559,2556,2414,2593,2613,2551,2414,2567,2570,2513,2622,2597,2422,2617,2636,2501,2519,2627,2663,2808,2514,2707,2533,2454,2629,2601,2771,2468,2418,2390,2389,2469,2410,2453,2293,2529,2566,2518,2509
GGGAA,1103,985,1005,1108,1038,1067,1172,1090,990,1100,1040,1009,1058,1059,1050,1142,1068,1116,973,976,976,1017,1054,1030,961,960,913,962,990,1087,979,1083,1055,1022,965,927,1063,1062,986,981,969,990,1061,1055,1053,1122,1100,1144,988,1101,1079,998,1064,1104,1138,1027,967,991,909,1000,862,877,949,1044,1067,992,1120
GGGAC,596,500,552,558,561,535,596,592,571,565,593,540,554,539,588,587,575,585,469,506,542,528,539,549,529,474,476,493,508,572,533,567,567,557,509,506,570,541,521,538,499,526,562,493,545,572,611,584,551,540,560,568,612,555,621,553,517,553,519,520,456,490,488,570,567,479,537
GGGAG,405,361,384,362,384,350,422,392,362,401,384,355,363,345,389,344,386,394,345,343,361,358,341,393,354,342,316,362,371,399,343,391,357,375,345,361,380,365,366,373,332,374,401,356,369,398,403,438,370,384,356,377,393,386,451,383,338,380,345,366,300,328,328,376,370,361,364
GGGAT,1327,1267,1275,1308,1265,1264,1379,1365,1262,1331,1316,1186,1282,1228,1328,1316,1356,1369,1182,1186,1317,1220,1274,1299,1193,1152,1132,1237,1304,1396,1207,1387,1297,1322,1242,1198,1331,1255,1191,1213,1134,1231,1369,1221,1301,1326,1293,1491,1232,1388,1344,1296,1343,1331,1492,1378,1175,1269,1191,1258,1093,1177,1121,1279,1307,1233,1280
GGGCA,960,889,927,915,952,871,994,917,842,959,947,904,877,889,965,900,911,949,802,841,850,909,837,918,885,817,778,829,901,991,856,959,934,906,869,864,954,929,886,880,835,914,940,884,904,971,1000,1015,891,908,931,860,944,895,1043,950,832,904,811,853,767,810,817,899,973,864,926
GGGCC,343,291,289,297,304,289,295,280,303,301,295,285,291,277,297,307,289,282,283,285,303,302,290,301,288,309,287,278,283,302,286,310,298,283,290,296,278,278,293,282,297,287,293,289,286,310,376,288,288,354,282,292,307,315,297,277,286,282,301,312,295,305,305,294,294,286,266
GGGCG,502,430,461,442,468,409,440,413,427,446,415,389,419,400,434,418,433,445,402,386,428,425,405,435,407,355,367,398,418,457,416,445,409,420,417,411,421,440,399,402,399,446,435,433,473,486,551,437,424,375,406,401,437,441,509,416,360,429,400,442,356,388,375,407,409,391,434
GGGCT,834,796,806,829,829,785,846,846,768,866,839,794,808,810,842,847,774,787,743,713,770,766,797,794,745,715,710,758,819,855,771,858,811,822,767,793,823,786,789,769,694,812,870,784,813,863,872,887,769,797,803,759,814,793,900,801,743,785,714,771,699,730,723,792,816,755,790
GGGGA,612,528,529,598,547,574,641,612,580,603,576,542,585,523,569,613,614,628,499,530,563,557,566,623,544,541,486,546,565,630,535,642,587,578,561,504,635,564,533,548,501,529,637,537,574,599,576,663,560,579,583,577,587,588,675,627,532,564,502,562,480,484,508,582,581,523,568
GGGGC,472,421,412,425,434,388,435,429,370,438,420,391,405,388,419,424,419,436,374,387,401,416,420,437,406,380,372,380,422,479,405,459,434,428,432,413,459,426,411,391,353,430,471,408,409,451,485,470,405,420,411,421,437,420,494,440,378,447,392,413,369,381,364,418,435,400,384
GGGGG,223,186,187,196,204,162,199,194,182,203,179,168,174,166,187,184,178,193,167,151,145,152,147,173,171,134,143,153,185,222,184,196,166,173,164,168,194,209,162,169,150,169,194,185,194,225,213,208,184,188,176,164,206,196,222,201,138,197,161,192,127,139,153,189,152,159,199
GGGGT,473,422,433,440,468,443,478,436,480,474,459,425,435,415,447,436,442,453,402,400,438,402,416,435,408,417,396,405,475,503,432,460,469,429,408,438,463,460,411,429,404,430,466,430,457,485,491,482,442,428,432,452,489,446,520,472,398,430,410,427,371,394,395,456,430,388,462
GGGTA,968,864,900,917,965,876,1025,948,903,992,967,928,918,902,965,920,910,948,831,807,885,867,909,893,903,860,796,820,895,988,810,931,932,893,854,851,902,886,897,926,859,894,932,901,925,970,948,1021,895,953,891,914,1053,912,1048,892,849,899,846,881,758,877,843,926,934,873,950
GGGTC,495,455,452,411,462,465,469,485,446,471,453,484,485,471,489,468,415,434,417,421,458,440,444,418,406,440,430,429,458,427,412,450,467,465,427,462,446,434,461,451,413,456,462,487,473,448,524,492,417,484,432,431,451,449,490,459,405,411,419,453,396,446,400,432,428,453,440
GGGTG,816,686,766,702,707,727,781,745,740,801,772,730,731,666,763,760,735,777,688,649,671,721,709,726,682,631,606,669,699,803,681,790,746,721,698,645,769,718,651,721,674,676,740,733,790,762,783,832,662,686,776,691,774,734,864,785,663,742,646,723,569,643,650,737,758,689,791
GGGTT,883,850,875,891,899,882,981,920,920,916,924,840,911,919,905,913,864,845,814,832,837,820,889,889,839,846,791,836,931,947,857,944,900,880,859,834,928,884,828,914,847,864,920,863,930,889,932,922,890,888,900,849,950,929,1011,895,810,885,825,841,786,772,841,883,876,868,912
GGTAA,3134,2964,3180,3093,3179,3013,3303,3215,3010,3294,3062,3213,3100,3178,3144,3090,3058,3242,2826,2836,3042,3026,3168,3009,3048,2886,2710,2842,3015,3191,2958,3185,3038,3095,2996,2867,3060,3008,2940,3028,3002,3033,3142,3034,3137,3185,3140,3439,2993,3226,3112,3036,3260,3160,3470,3118,2965,3125,2799,3031,2680,2870,2907,3111,3124,3041,3215
GGTAC,1333,1240,1271,1278,1263,1230,1353,1289,1293,1338,1285,1248,1282,1321,1304,1298,1257,1286,1189,1167,1197,1226,1237,1180,1174,1124,1124,1187,1269,1316,1217,1280,1264,1257,1206,1199,1222,1240,1190,1283,1218,1227,1271,1230,1280,1284,1291,1395,1193,1314,1267,1264,1344,1281,1378,1254,1161,1233,1164,1226,1067,1156,1154,1267,1247,1196,1283
GGTAG,1224,1124,1156,1171,1221,1241,1362,1261,1145,1269,1255,1187,1169,1171,1207,1195,1234,1290,1054,1082,1171,1157,1157,1157,1105,1056,1074,1090,1145,1256,1154,1244,1246,1214,1101,1080,1180,1134,1101,1166,1111,1103,1185,1142,1224,1223,1152,1342,1126,1221,1232,1145,1225,1241,1363,1159,1096,1176,1036,1142,1011,1069,1060,1204,1260,1106,1185
GGTAT,1787,1611,1730,1770,1773,1749,1947,1812,1732,1863,1850,1830,1776,1817,1868,1834,1772,1799,1665,1684,1717,1697,1777,1676,1625,1565,1547,1609,1711,1784,1601,1719,1691,1663,1663,1664,1788,1748,1750,1723,1672,1741,1773,1756,1780,1809,1861,1980,1703,1844,1781,1811,1911,1750,1943,1703,1633,1702,1615,1655,1523,1697,1548,1779,1759,1717,1769
GGTCA,1847,1707,1756,1671,1828,1757,1968,1785,1751,1793,1848,1824,1786,1839,1795,1842,1743,1687,1683,1613,1751,1740,1746,1688,1679,1699,1665,1660,1724,1730,1663,1730,1762,1712,1628,1702,1794,1758,1743,1743,1707,1672,1799,1743,1780,1835,1850,1860,1728,1797,1753,1732,1865,1799,1931,1718,1734,1734,1635,1684,1627,1736,1651,1758,1751,1713,1796
GGTCC,631,573,583,579,593,582,605,556,598,598,588,604,613,611,614,587,574,585,576,605,610,575,623,554,548,542,526,554,597,553,538,581,556,581,567,590,566,594,579,565,578,591,546,574,564,606,608,598,574,594,565,575,627,598,604,573,548,552,570,563,549,553,561,596,533,595,582
GGTCG,790,657,717,639,728,707,751,711,714,706,701,672,713,675,679,722,749,752,630,601,690,730,736,709,689,648,637,673,660,707,662,710,707,706,698,653,704,629,697,712,647,662,733,670,739,701,793,746,672,664,728,706,783,698,740,692,630,712,632,683,593,632,656,726,702,666,727
GGTCT,944,890,947,932,942,1024,1054,978,1033,980,970,973,969,1079,990,989,911,875,916,980,949,952,969,893,862,914,910,915,935,872,895,932,932,963,929,961,967,925,973,977,944,958,970,940,974,969,946,1043,929,1058,949,940,948,952,1022,900,926,893,880,913,915,927,872,926,942,954,940
GGTGA,2268,2089,2205,2202,2163,2110,2252,2239,2109,2327,2304,2078,2178,2066,2267,2270,2295,2390,2047,1946,2175,2123,2161,2066,2099,1865,1868,1993,2147,2330,2109,2292,2198,2180,2042,1967,2189,2137,2049,2073,2033,1975,2236,2067,2317,2212,2280,2327,2135,2056,2208,2109,2279,2330,2404,2181,1970,2249,1987,2126,1724,1854,2052,2189,2201,2061,2224
GGTGC,1631,1411,1566,1530,1484,1544,1667,1607,1505,1662,1597,1612,1556,1561,1536,1578,1541,1630,1419,1475,1484,1560,1572,1521,1472,1380,1363,1431,1465,1558,1421,1498,1527,1490,1443,1450,1557,1433,1435,1521,1426,1456,1543,1463,1498,1611,1637,1652,1478,1451,1476,1520,1650,1489,1717,1534,1464,1569,1424,1468,1309,1440,1386,1531,1581,1488,1564
GGTGG,1495,1290,1417,1424,1382,1295,1418,1390,1277,1476,1475,1338,1307,1259,1405,1417,1456,1502,1264,1231,1381,1389,1387,1322,1235,1177,1101,1234,1313,1425,1279,1384,1312,1302,1270,1207,1343,1321,1241,1347,1184,1303,1429,1307,1360,1464,1438,1530,1295,1279,1397,1382,1485,1437,1576,1404,1232,1373,1179,1362,1000,1210,1155,1364,1387,1301,1457
GGTGT,1347,1235,1273,1372,1350,1340,1417,1403,1338,1412,1356,1376,1398,1360,1371,1347,1339,1369,1287,1301,1275,1323,1398,1270,1225,1199,1179,1234,1294,1356,1235,1317,1335,1277,1276,1244,1309,1268,1291,1312,1253,1255,1353,1321,1356,1322,1365,1413,1308,1421,1343,1349,1419,1394,1439,1300,1242,1289,1182,1229,1156,1221,1220,1328,1330,1305,1357
GGTTA,2032,1938,1957,2037,2010,1982,2180,1998,2008,2104,2074,1937,2007,1989,2030,2056,2044,2077,1850,1858,1960,1931,2022,1932,1864,1802,1818,1898,2027,2079,1907,2068,1992,1997,1921,1876,2054,1999,1963,2047,1941,1937,2038,1955,2055,2033,2016,2199,1921,2067,2003,1975,2068,2051,2238,1976,1818,1970,1807,1887,1676,1773,1823,2016,2019,1960,2054
GGTTC,1435,1339,1383,1392,1399,1395,1535,1448,1411,1414,1409,1390,1408,1413,1384,1439,1380,1330,1289,1329,1335,1344,1414,1315,1320,1279,1280,1296,1358,1387,1354,1389,1379,1295,1326,1328,1410,1385,1318,1382,1358,1368,1374,1343,1410,1429,1422,1474,1375,1448,1408,1364,1442,1453,1473,1351,1309,1347,1279,1316,1273,1264,1274,1389,1374,1328,1414
GGTTG,1568,1470,1507,1491,1562,1653,1714,1617,1584,1685,1589,1537,1608,1614,1620,1620,1527,1558,1502,1495,1517,1520,1548,1549,1470,1450,1499,1465,1555,1604,1520,1658,1591,1608,1538,1516,1597,1572,1516,1547,1507,1508,1609,1529,1647,1578,1586,1651,1495,1602,1559,1474,1585,1624,1725,1527,1475,1549,1483,1539,1432,1474,1458,1566,1583,1538,1560
GGTTT,2221,2061,2165,2280,2197,2230,2387,2315,2148,2298,2233,2166,2247,2290,2291,2267,2244,2241,2023,2137,2134,2167,2266,2210,2078,2039,2051,2101,2198,2289,2157,2225,2212,2223,2129,2163,2228,2123,2196,2204,2088,2194,2319,2148,2246,2217,2335,2439,2175,2337,2233,2128,2282,2245,2481,2189,2107,2114,2078,2101,1936,2083,1999,2250,2285,2119,2156
GTAAA,3989,3903,3973,3989,4151,4143,4426,4060,4086,4022,3983,4150,4018,4394,4035,4158,3901,3900,3775,3965,3972,3846,4027,3787,3852,3878,3743,3776,4041,3993,3794,4004,3992,4026,3849,3914,3958,4014,4010,3955,4002,3983,3985,4039,4018,4190,3988,4345,3994,4424,4076,3904,4150,4104,4279,3886,3925,3863,3753,3786,3798,3835,3826,4071,3992,3884,4057
GTAAC,1835,1832,1830,1889,1932,1921,2041,2014,1933,1957,1891,1909,1966,2077,1930,1966,1808,1869,1766,1850,1782,1825,1879,1748,1778,1751,1761,1763,1841,1828,1798,1843,1859,1853,1815,1814,1905,1852,1823,1836,1807,1856,1869,1852,1891,1882,1901,1976,1808,2091,1871,1820,1895,1890,2057,1865,1745,1755,1754,1769,1770,1770,1711,1881,1846,1834,1828
GTAAG,1918,1916,1923,1990,1999,2005,2143,2026,1951,2006,1976,1925,1935,2021,2026,1975,1922,2068,1806,1817,1884,1864,1923,1856,1805,1819,1743,1863,1974,1995,1825,2048,1983,1956,1896,1797,1968,1917,1853,1962,1966,1898,1991,1917,1986,1984,1949,2162,1879,2098,1971,1942,2019,2063,2153,1912,1805,1869,1770,1914,1790,1724,1790,2001,2004,1870,1997
GTAAT,3541,3535,3599,3686,3735,3799,4128,3851,3817,3831,3644,3741,3879,4069,3831,3741,3598,3505,3467,3694,3640,3589,3768,3511,3424,3522,3430,3454,3599,3586,3524,3654,3580,3701,3631,3614,3639,3594,3644,3643,3525,3636,3657,3661,3687,3649,3610,3985,3538,4114,3774,3678,3785,3888,3967,3606,3498,3469,3376,3454,3464,3532,3458,3638,3610,3647,3638
GTACA,1300,1257,1251,1292,1331,1261,1416,1325,1345,1373,1348,1322,1314,1420,1336,1305,1253,1249,1211,1230,1211,1265,1226,1185,1180,1173,1140,1159,1307,1267,1223,1233,1242,1276,1231,1200,1207,1242,1222,1291,1263,1257,1252,1302,1229,1310,1326,1359,1239,1394,1276,1243,1325,1249,1424,1255,1169,1194,1218,1213,1181,1211,1163,1292,1251,1246,1308
GTACC,1140,1188,1178,1267,1316,1319,1369,1264,1257,1211,1264,1301,1266,1397,1243,1264,1164,1105,1198,1300,1243,1228,1251,1198,1199,1250,1242,1192,1268,1175,1209,1201,1214,1218,1225,1281,1257,1236,1290,1200,1262,1257,1210,1252,1215,1264,1266,1235,1277,1439,1196,1196,1203,1307,1254,1201,1217,1138,1211,1150,1309,1241,1220,1255,1217,1246,1225
GTACG,622,589,610,610,641,648,719,645,648,656,669,617,644,671,636,655,590,623,582,598,603,619,585,597,566,566,556,620,601,630,613,651,631,602,603,611,668,642,609,616,609,591,643,587,659,634,649,700,641,685,591,605,606,632,693,614,568,590,568,607,561,552,566,613,633,579,638
GTACT,1543,1491,1521,1537,1544,1580,1693,1585,1560,1570,1532,1568,1591,1703,1595,1593,1508,1488,1427,1471,1489,1497,1579,1422,1442,1402,1434,1428,1532,1537,1457,1543,1535,1522,1466,1536,1493,1499,1522,1534,1505,1541,1534,1502,1564,1537,1555,1679,1504,1696,1544,1495,1618,1593,1632,1494,1440,1465,1393,1421,1345,1439,1439,1537,1525,1499,1515
GTAGA,1448,1389,1396,1445,1473,1459,1642,1480,1421,1489,1527,1420,1449,1466,1459,1492,1450,1507,1291,1351,1384,1410,1460,1363,1313,1257,1227,1291,1416,1476,1359,1451,1428,1412,1371,1236,1419,1395,1369,1428,1383,1370,1418,1398,1448,1448,1412,1603,1428,1570,1436,1410,1507,1493,1634,1384,1255,1384,1274,1346,1185,1243,1296,1447,1435,1372,1428
GTAGC,1608,1634,1580,1672,1725,1749,1832,1687,1702,1627,1699,1667,1676,1787,1656,1673,1579,1594,1570,1680,1697,1644,1677,1614,1538,1619,1610,1621,1621,1662,1614,1611,1658,1615,1609,1591,1617,1589,1658,1680,1647,1640,1676,1671,1626,1687,1727,1843,1651,1835,1648,1679,1655,1724,1732,1637,1573,1603,1529,1574,1543,1626,1514,1742,1659,1647,1649
GTAGG,883,767,780,823,782,876,957,863,809,841,796,782,845,829,853,832,796,833,737,747,790,749,809,755,753,742,720,722,790,822,775,819,846,821,748,719,829,739,775,793,751,742,782,798,832,816,802,885,776,838,828,778,832,831,887,803,731,771,724,796,697,719,746,822,797,739,787
GTAGT,2098,2022,2028,2149,2122,2182,2405,2170,2159,2115,2121,2127,2112,2269,2184,2187,2061,2064,2026,2128,2063,1955,2042,2073,1943,2068,1960,2000,2045,2096,1962,2095,2110,2106,1991,2026,2089,2069,2126,2070,2071,2004,2087,2140,2114,2187,2057,2325,2068,2257,2116,2000,2207,2207,2292,1999,2001,1964,1923,1994,1983,2041,1995,2091,2074,2020,2123
GTATA,1296,1290,1289,1345,1365,1414,1519,1371,1359,1411,1430,1401,1356,1487,1404,1380,1254,1237,1246,1311,1284,1311,1388,1241,1222,1240,1177,1202,1343,1297,1280,1317,1318,1321,1305,1273,1305,1299,1309,1318,1311,1362,1292,1354,1299,1367,1321,1444,1304,1525,1323,1301,1429,1355,1415,1259,1206,1276,1244,1257,1216,1247,1218,1338,1318,1311,1330
GTATC,1551,1599,1594,1631,1729,1660,1802,1670,1700,1717,1684,1730,1669,1907,1653,1690,1652,1526,1548,1643,1660,1615,1638,1497,1464,1529,1510,1514,1658,1613,1562,1599,1560,1594,1590,1640,1578,1560,1569,1614,1581,1615,1642,1598,1662,1599,1614,1715,1571,1889,1643,1676,1666,1637,1687,1604,1527,1530,1531,1545,1539,1554,1508,1679,1574,1591,1599
GTATG,1294,1205,1237,1253,1255,1249,1412,1301,1274,1275,1322,1281,1243,1263,1284,1306,1294,1315,1165,1230,1215,1258,1254,1189,1151,1103,1144,1208,1248,1262,1154,1253,1241,1246,1181,1181,1260,1254,1181,1220,1194,1220,1280,1237,1258,1293,1309,1391,1240,1340,1336,1270,1385,1337,1393,1204,1211,1231,1133,1177,1083,1175,1151,1274,1234,1212,1287
GTATT,2978,2872,2957,3036,3072,3116,3385,3114,3108,3130,3131,2983,3204,3346,3163,3212,3048,3000,2829,2981,2981,2906,3113,2926,2850,2810,2769,2822,2966,2993,2921,2987,2976,2924,2943,2992,2962,2963,3148,3027,2932,2989,3032,2966,3058,3027,3126,3408,2906,3401,3061,3052,3124,3021,3269,2918,2804,2855,2816,2810,2806,2832,2809,3086,2988,2957,2959
GTCAA,2998,2915,2953,2966,3121,2953,3325,2969,3089,3058,3087,3024,2999,3256,3045,3069,2940,2872,2836,2881,2999,3006,2888,2789,2823,2847,2825,2773,3070,2957,2808,2917,2979,3008,2811,2924,2987,2946,2960,2998,2947,2874,2995,2978,3007,3073,3007,3138,2941,3137,2936,2975,3057,2984,3237,2901,2862,2807,2889,2831,2840,2867,2778,2925,2950,2844,3025
GTCAC,1062,1055,1093,1050,1125,1116,1141,1111,1087,1112,1083,1152,1094,1172,1119,1121,1005,978,996,1089,1079,1047,1104,1025,1041,1069,1045,1037,1065,1022,1070,1091,1051,1100,1033,1103,1068,1071,1042,1074,1098,1089,1102,1064,1087,1143,1125,1106,1083,1148,1030,1053,1105,1097,1112,1080,1042,1046,1084,1061,1079,1050,1064,1091,1054,1051,1092
GTCAG,1236,1146,1222,1246,1226,1297,1313,1292,1245,1285,1308,1287,1269,1346,1260,1249,1178,1172,1121,1183,1210,1236,1171,1131,1116,1165,1182,1130,1209,1164,1145,1207,1217,1196,1136,1199,1196,1219,1225,1276,1226,1199,1187,1203,1196,1253,1208,1283,1135,1330,1241,1176,1242,1290,1364,1157,1168,1125,1133,1157,1171,1203,1135,1221,1248,1195,1218
GTCAT,2215,2216,2123,2173,2336,2370,2467,2267,2330,2177,2244,2296,2296,2498,2239,2369,2104,2035,2230,2285,2203,2269,2245,2207,2081,2286,2210,2200,2285,2117,2100,2195,2255,2197,2252,2275,2261,2250,2283,2267,2285,2305,2265,2341,2198,2247,2296,2387,2187,2551,2188,2124,2253,2272,2323,2128,2218,2033,2071,2079,2307,2266,2232,2267,2232,2283,2290
GTCCA,1226,1243,1237,1242,1330,1374,1378,1263,1356,1302,1282,1374,1371,1488,1292,1285,1196,1165,1230,1310,1249,1277,1286,1218,1210,1258,1244,1240,1300,1206,1224,1237,1218,1253,1274,1267,1214,1256,1311,1321,1320,1341,1248,1320,1262,1274,1335,1309,1261,1407,1260,1240,1305,1304,1279,1245,1230,1196,1219,1197,1269,1260,1234,1342,1227,1315,1288
GTCCC,489,538,504,528,555,595,604,537,558,564,536,589,576,660,546,539,505,480,547,599,542,553,529,468,483,543,528,528,574,476,477,517,512,522,529,585,514,537,535,519,556,536,493,562,525,517,554,541,511,636,525,513,500,539,528,477,497,459,494,492,567,535,530,535,501,567,531
GTCCG,421,364,368,375,396,394,439,375,404,390,400,381,429,429,390,388,333,355,384,406,343,395,370,381,353,386,378,374,394,355,362,363,385,401,384,378,395,386,405,433,398,391,381,407,412,382,456,422,375,407,367,359,384,384,405,378,387,353,360,370,379,358,366,392,382,401,390
GTCCT,924,924,938,941,969,1022,1014,962,1030,940,986,994,1021,1095,950,992,904,855,895,1046,977,970,1026,906,889,925,930,974,975,865,886,956,955,953,960,993,939,968,960,985,968,1014,922,924,927,942,986,1022,933,1107,887,955,972,974,973,956,936,857,940,906,979,951,920,991,911,1012,957
GTCGA,900,774,787,816,878,801,856,804,836,840,861,792,811,816,854,841,813,829,783,784,814,840,764,840,781,770,770,778,816,839,789,829,816,788,826,747,841,808,787,790,767,789,801,808,812,828,928,851,805,819,857,790,891,822,863,826,762,779,801,791,777,768,757,849,798,781,841
GTCGC,703,682,671,676,738,667,692,685,687,658,668,694,701,711,680,672,656,622,660,656,674,733,679,666,613,657,629,697,715,668,647,638,634,674,646,671,635,637,657,684,656,681,659,668,706,661,801,664,679,720,653,681,713,675,674,653,651,659,605,601,639,640,629,646,663,635,678
GTCGG,586,505,510,486,566,538,528,558,505,540,541,528,521,515,521,531,490,494,505,507,513,590,490,544,505,494,489,532,549,495,511,521,573,535,506,511,547,522,509,545,485,513,528,509,537,537,637,524,521,527,513,498,520,513,592,510,506,513,493,491,548,517,475,498,554,504,544
GTCGT,1026,930,987,929,1044,1087,1137,1046,1063,1037,991,1033,1104,1107,975,1039,1016,991,903,930,979,1022,1068,981,1012,977,920,952,958,984,940,1023,977,1030,998,968,961,899,1042,1045,985,974,1033,956,1049,998,1067,1061,978,1023,991,988,1046,984,1086,950,945,958,907,975,918,946,972,1039,1006,1009,989
GTCTA,1038,1011,1046,1076,1074,1152,1207,1136,1127,1106,1160,1109,1071,1239,1106,1155,992,991,1043,1042,1017,1044,1048,976,956,1004,1011,1023,1061,1003,1028,1051,1109,1077,1006,1129,1078,1067,1074,1088,1023,1036,1073,1105,1078,1083,1063,1155,1028,1184,1066,1037,1093,1085,1165,990,1021,974,984,1016,1021,1037,959,1048,1050,1019,1089
GTCTC,574,563,543,559,618,586,663,602,602,599,571,602,587,677,589,594,572,501,571,601,588,605,576,539,523,566,546,537,610,526,561,528,531,576,551,599,567,548,578,584,589,574,571,584,567,572,595,624,581,672,539,563,590,593,601,531,540,516,560,525,594,578,556,573,564,567,559
GTCTG,906,951,914,917,939,1002,1058,974,998,936,992,946,974,1078,979,961,889,872,906,1010,938,977,910,896,845,899,958,917,974,903,910,938,947,975,913,937,953,939,934,961,972,951,954,922,950,939,999,1014,935,1072,947,923,959,954,1016,920,898,872,876,896,947,897,876,924,928,934,929
GTCTT,2503,2468,2417,2540,2630,2805,2927,2662,2701,2548,2675,2690,2701,3059,2583,2684,2342,2188,2558,2702,2545,2599,2558,2517,2414,2614,2632,2471,2596,2431,2500,2533,2637,2579,2578,2678,2612,2572,2759,2643,2700,2652,2551,2709,2550,2557,2663,2771,2578,2973,2545,2428,2535,2542,2677,2513,2507,2317,2503,2406,2733,2715,2480,2581,2576,2638,2577
GTGAA,2684,2616,2716,2707,2685,2696,2873,2805,2590,2760,2803,2614,2687,2639,2745,2757,2698,2792,2431,2461,2625,2658,2640,2563,2542,2459,2428,2541,2591,2707,2630,2769,2713,2669,2504,2449,2666,2581,2553,2646,2541,2532,2750,2611,2749,2735,2761,2895,2635,2781,2649,2666,2818,2798,2856,2631,2534,2691,2527,2602,2339,2436,2494,2745,2776,2569,2676
GTGAC,1127,1082,1054,1111,1121,1102,1171,1108,1130,1104,1133,1063,1124,1139,1100,1103,1066,1074,1093,1051,1032,1130,1069,1072,1039,1017,1031,1064,1115,1084,1034,1066,1107,1059,1044,1063,1094,1083,1121,1090,1065,1080,1059,1099,1093,1082,1171,1134,1071,1198,1110,1046,1097,1081,1154,1043,1043,1039,1001,1023,1013,1054,1023,1065,1103,1088,1093
GTGAG,798,795,777,813,832,849,892,833,835,841,839,782,836,858,881,834,794,829,766,787,800,783,805,812,768,767,776,774,820,856,772,874,821,821,770,749,795,801,770,784,813,749,797,798,840,834,828,831,839,836,827,782,813,818,874,808,759,773,744,761,788,725,771,794,804,787,828
GTGAT,2388,2300,2430,2443,2429,2465,2549,2563,2394,2515,2506,2354,2543,2489,2542,2496,2489,2588,2198,2329,2422,2363,2446,2337,2257,2192,2164,2241,2410,2550,2329,2504,2446,2466,2304,2311,2447,2341,2412,2378,2329,2276,2487,2393,2527,2333,2498,2622,2357,2469,2438,2385,2483,2525,2700,2400,2203,2382,2177,2321,2061,2173,2193,2475,2410,2300,2365
GTGCA,1597,1514,1608,1621,1594,1592,1672,1588,1531,1659,1585,1572,1570,1666,1598,1618,1500,1552,1485,1531,1506,1547,1528,1539,1461,1462,1456,1505,1559,1577,1577,1516,1563,1565,1453,1510,1587,1513,1541,1574,1536,1487,1579,1572,1568,1663,1604,1674,1516,1670,1469,1478,1634,1520,1714,1536,1520,1566,1484,1453,1441,1490,1437,1549,1583,1524,1601
GTGCC,1081,978,961,948,998,1054,1123,1083,1059,1080,1025,1033,1081,1101,1061,1086,955,950,926,956,1016,981,1004,983,915,976,935,985,1002,964,948,987,1034,965,949,982,1036,967,1038,995,939,962,1007,987,998,1029,1108,1057,975,1059,924,993,1022,972,1070,961,965,949,968,956,970,972,972,997,1009,967,991
GTGCG,545,474,509,486,515,563,541,580,494,560,571,535,549,557,533,517,480,507,449,486,463,499,502,545,493,494,484,496,499,513,479,529,516,522,524,497,500,478,506,525,490,538,506,522,504,533,584,563,504,537,496,479,548,515,558,522,464,488,478,503,495,481,494,519,538,511,512
GTGCT,1610,1584,1602,1649,1623,1751,1803,1764,1696,1723,1652,1668,1759,1744,1639,1706,1674,1704,1546,1645,1607,1660,1672,1655,1630,1549,1524,1562,1609,1633,1523,1634,1622,1664,1575,1579,1599,1565,1616,1654,1564,1639,1703,1637,1674,1704,1734,1779,1596,1709,1640,1638,1702,1611,1780,1615,1581,1621,1541,1589,1541,1591,1557,1700,1599,1640,1654
GTGGA,1229,1121,1217,1197,1233,1157,1248,1245,1140,1230,1238,1173,1129,1177,1201,1263,1138,1185,1085,1097,1137,1149,1154,1129,1123,1069,1034,1062,1133,1195,1131,1174,1152,1131,1082,1093,1166,1113,1112,1103,1083,1138,1194,1163,1158,1263,1216,1298,1137,1237,1185,1150,1235,1277,1302,1160,1114,1100,1060,1114,1027,1093,1047,1127,1195,1132,1204
GTGGC,1335,1195,1301,1276,1270,1241,1343,1254,1207,1322,1303,1283,1242,1266,1262,1246,1264,1256,1157,1155,1199,1271,1218,1184,1208,1121,1122,1161,1292,1272,1205,1236,1257,1266,1216,1162,1281,1273,1204,1192,1200,1186,1251,1236,1272,1349,1334,1356,1220,1223,1233,1198,1279,1234,1439,1265,1167,1232,1166,1212,1063,1158,1116,1250,1273,1196,1272
GTGGG,692,625,629,678,681,639,715,663,646,672,702,625,655,657,714,654,645,672,593,613,651,608,632,679,579,630,559,629,636,717,620,698,628,640,616,567,682,661,595,606,595,623,663,627,650,685,687,712,652,663,688,623,709,671,734,699,600,615,584,660,561,602,559,688,669,596,677
GTGGT,1903,1712,1862,1811,1800,1879,2044,1933,1870,2016,1957,1857,1878,1877,1886,1916,1949,1990,1709,1768,1895,1890,1923,1785,1738,1644,1623,1696,1778,1885,1809,1890,1864,1845,1776,1772,1843,1786,1811,1875,1714,1755,1940,1721,1882,1867,1901,2032,1803,1785,1887,1849,1929,1907,2066,1805,1712,1880,1672,1812,1521,1722,1659,1863,1954,1759,1845
GTGTA,1196,1159,1159,1245,1228,1344,1371,1364,1299,1264,1291,1264,1294,1376,1258,1306,1175,1186,1133,1215,1207,1177,1227,1201,1165,1185,1151,1170,1191,1149,1149,1268,1248,1228,1176,1183,1209,1138,1266,1286,1176,1216,1230,1211,1266,1217,1198,1344,1229,1360,1235,1267,1244,1278,1275,1182,1173,1156,1126,1170,1165,1193,1155,1250,1214,1245,1226
GTGTC,747,701,676,705,782,742,774,739,743,756,747,724,736,799,733,715,701,632,697,720,703,752,738,709,693,711,691,659,736,718,693,689,739,713,728,751,697,703,726,713,716,679,715,729,707,732,748,716,724,805,685,668,706,710,799,709,671,664,715,675,718,728,686,680,720,688,722
GTGTG,680,606,655,687,661,676,689,660,677,673,683,655,672,693,658,690,627,622,594,654,635,647,664,627,585,627,632,598,617,627,626,645,654,617,603,615,664,617,644,671,642,638,641,654,623,660,665,682,614,737,642,629,676,643,699,598,618,588,601,633,623,602,612,626,648,632,650
GTGTT,1659,1613,1688,1710,1744,1751,1953,1772,1736,1762,1722,1721,1778,1811,1749,1759,1699,1711,1596,1669,1623,1707,1768,1625,1559,1619,1539,1635,1673,1744,1573,1666,1732,1716,1654,1611,1724,1665,1701,1681,1568,1637,1740,1695,1678,1695,1755,1905,1602,1881,1723,1682,1744,1696,1866,1624,1607,1626,1519,1563,1518,1611,1549,1694,1770,1698,1725
GTTAA,4447,4382,4471,4501,4527,4494,4953,4637,4515,4650,4653,4534,4623,4743,4603,4604,4393,4477,4091,4348,4376,4355,4528,4258,4201,4141,4061,4206,4498,4474,4236,4543,4528,4471,4310,4286,4508,4381,4392,4410,4316,4428,4473,4332,4435,4432,4436,4762,4438,4760,4416,4437,4601,4488,4811,4348,4199,4298,4157,4267,4010,4111,4114,4547,4480,4366,4365
GTTAC,1828,1797,1827,1961,1915,1898,2020,1811,1886,1863,1931,1913,1852,1976,1903,1876,1903,1801,1788,1905,1921,1865,1937,1781,1744,1770,1740,1768,1909,1850,1784,1854,1839,1841,1804,1885,1793,1844,1889,1880,1907,1857,1844,1861,1828,1916,1872,1947,1920,2045,1865,1891,1947,1962,1930,1778,1785,1769,1769,1750,1753,1789,1812,1919,1864,1827,1914
GTTAG,1857,1867,1852,1872,1919,1927,2074,1971,1932,1996,1959,1890,1956,2041,2008,1918,1902,1890,1697,1831,1874,1820,1901,1777,1737,1798,1696,1744,1915,1944,1802,1976,1831,1941,1831,1783,1887,1879,1864,1823,1841,1824,1866,1898,1878,1920,1889,2066,1889,2010,1888,1883,1946,1962,2043,1878,1684,1762,1723,1789,1662,1687,1805,1900,1873,1815,1914
GTTAT,2359,2227,2287,2369,2398,2316,2622,2498,2360,2432,2499,2315,2432,2356,2409,2490,2393,2390,2175,2202,2276,2247,2419,2268,2197,2112,2050,2189,2278,2368,2169,2318,2304,2311,2288,2256,2359,2283,2290,2283,2190,2237,2409,2286,2380,2380,2338,2561,2251,2534,2360,2237,2410,2404,2618,2311,2171,2236,2097,2191,1969,2124,2128,2370,2347,2302,2338
GTTCA,2747,2723,2709,2812,2790,2783,3031,2789,2790,2797,2810,2797,2789,3010,2790,2788,2651,2598,2629,2708,2674,2745,2674,2613,2529,2562,2512,2567,2714,2677,2653,2647,2678,2675,2646,2599,2682,2762,2674,2741,2635,2779,2720,2706,2686,2831,2763,2920,2664,2897,2853,2731,2868,2793,2831,2659,2583,2524,2502,2572,2609,2549,2483,2775,2677,2650,2839
GTTCC,1126,1121,1167,1138,1180,1250,1230,1214,1188,1190,1139,1194,1199,1328,1144,1185,1081,1055,1092,1090,1096,1163,1195,1058,1008,1073,1048,1141,1156,1101,1143,1148,1134,1132,1148,1144,1113,1134,1108,1193,1168,1156,1162,1128,1204,1122,1197,1232,1112,1337,1168,1131,1143,1120,1225,1080,1122,1079,1076,1030,1047,1073,1065,1142,1167,1123,1144
GTTCG,803,698,760,667,749,715,782,749,734,731,769,715,773,760,751,731,746,749,658,654,711,710,736,713,698,674,680,708,754,749,702,723,737,712,668,698,726,708,716,739,726,702,740,694,761,748,855,787,725,753,695,746,788,725,817,752,701,752,674,718,640,662,673,761,723,699,737
GTTCT,1837,1843,1787,1919,2003,2003,2173,1934,2059,1883,1966,1972,1947,2208,1934,2008,1797,1633,1834,1934,1906,1863,1893,1845,1762,1926,1852,1823,1922,1807,1872,1872,1898,1860,1920,1921,1869,1877,1883,1898,1941,1920,1843,1967,1877,1920,1973,2020,1944,2221,1915,1855,1902,1982,1997,1833,1832,1737,1829,1706,1966,1904,1839,1850,1843,1943,1939
GTTGA,3430,3228,3283,3359,3378,3518,3614,3563,3373,3572,3396,3379,3496,3467,3438,3512,3347,3450,3170,3168,3281,3262,3476,3283,3195,3068,3054,3254,3307,3408,3226,3523,3392,3422,3178,3221,3377,3279,3314,3267,3301,3230,3462,3307,3421,3446,3371,3694,3335,3466,3376,3231,3375,3416,3591,3228,3118,3326,3124,3211,2916,3067,3169,3344,3349,3255,3303
GTTGC,2184,2118,2177,2116,2179,2264,2410,2267,2243,2262,2254,2202,2287,2327,2253,2289,2122,2047,2122,2162,2069,2213,2253,2106,2051,2021,2103,2065,2205,2182,2120,2205,2235,2243,2166,2215,2235,2190,2227,2230,2160,2208,2263,2132,2226,2163,2267,2356,2137,2344,2214,2164,2249,2201,2432,2133,2143,2138,2090,2049,2080,2133,2017,2164,2282,2211,2151
GTTGG,2158,2001,2128,2112,2144,2170,2312,2110,2075,2235,2136,2061,2134,2133,2184,2208,2132,2187,2054,2044,2112,2089,2127,2109,1988,1972,1971,1995,2083,2173,2017,2166,2124,2102,2058,2011,2141,2134,2081,2115,2000,2057,2118,2123,2103,2181,2131,2363,1971,2193,2235,2093,2310,2285,2350,2089,1995,2064,1960,2058,1879,1989,1907,2157,2106,2125,2240
GTTGT,1939,1898,1903,1930,1981,2092,2289,2076,2098,2098,1964,2017,2125,2208,2015,2021,1880,1879,1859,1973,1954,1958,2050,1907,1870,1895,1874,1860,1918,1928,1904,2011,2047,1980,1946,1966,1944,1881,2036,2007,1895,1914,2002,1970,1986,1928,2028,2192,1913,2153,1883,1906,1954,1974,2135,1874,1784,1839,1801,1850,1811,1895,1841,1973,2037,1939,1940
GTTTA,3011,2835,2970,3018,3026,2972,3325,3126,2960,3138,3089,2957,3075,3194,3111,3112,3024,3042,2844,2881,2879,2873,2983,2994,2867,2783,2711,2898,3036,3182,2893,3071,2974,3034,2959,2909,3039,2978,2932,2977,2858,2956,3082,2949,3102,3039,3030,3327,2944,3291,3032,2945,3121,3055,3372,2962,2877,2924,2781,2825,2717,2763,2836,3004,3035,2882,3060
GTTTC,2065,2010,2031,2122,2125,2203,2335,2166,2149,2088,2116,2110,2167,2394,2148,2173,2024,1952,1969,2102,2087,2075,2106,2004,1988,2025,2023,1990,2139,2003,1963,2045,2109,2035,2080,2154,2095,2037,2143,2081,2090,2116,2073,2099,2068,2120,2080,2262,2065,2390,2059,2031,2187,2099,2240,2042,1969,1919,1985,1937,2085,2103,1910,2101,2082,2087,2053
GTTTG,2521,2456,2530,2587,2587,2660,2814,2737,2565,2757,2572,2562,2685,2801,2701,2700,2503,2594,2396,2532,2462,2538,2561,2480,2435,2343,2427,2448,2566,2641,2431,2695,2590,2628,2475,2534,2587,2560,2585,2577,2499,2521,2700,2534,2597,2608,2612,2832,2518,2772,2580,2431,2628,2600,2882,2517,2399,2401,2402,2462,2318,2399,2401,2550,2585,2543,2543
GTTTT,4587,4502,4655,4729,4637,4922,5162,4898,4802,4860,4792,4718,4907,5280,4873,4871,4571,4617,4478,4694,4563,4632,4662,4695,4408,4460,4378,4482,4651,4691,4554,4765,4686,4733,4665,4745,4806,4599,4855,4754,4593,4635,4825,4656,4754,4658,4715,5183,4629,5243,4655,4569,4837,4724,5212,4627,4473,4476,4371,4437,4351,4552,4401,4821,4709,4617,4640
TAAAA,8099,7968,8032,8273,8483,8249,9203,8452,8336,8504,8338,8476,8267,9029,8286,8428,7970,7861,7707,8079,7946,7902,8116,7503,7704,7723,7629,7628,8237,8146,7811,8019,8101,8154,7837,7894,8103,8122,7934,8162,8099,8116,8048,8079,8124,8338,8262,8769,8123,9130,8232,7867,8322,8385,8547,7883,7733,7819,7647,7693,7550,7634,7634,8062,8182,7858,8205
TAAAC,2851,2982,2880,3002,3049,3077,3290,2933,3087,2912,2960,3092,2972,3417,2940,2984,2731,2652,2810,3026,2940,2953,3037,2613,2732,2824,2848,2712,2983,2711,2818,2840,2939,2871,2830,2999,2874,2932,2997,2950,3073,2975,2850,2982,2829,3001,2967,3103,2995,3432,2876,2811,2961,2999,3030,2826,2742,2687,2828,2786,2892,2909,2764,2910,2861,2901,2872
TAAAG,5184,5078,5120,5459,5358,5207,5845,5213,5305,5308,5290,5287,5246,5706,5254,5279,5147,5097,4881,5027,5070,4966,5255,4857,4956,4867,4698,4837,5264,5262,4926,5156,5119,5139,4996,4993,5045,5062,5146,5092,5096,5069,5152,5073,5088,5440,5120,5656,5142,5718,5265,5133,5459,5379,5569,4915,4796,4926,4827,4868,4732,4833,4921,5233,5120,4968,5209
TAAAT,5899,5793,5899,6184,6060,6323,6818,6242,6267,6125,6220,6372,6198,6960,6126,6325,5807,5721,5719,6093,5917,5811,6144,5490,5469,5682,5653,5598,6077,5791,5637,5916,5995,5940,5872,6076,5901,6018,6068,6002,6113,6144,5961,6139,5896,6213,6085,6447,5966,7099,6068,5964,6079,6211,6244,5650,5720,5470,5505,5602,5814,5792,5618,6106,5907,5920,5958
TAACA,2695,2730,2690,2893,2872,2940,3143,2755,2904,2812,2851,2928,2824,3297,2802,2877,2661,2564,2734,2910,2771,2796,2720,2581,2663,2602,2719,2621,2814,2689,2755,2721,2746,2693,2693,2845,2694,2822,2784,2767,2881,2820,2697,2782,2736,2871,2795,2886,2811,3219,2802,2708,2797,2785,2809,2616,2652,2559,2673,2519,2813,2725,2655,2787,2681,2733,2763
TAACC,1824,1882,1896,1908,2103,2020,2104,2012,1993,1903,1926,2067,1992,2281,1981,1962,1787,1716,1900,2046,1900,1975,1899,1786,1846,1913,1874,1822,1962,1808,1869,1855,1929,1926,1901,2046,1869,1920,1976,1892,1995,2002,1903,1984,1881,1994,1982,1941,2001,2207,1883,1882,1934,1971,1995,1846,1902,1741,1906,1826,2038,1968,1882,1931,1876,1938,1900
TAACG,1812,1731,1752,1777,1879,1832,1957,1820,1865,1881,1787,1858,1828,1990,1852,1836,1748,1680,1763,1779,1690,1757,1743,1651,1656,1713,1726,1673,1794,1770,1707,1732,1795,1709,1693,1799,1790,1817,1778,1799,1799,1793,1742,1826,1771,1822,1871,1900,1759,1932,1726,1710,1813,1812,1914,1708,1688,1687,1733,1692,1687,1764,1670,1757,1840,1748,1802
TAACT,3703,3760,3727,3926,3916,4091,4205,4056,4061,3992,3911,4009,4006,4372,3972,4011,3701,3723,3694,3884,3823,3802,3920,3581,3628,3629,3683,3678,3904,3736,3724,3782,3803,3889,3813,3880,3875,3826,3811,3943,3864,3834,3858,3830,3883,3861,3864,4104,3821,4423,3919,3773,3881,3905,4038,3871,3628,3633,3626,3648,3750,3722,3596,3910,3760,3776,3851
TAAGA,3415,3276,3414,3343,3347,3318,3841,3519,3314,3549,3423,3385,3439,3520,3545,3421,3364,3554,3066,3137,3254,3290,3419,3122,3128,3030,2950,3162,3412,3524,3184,3453,3456,3387,3164,3049,3341,3274,3192,3311,3153,3255,3415,3188,3452,3464,3320,3869,3234,3583,3391,3332,3584,3434,3762,3341,3140,3358,3062,3240,2803,2981,3062,3446,3444,3237,3359
TAAGC,2848,2840,2767,2937,2970,2900,3219,2906,2910,2989,2876,2903,2893,3158,2919,2900,2785,2806,2712,2824,2752,2783,2779,2729,2712,2687,2603,2708,2914,2893,2734,2888,2823,2872,2794,2728,2800,2848,2778,2806,2837,2788,2816,2866,2886,2937,2889,3121,2871,3126,2841,2706,2994,2956,3082,2846,2642,2764,2690,2714,2660,2647,2714,2820,2837,2757,2861
TAAGG,2448,2198,2402,2352,2355,2328,2584,2479,2271,2577,2406,2366,2360,2354,2403,2409,2433,2534,2134,2160,2284,2243,2406,2278,2243,2071,1970,2206,2295,2506,2224,2435,2373,2351,2223,2125,2350,2287,2220,2260,2242,2199,2307,2329,2444,2387,2368,2550,2285,2420,2352,2279,2538,2393,2646,2329,2225,2396,2097,2267,1889,2008,2142,2346,2411,2235,2363
TAAGT,3098,3122,3096,3198,3227,3234,3597,3216,3250,3243,3323,3144,3245,3516,3182,3268,3045,3083,2942,3033,2971,3058,3145,2949,2944,3021,2883,2947,3166,3121,3039,3162,3118,3149,3129,3040,3100,3065,3078,3198,3080,3098,3126,3160,3135,3141,3180,3450,3062,3663,3212,3046,3233,3229,3478,3022,2901,2936,2977,2918,2949,2885,2965,3142,3158,3073,3190
TAATA,4752,4715,4745,4826,4827,5025,5586,4905,5017,4899,4853,5125,4964,5657,4943,4919,4633,4554,4483,4980,4772,4679,4760,4428,4475,4598,4583,4493,4760,4691,4547,4801,4807,4792,4661,4776,4704,4734,4749,4727,4802,4793,4770,4723,4731,4824,4774,5112,4787,5624,4973,4838,5036,5054,5052,4602,4616,4408,4536,4486,4654,4650,4472,4860,4741,4623,4717
TAATC,3650,3786,3778,3937,4004,3954,4239,3851,4088,3944,3827,4062,3968,4461,3952,3982,3725,3494,3720,4126,3917,3929,3915,3507,3615,3690,3666,3673,3864,3674,3730,3661,3711,3757,3787,3958,3671,3847,3893,3928,3925,3888,3699,3838,3773,3911,3749,4002,3811,4487,3794,3752,3865,3983,3950,3642,3700,3532,3688,3614,3852,3787,3689,3892,3690,3821,3783
TAATG,4479,4392,4519,4510,4436,4394,4911,4655,4420,4655,4632,4444,4561,4646,4588,4735,4379,4474,4194,4327,4271,4264,4480,4257,4274,4076,4018,4120,4429,4521,4193,4545,4519,4400,4234,4208,4484,4377,4302,4308,4191,4287,4418,4397,4550,4456,4485,4877,4337,4768,4433,4386,4672,4488,4951,4393,4156,4325,4082,4214,3920,4132,4074,4479,4508,4291,4388
TAATT,7675,7787,7633,7962,8064,8419,8960,8132,8484,8008,8011,8142,8281,9204,8030,8201,7639,7384,7641,8064,7936,7753,8006,7615,7532,7846,7642,7597,7970,7684,7708,7879,7925,7963,8000,8153,7898,7847,8100,8095,8129,8042,7905,8074,7935,7981,7962,8479,7966,9210,7992,7786,8127,8054,8259,7718,7580,7315,7606,7515,7919,7761,7659,8043,7740,7823,7800
TACAA,2729,2686,2751,2853,2798,2788,3082,2814,2808,2951,2967,2917,2765,3104,2836,2748,2760,2767,2547,2695,2675,2797,2769,2537,2579,2480,2452,2509,2779,2730,2621,2701,2650,2752,2606,2704,2693,2701,2697,2737,2732,2745,2762,2691,2691,2823,2809,2941,2772,3068,2796,2742,2798,2894,2914,2644,2560,2629,2551,2581,2489,2535,2509,2755,2749,2726,2731
TACAC,1213,1205,1230,1283,1306,1208,1372,1183,1252,1288,1256,1282,1253,1365,1285,1239,1277,1226,1202,1243,1222,1230,1210,1106,1138,1125,1142,1136,1309,1278,1203,1137,1158,1177,1155,1227,1195,1265,1172,1150,1264,1221,1207,1227,1180,1273,1294,1251,1207,1380,1178,1184,1287,1275,1308,1182,1137,1147,1178,1135,1143,1131,1149,1272,1189,1144,1204
TACAG,1457,1434,1422,1464,1553,1398,1710,1558,1472,1585,1578,1503,1491,1639,1592,1509,1494,1527,1364,1462,1449,1410,1401,1368,1373,1336,1313,1344,1477,1454,1388,1477,1428,1437,1373,1408,1425,1448,1440,1426,1392,1438,1438,1447,1424,1437,1437,1632,1429,1660,1506,1384,1552,1465,1622,1427,1298,1367,1391,1369,1331,1408,1358,1503,1453,1385,1460
TACAT,2049,1918,1963,2079,2041,2103,2280,2034,2102,2074,2030,2174,2077,2368,2048,2095,1959,1910,1974,2094,2046,2042,2069,1872,1908,1942,1933,1871,2084,1970,1988,1957,1993,1969,1976,2048,1972,2058,2053,2027,2120,2083,1973,2035,1982,2093,2066,2234,1995,2406,1998,1997,2114,2031,2078,1974,1926,1825,1981,1905,1952,2005,1918,2145,1952,1976,2084
TACCA,2964,3112,2942,3248,3299,3277,3448,3112,3339,3007,3164,3208,3219,3629,3153,3240,3026,2747,3045,3330,3126,3064,3087,2959,2974,3157,3171,3003,3264,3028,3061,2998,3044,3097,3069,3236,3003,3060,3217,3099,3197,3137,3042,3146,2985,3152,3057,3077,3198,3700,3107,3037,3132,3226,3140,2969,2991,2808,3079,2886,3269,3108,3096,3187,2997,3076,3083
TACCC,812,883,863,921,914,983,974,916,957,869,895,933,942,1096,893,931,847,789,871,996,891,915,935,808,790,837,890,878,954,811,914,869,865,902,891,949,897,908,898,871,937,904,864,894,879,877,905,900,916,1065,901,867,813,935,863,864,847,794,846,811,943,840,850,901,862,903,857
TACCG,1220,1240,1229,1245,1303,1267,1380,1273,1270,1277,1314,1244,1272,1356,1286,1284,1175,1148,1229,1269,1193,1249,1237,1153,1189,1180,1169,1203,1305,1184,1184,1250,1260,1265,1204,1266,1290,1289,1248,1286,1284,1276,1238,1231,1276,1266,1323,1308,1277,1293,1173,1188,1204,1240,1242,1200,1194,1175,1237,1182,1205,1156,1180,1194,1240,1234,1247
TACCT,1776,1890,1806,1986,1936,1989,2109,1899,2003,1834,1931,1890,1995,2276,1908,1958,1748,1641,1859,2079,1915,1854,1854,1744,1751,1867,1922,1872,1946,1743,1830,1766,1889,1802,1859,2041,1865,1905,1997,1893,1921,1925,1826,1907,1823,1897,1940,1956,1967,2255,1811,1843,1903,1923,1834,1815,1795,1647,1886,1736,1981,1916,1862,1970,1821,1907,1825
TACGA,1210,1262,1192,1264,1288,1267,1388,1281,1239,1291,1284,1252,1231,1367,1296,1241,1214,1255,1159,1261,1173,1171,1193,1160,1152,1135,1159,1182,1297,1254,1168,1249,1273,1222,1151,1214,1257,1274,1171,1140,1188,1210,1184,1220,1229,1248,1274,1289,1257,1418,1184,1136,1218,1289,1330,1212,1140,1188,1170,1166,1177,1143,1179,1209,1239,1170,1212
TACGC,1025,1023,1061,1087,1140,1106,1184,1088,1179,1092,1084,1130,1118,1187,1079,1118,1066,994,1051,1023,1074,1089,1069,1011,1023,1002,1004,1053,1034,1050,1057,1090,1052,1020,1047,1111,1032,1043,1076,1091,1146,1045,1055,1036,1111,1108,1090,1086,1109,1133,1047,1019,1088,1048,1129,1000,987,996,1061,1006,1006,1031,1024,1019,1080,998,1076
TACGG,857,809,831,841,838,794,916,874,832,863,857,782,859,885,861,862,799,788,759,769,779,799,806,723,731,750,748,761,846,818,798,838,820,827,807,801,873,830,776,821,752,856,868,802,825,853,872,868,827,844,779,827,838,838,911,811,751,775,770,795,731,740,745,799,814,770,840
TACGT,1150,1118,1123,1208,1173,1204,1276,1195,1192,1187,1240,1201,1218,1315,1196,1188,1108,1115,1116,1185,1119,1172,1141,1124,1099,1113,1091,1106,1195,1143,1129,1142,1149,1155,1126,1188,1169,1159,1168,1188,1154,1130,1151,1166,1144,1197,1205,1216,1152,1301,1160,1143,1148,1159,1244,1134,1097,1102,1098,1095,1136,1107,1101,1185,1099,1139,1186
TACTA,2705,2584,2719,2846,2725,2740,2956,2834,2706,2853,2870,2824,2780,3006,2750,2840,2673,2660,2469,2623,2678,2668,2721,2516,2571,2372,2455,2458,2694,2705,2569,2695,2671,2658,2560,2713,2684,2669,2658,2656,2611,2672,2687,2589,2639,2727,2720,2831,2690,3031,2754,2651,2798,2821,2909,2570,2507,2561,2524,2482,2414,2471,2435,2709,2689,2591,2650
TACTC,1291,1280,1325,1352,1396,1341,1472,1375,1356,1387,1384,1444,1381,1542,1382,1369,1325,1329,1261,1363,1294,1336,1410,1235,1245,1256,1249,1294,1388,1318,1280,1277,1354,1297,1303,1364,1282,1348,1331,1329,1380,1307,1269,1318,1290,1339,1365,1432,1311,1542,1289,1324,1410,1355,1398,1262,1326,1246,1259,1218,1259,1302,1276,1403,1326,1343,1337
TACTG,2362,2257,2367,2431,2346,2351,2540,2454,2349,2457,2376,2396,2439,2480,2369,2399,2358,2394,2181,2270,2350,2337,2428,2185,2286,2137,2045,2199,2325,2357,2233,2359,2283,2279,2307,2247,2304,2228,2254,2345,2293,2338,2390,2269,2366,2379,2402,2595,2346,2485,2317,2337,2427,2391,2486,2361,2203,2284,2171,2234,2003,2196,2220,2416,2325,2359,2386
TACTT,3839,3769,3865,4041,3998,4003,4296,3983,4013,3973,3966,4089,4005,4440,4020,4049,3798,3611,3762,3979,3939,3794,3976,3699,3739,3714,3804,3663,3936,3873,3728,3815,3833,3802,3810,3972,3843,3814,3911,3941,3986,3946,3861,3924,3904,3946,3995,4091,3999,4627,3871,3839,4016,3969,4224,3835,3745,3585,3679,3662,3816,3886,3717,3966,3871,3774,3962
TAGAA,3033,2907,3001,3045,3033,3150,3397,3140,3033,3128,3162,3109,3177,3275,3176,3222,3024,3079,2742,2956,2999,2952,3109,2795,2759,2778,2789,2815,3013,3030,2882,3052,3032,3035,2899,2913,3075,3026,3015,2936,3015,2908,2995,2988,3048,3085,2997,3343,3011,3270,3017,2969,3109,3202,3209,2944,2805,2832,2781,2926,2667,2732,2793,3060,3022,2823,2983
TAGAC,1065,1068,1051,1061,1125,1095,1266,1113,1117,1142,1089,1136,1177,1239,1138,1100,1059,1033,968,1026,1017,1056,1061,1042,1058,1015,980,1002,1110,1098,1023,1113,1051,1080,1088,1034,1087,1094,1071,1061,1125,1110,1074,1046,1076,1099,1132,1172,1099,1167,1058,1031,1108,1074,1130,1069,1001,1045,1038,1003,1000,1006,1057,1094,1069,1055,1052
TAGAG,1146,1102,1120,1142,1108,1160,1289,1130,1115,1203,1149,1111,1112,1191,1163,1128,1130,1145,1021,1070,1064,1061,1100,1082,1046,1002,1008,1036,1099,1164,1079,1173,1099,1100,1082,1020,1078,1108,1075,1102,1062,1074,1098,1092,1121,1136,1102,1243,1068,1253,1215,1110,1229,1139,1262,1072,973,1079,1014,1075,937,1002,990,1142,1113,1068,1127
TAGAT,2339,2313,2303,2441,2320,2342,2743,2500,2373,2422,2424,2342,2360,2478,2483,2495,2331,2415,2143,2205,2253,2178,2366,2197,2162,2110,2094,2194,2357,2367,2104,2417,2276,2328,2236,2188,2376,2265,2291,2301,2237,2256,2339,2327,2337,2353,2360,2577,2317,2676,2352,2335,2454,2438,2594,2247,2140,2206,2150,2192,2052,2120,2195,2383,2263,2220,2314
TAGCA,2793,2856,2811,3010,2949,3096,3305,2975,3132,2861,2994,3079,2976,3428,2984,3031,2717,2625,2818,3020,2951,2918,2904,2668,2719,2854,2799,2797,2992,2741,2796,2837,2957,2825,2767,2999,2877,2892,2977,2949,2984,2925,2802,2941,2805,2953,2935,3105,2911,3379,2810,2879,2914,2928,2975,2780,2808,2604,2801,2665,2970,2841,2821,2883,2863,2896,2905
TAGCC,1679,1727,1662,1745,1829,1868,1926,1852,1875,1750,1748,1810,1841,2095,1781,1821,1582,1560,1742,1838,1724,1767,1743,1633,1643,1762,1741,1680,1771,1603,1711,1708,1700,1748,1743,1781,1683,1695,1796,1830,1848,1792,1711,1811,1698,1698,1802,1753,1776,1986,1741,1748,1771,1774,1729,1655,1666,1587,1705,1637,1808,1802,1721,1725,1738,1785,1756
TAGCG,1130,1132,1137,1151,1159,1231,1306,1222,1176,1146,1172,1139,1185,1261,1228,1165,1084,1101,1067,1111,1095,1097,1132,1119,1088,1131,1145,1106,1175,1139,1082,1192,1187,1187,1086,1156,1199,1115,1187,1141,1119,1170,1198,1126,1162,1178,1161,1226,1141,1201,1130,1104,1144,1177,1246,1115,1135,1054,1111,1083,1166,1116,1103,1102,1194,1136,1131
TAGCT,3048,3055,3064,3194,3251,3289,3435,3267,3243,3181,3246,3226,3233,3495,3249,3252,3071,2993,3036,3193,3160,3111,3109,3001,2916,3011,2952,3004,3214,3081,2987,3074,3083,3073,3106,3114,3093,3070,3157,3151,3106,3184,3110,3153,3085,3145,3082,3354,3163,3505,3120,3133,3211,3173,3345,3047,2978,2928,2945,2973,3036,3113,2961,3176,3073,3070,3115
TAGGA,1370,1414,1312,1453,1385,1502,1563,1453,1440,1388,1407,1387,1462,1559,1425,1493,1326,1328,1313,1373,1376,1309,1411,1255,1261,1266,1282,1284,1344,1331,1332,1331,1382,1347,1333,1350,1349,1332,1395,1357,1374,1337,1366,1386,1371,1411,1359,1531,1395,1572,1397,1358,1388,1469,1469,1354,1207,1247,1243,1308,1269,1259,1284,1396,1339,1288,1390
TAGGC,990,1032,986,1008,1058,1071,1098,996,1033,1027,1051,1012,992,1114,1066,1055,996,947,983,1020,1004,990,1024,978,961,960,948,941,1020,1010,994,1005,995,982,945,981,983,971,994,1067,1029,1030,981,1042,1043,1067,1024,1063,996,1062,999,976,1033,1065,1057,972,941,996,962,992,989,962,955,1072,1003,991,1031
TAGGG,588,576,583,556,603,634,693,641,625,600,581,573,625,635,594,572,580,592,533,558,554,573,605,605,575,575,493,551,584,603,577,640,629,593,569,553,571,548,598,547,534,567,610,603,589,611,595,664,574,680,597,586,571,566,682,601,561,556,559,535,548,593,572,583,570,565,563
TAGGT,1591,1468,1500,1464,1484,1602,1721,1594,1539,1619,1556,1526,1585,1604,1635,1637,1505,1524,1407,1447,1453,1463,1576,1427,1440,1420,1390,1419,1554,1586,1450,1537,1536,1524,1484,1448,1540,1479,1474,1486,1433,1466,1542,1462,1568,1493,1519,1710,1473,1646,1542,1475,1589,1562,1693,1502,1430,1509,1405,1513,1323,1374,1381,1497,1528,1466,1500
TAGTA,2585,2652,2563,2705,2785,2810,3063,2732,2845,2701,2682,2731,2774,3001,2809,2803,2626,2571,2583,2795,2653,2561,2724,2521,2455,2668,2547,2582,2735,2659,2590,2652,2668,2680,2719,2627,2662,2669,2696,2700,2744,2686,2668,2768,2716,2737,2679,2933,2680,3139,2707,2657,2776,2742,2798,2622,2538,2479,2515,2548,2618,2618,2590,2793,2652,2594,2675
TAGTC,1708,1681,1657,1769,1817,1838,1953,1786,1815,1745,1826,1851,1816,2006,1744,1842,1634,1549,1721,1800,1755,1700,1766,1713,1658,1750,1749,1661,1791,1679,1664,1710,1740,1737,1727,1730,1751,1728,1783,1772,1770,1777,1702,1782,1708,1734,1736,1793,1725,2023,1718,1703,1740,1776,1840,1673,1735,1588,1699,1641,1840,1766,1679,1740,1713,1742,1729
TAGTG,1775,1767,1832,1892,1884,1882,2059,1942,1910,1944,1926,1835,1869,1968,1920,1887,1872,1929,1698,1777,1749,1800,1795,1815,1710,1665,1664,1710,1785,1946,1780,1830,1813,1857,1749,1731,1816,1801,1859,1857,1770,1767,1871,1830,1904,1902,1816,2077,1761,1977,1919,1839,1913,1931,2053,1747,1731,1793,1626,1717,1619,1682,1637,1845,1880,1812,1869
TAGTT,3698,3584,3661,3700,3759,3903,4242,3854,3816,3802,3868,3754,3892,4190,3910,3921,3631,3614,3588,3749,3643,3613,3707,3662,3421,3567,3457,3605,3692,3615,3595,3732,3768,3699,3604,3700,3770,3803,3766,3679,3758,3707,3670,3718,3718,3766,3698,4132,3753,4105,3712,3680,3942,3889,3940,3610,3595,3469,3521,3430,3524,3542,3535,3941,3679,3589,3775
TATAA,3092,3058,3114,3212,3248,3306,3664,3309,3312,3378,3397,3389,3284,3686,3264,3301,2997,3001,2939,3114,3023,3144,3297,2851,2912,2925,2867,2922,3177,3094,3053,3184,3201,3152,3053,3130,3098,3188,3142,3165,3163,3216,3130,3173,3138,3283,3210,3440,3128,3790,3230,3058,3294,3204,3316,2973,2913,2910,2979,2977,2905,2947,2897,3096,3134,3058,3137
TATAC,1299,1272,1297,1317,1309,1364,1496,1418,1418,1371,1351,1378,1425,1534,1365,1435,1320,1294,1221,1307,1278,1257,1302,1225,1243,1233,1252,1264,1307,1295,1246,1303,1295,1294,1249,1344,1315,1317,1321,1311,1316,1267,1336,1273,1326,1326,1339,1365,1308,1519,1320,1290,1307,1340,1355,1262,1268,1193,1225,1208,1254,1245,1246,1358,1267,1228,1285
TATAG,1242,1229,1229,1298,1315,1356,1525,1346,1391,1300,1355,1338,1337,1523,1387,1359,1232,1204,1256,1285,1253,1244,1292,1180,1151,1243,1183,1176,1312,1239,1164,1262,1236,1233,1283,1289,1285,1254,1282,1299,1333,1240,1260,1311,1295,1259,1243,1383,1273,1575,1308,1255,1349,1393,1316,1170,1227,1176,1152,1195,1249,1238,1236,1313,1268,1261,1297
TATAT,2552,2517,2521,2566,2616,2728,2989,2707,2630,2716,2654,2652,2704,2929,2750,2738,2538,2473,2350,2478,2463,2466,2621,2464,2415,2333,2304,2364,2590,2577,2469,2559,2560,2623,2531,2541,2609,2540,2581,2551,2512,2609,2602,2570,2562,2630,2620,2860,2558,2961,2550,2516,2637,2622,2728,2552,2335,2464,2371,2349,2320,2402,2341,2638,2540,2430,2529
TATCA,3845,3821,3806,4015,4099,4109,4463,3918,4083,3970,4066,4072,4036,4590,4020,4074,3774,3647,3809,4039,3982,3889,3944,3695,3684,3802,3736,3695,4056,3900,3856,3809,3903,3859,3850,4056,3855,3898,3944,3905,3998,3928,3908,3954,3898,4039,3979,4107,3961,4611,3926,3797,3965,4014,4064,3816,3764,3586,3818,3645,3903,3752,3781,4000,3883,3755,3955
TATCC,1558,1528,1581,1569,1632,1641,1728,1593,1644,1633,1647,1677,1637,1873,1667,1662,1568,1503,1560,1644,1655,1602,1649,1463,1505,1519,1539,1488,1610,1562,1591,1559,1578,1557,1573,1666,1575,1572,1644,1637,1655,1591,1590,1592,1625,1586,1662,1643,1608,1808,1595,1607,1635,1687,1639,1516,1567,1487,1517,1495,1517,1579,1514,1604,1601,1596,1562
TATCG,1709,1659,1716,1750,1771,1655,1772,1785,1704,1864,1805,1787,1758,1778,1724,1749,1844,1764,1575,1666,1732,1711,1792,1647,1602,1580,1582,1605,1741,1755,1677,1652,1638,1677,1645,1697,1689,1672,1631,1696,1586,1760,1791,1633,1678,1728,1743,1801,1661,1884,1688,1697,1772,1747,1872,1694,1616,1658,1583,1624,1546,1564,1620,1757,1734,1641,1705
TATCT,2732,2784,2772,2842,2981,3039,3183,2909,3007,2928,2899,3056,3034,3485,2907,3011,2800,2548,2747,3010,3013,2864,2948,2650,2665,2792,2717,2669,2938,2674,2766,2724,2737,2736,2807,2993,2729,2788,2830,2913,2961,2930,2823,2860,2760,2871,2878,3087,2843,3476,2786,2894,2888,2908,2955,2787,2675,2558,2770,2697,2857,2855,2706,2922,2754,2850,2826
TATGA,3044,2891,3001,3077,3007,2848,3199,3039,2838,3115,3128,2950,2904,3029,3048,3047,3014,3090,2683,2759,2786,2868,2991,2858,2796,2549,2598,2713,2935,3098,2853,2953,2881,2934,2833,2797,3021,2954,2868,2860,2768,2896,3040,2873,2995,3034,3035,3267,2990,3125,3008,2866,3151,3110,3281,2979,2761,2968,2760,2777,2477,2637,2640,2989,2979,2803,2996
TATGC,1896,1801,1877,1862,1871,1888,2061,1958,1856,1974,1924,1870,1883,1950,1895,1941,1884,1895,1787,1823,1812,1780,1849,1817,1760,1670,1722,1791,1833,1908,1788,1879,1801,1879,1769,1747,1879,1888,1780,1771,1786,1786,1911,1809,1911,1859,1901,2011,1781,1909,1930,1817,1948,1903,2091,1875,1785,1845,1705,1791,1595,1728,1705,1865,1804,1739,1860
TATGG,2125,1893,1985,2081,1992,1972,2284,2071,1922,2091,2152,1994,1991,1926,2044,2124,2072,2196,1786,1791,1896,1931,2034,1946,1898,1735,1843,1838,1928,2084,1949,2080,2038,1982,1870,1845,2090,1983,1970,1898,1829,1922,2092,1888,2056,2102,2078,2264,1985,2026,2108,1939,2178,2084,2213,1937,1846,1981,1811,1901,1670,1790,1790,2051,2059,1849,2016
TATGT,1802,1717,1842,1839,1828,1785,2037,1983,1822,1945,1947,1869,1881,1898,1904,1849,1805,1818,1611,1723,1774,1770,1845,1714,1652,1632,1601,1661,1771,1877,1665,1835,1757,1760,1727,1723,1852,1751,1725,1752,1682,1704,1882,1774,1851,1834,1795,1995,1768,1982,1869,1807,1937,1902,2043,1794,1675,1777,1626,1722,1563,1735,1630,1806,1785,1739,1824
TATTA,4766,4727,4760,5095,4944,4968,5407,5102,4975,5097,5134,4859,5025,5333,5044,5168,4951,4880,4623,4688,4772,4692,5135,4607,4548,4438,4348,4545,4895,4842,4625,4769,4768,4778,4775,4788,4865,4829,4848,4881,4800,4812,4835,4879,4865,4910,4899,5386,4830,5601,4822,4793,5030,4978,5131,4667,4442,4632,4494,4539,4374,4477,4547,5011,4781,4660,4794
TATTC,3192,3108,3158,3186,3281,3334,3588,3263,3309,3302,3295,3284,3258,3655,3293,3266,3195,3090,3039,3212,3171,3166,3139,2985,3058,3001,2998,2992,3215,3075,3073,3087,3075,3107,3059,3289,3116,3230,3243,3226,3235,3195,3218,3106,3123,3250,3246,3425,3170,3573,3251,3096,3300,3232,3296,3065,3004,3010,3074,3050,3041,3117,3043,3251,3082,3098,3184
TATTG,3957,3790,3967,4022,4003,4024,4470,4207,4024,4168,4176,4040,4090,4195,4160,4203,4078,4102,3724,3811,3900,3791,4116,3781,3732,3613,3613,3691,3880,4092,3765,4040,3915,3963,3864,3849,3985,3880,3959,3810,3762,3844,4042,3918,3956,4026,4034,4624,3836,4277,4078,4058,4196,4190,4444,3997,3632,3860,3622,3867,3443,3781,3640,4166,3978,3799,3912
TATTT,6752,6893,6910,7020,6995,7137,7636,7260,7079,7040,7121,6959,7270,7708,7369,7296,6908,6868,6619,7009,6847,6756,7223,6852,6549,6435,6298,6634,7038,6951,6640,6988,6894,7034,6932,6954,7002,6879,6974,6993,6886,7050,7124,6971,7047,6895,7020,7583,6916,7852,7061,6843,7266,7170,7542,6838,6565,6659,6413,6366,6519,6621,6383,7089,6840,6860,6904
TCAAA,5825,5719,5644,5907,6092,5835,6602,5752,6054,5850,5954,6017,5864,6607,5876,5939,5736,5501,5593,5851,5883,5836,5899,5289,5420,5544,5431,5427,5969,5725,5583,5564,5693,5714,5678,5695,5711,5757,5691,5838,5789,5775,5561,5724,5696,5956,5867,6256,5831,6505,5874,5901,5967,5983,5953,5595,5567,5383,5553,5388,5596,5528,5468,5858,5716,5547,5904
TCAAC,3147,3262,3254,3297,3483,3269,3646,3234,3410,3216,3391,3409,3284,3781,3350,3297,3130,2939,3211,3409,3218,3309,3108,3063,3137,3273,3231,3093,3436,3190,3204,3072,3195,3170,3265,3374,3222,3312,3299,3346,3310,3384,3148,3309,3213,3319,3404,3380,3305,3658,3251,3237,3347,3387,3342,3255,3210,3002,3205,3117,3417,3322,3163,3343,3248,3298,3389
TCAAG,3986,3951,4044,4163,4117,3920,4457,4073,4093,4081,4156,4122,4015,4304,4051,4109,3982,3965,3770,3908,3982,3952,3932,3712,3792,3627,3755,3647,4033,3976,3800,3979,3973,3883,3826,3983,4059,3907,3960,3936,3920,3881,4056,3936,3943,4154,4080,4306,3926,4161,4034,3937,4266,4154,4293,3829,3733,3793,3780,3849,3742,3755,3765,4051,4028,3916,4029
TCAAT,5120,5111,5156,5382,5401,5406,5834,5269,5403,5239,5282,5461,5242,6013,5306,5368,5156,4834,5086,5389,5346,5160,5237,4815,4928,4979,5011,4894,5259,4942,4972,5056,5107,5023,5036,5373,5021,5118,5208,5221,5235,5258,5083,5194,5096,5266,5153,5399,5206,5913,5215,5073,5379,5355,5260,4852,5016,4788,5029,4846,5241,5097,4959,5221,5104,5092,5240
TCACA,1366,1374,1415,1411,1430,1352,1517,1401,1399,1424,1430,1431,1381,1513,1425,1410,1385,1356,1314,1406,1376,1385,1380,1283,1308,1257,1227,1292,1403,1344,1311,1282,1284,1297,1319,1351,1348,1382,1306,1347,1366,1407,1362,1312,1360,1451,1421,1438,1388,1521,1407,1383,1434,1460,1415,1357,1323,1318,1317,1268,1269,1278,1279,1434,1367,1376,1425
TCACC,2000,2077,1993,2078,2214,2221,2299,2096,2220,2004,2032,2251,2156,2474,2064,2069,1837,1714,2033,2301,2030,2119,2080,1993,1944,2181,2165,2084,2126,1845,2003,1920,2018,2027,2066,2247,2024,2071,2175,2154,2190,2259,1988,2154,1926,2112,2121,2092,2097,2507,2002,2048,2096,1980,2004,1999,2079,1801,2062,1926,2333,2241,1993,2106,2023,2162,2074
TCACG,1437,1378,1305,1414,1445,1419,1505,1340,1458,1356,1404,1429,1380,1533,1390,1405,1295,1206,1413,1448,1401,1367,1367,1301,1334,1394,1393,1325,1400,1281,1348,1321,1373,1364,1373,1470,1366,1419,1399,1360,1391,1402,1285,1398,1354,1443,1452,1404,1383,1507,1375,1335,1416,1416,1365,1299,1348,1265,1350,1312,1448,1382,1377,1363,1335,1381,1445
TCACT,1960,1933,1937,2060,2087,1998,2161,1977,2070,2095,1949,2167,2002,2296,1979,2067,1918,1810,1936,2117,2054,1972,2092,1820,1921,1873,1868,1872,2011,1876,1895,1908,1888,1934,1920,2035,1914,1956,1955,1947,1999,2015,1969,1929,1921,2029,2001,2071,1957,2223,1946,1961,2070,2039,2016,1948,1851,1855,1958,1924,1916,1966,1993,2010,1859,1952,2005
TCAGA,1847,1727,1808,1847,1833,1807,2038,1909,1798,1880,1883,1830,1849,1955,1833,1849,1820,1857,1639,1713,1763,1773,1824,1711,1729,1641,1642,1711,1826,1895,1727,1731,1767,1787,1660,1721,1748,1714,1770,1776,1727,1725,1779,1735,1772,1835,1797,2023,1702,1942,1813,1757,1845,1792,2020,1769,1709,1749,1632,1702,1598,1622,1656,1849,1791,1718,1760
TCAGC,2280,2234,2243,2290,2398,2472,2581,2362,2470,2215,2400,2433,2419,2734,2383,2395,2138,2006,2319,2460,2300,2278,2254,2247,2172,2353,2330,2278,2377,2153,2211,2182,2282,2273,2287,2389,2280,2280,2371,2352,2396,2419,2194,2353,2241,2368,2374,2487,2245,2709,2255,2260,2381,2354,2317,2268,2293,2091,2245,2146,2434,2377,2234,2358,2264,2406,2347
TCAGG,1693,1562,1632,1657,1702,1698,1766,1650,1677,1668,1661,1710,1689,1738,1695,1713,1637,1702,1612,1676,1639,1648,1653,1646,1570,1614,1503,1572,1646,1667,1589,1678,1665,1598,1582,1573,1637,1599,1615,1680,1654,1657,1664,1689,1674,1718,1694,1793,1592,1875,1679,1643,1787,1718,1721,1615,1651,1568,1502,1545,1537,1560,1575,1658,1676,1631,1746
TCAGT,2149,2180,2230,2294,2369,2354,2458,2291,2347,2239,2278,2309,2290,2589,2320,2303,2079,2009,2191,2326,2234,2295,2188,2112,2013,2217,2269,2170,2306,2231,2122,2176,2176,2197,2237,2372,2154,2296,2265,2288,2310,2221,2229,2270,2157,2292,2214,2354,2209,2608,2304,2187,2319,2325,2406,2164,2211,2011,2156,2061,2294,2256,2113,2303,2209,2186,2301
TCATA,2755,2843,2788,2827,2979,3087,3292,2912,3099,2822,2809,2981,3031,3452,2906,3001,2691,2546,2873,3087,2965,2881,2944,2675,2731,2994,2885,2823,2949,2689,2774,2856,2932,2872,2859,3013,2789,2851,2953,2964,3055,2932,2786,2954,2828,2906,2858,3076,2804,3508,2849,2841,2903,2926,2939,2724,2779,2570,2769,2747,3053,2954,2879,2901,2824,2920,2871
TCATC,3362,3563,3391,3551,3740,3974,4041,3584,3909,3380,3577,3781,3730,4457,3677,3725,3319,2984,3716,3894,3731,3663,3624,3303,3352,3737,3707,3509,3771,3182,3469,3329,3594,3449,3619,3886,3438,3614,3756,3742,3896,3771,3396,3713,3497,3651,3619,3665,3614,4436,3550,3533,3572,3700,3477,3362,3574,3118,3519,3327,4059,3755,3594,3590,3489,3682,3660
TCATG,2514,2454,2480,2547,2614,2632,2788,2600,2610,2511,2581,2567,2595,2754,2534,2634,2496,2408,2440,2498,2495,2526,2577,2495,2419,2480,2420,2471,2542,2511,2394,2541,2551,2513,2485,2505,2552,2470,2500,2476,2425,2504,2532,2455,2490,2533,2534,2717,2454,2812,2522,2449,2548,2557,2604,2496,2437,2388,2415,2419,2448,2478,2422,2494,2555,2479,2600
TCATT,4416,4522,4427,4560,4669,4986,5106,4618,4842,4599,4571,4825,4815,5432,4627,4661,4401,4259,4470,4945,4695,4604,4646,4305,4288,4570,4473,4362,4673,4332,4560,4439,4530,4605,4524,4813,4532,4564,4697,4596,4781,4652,4522,4623,4542,4542,4577,4862,4565,5461,4603,4552,4623,4706,4779,4489,4431,4177,4387,4321,4745,4591,4437,4728,4438,4607,4515
TCCAA,2659,2673,2738,2794,2859,2836,2994,2778,2838,2803,2787,2921,2810,3160,2754,2851,2608,2586,2669,2819,2669,2717,2769,2538,2601,2545,2658,2590,2751,2645,2676,2575,2626,2620,2626,2776,2638,2769,2715,2755,2814,2786,2732,2731,2712,2780,2742,2924,2771,3137,2726,2651,2759,2792,2833,2579,2694,2563,2650,2588,2687,2655,2632,2850,2651,2697,2750
TCCAC,1088,1152,1081,1158,1158,1212,1265,1129,1230,1140,1130,1193,1236,1331,1167,1156,1117,1042,1139,1198,1150,1143,1160,1084,1067,1140,1157,1147,1203,1091,1122,1106,1123,1144,1139,1191,1115,1164,1191,1201,1218,1169,1108,1139,1170,1122,1207,1146,1163,1286,1124,1105,1174,1121,1108,1109,1082,1095,1136,1081,1178,1122,1146,1207,1093,1138,1138
TCCAG,1775,1718,1741,1700,1775,1790,1881,1862,1740,1796,1731,1808,1789,1854,1823,1806,1714,1751,1683,1726,1677,1743,1803,1671,1664,1615,1619,1698,1763,1704,1651,1760,1752,1740,1676,1651,1720,1713,1706,1720,1761,1713,1748,1722,1782,1711,1806,1858,1690,1846,1731,1704,1816,1686,1847,1673,1690,1720,1659,1674,1610,1673,1679,1805,1753,1738,1773
TCCAT,2062,2114,2083,2160,2255,2419,2369,2208,2348,2180,2115,2337,2301,2723,2247,2221,1914,1877,2136,2270,2219,2159,2211,2089,2022,2379,2114,2106,2315,2075,2158,2165,2138,2187,2154,2319,2096,2153,2269,2281,2376,2309,2105,2249,2125,2179,2117,2241,2130,2635,2126,2072,2161,2219,2243,2135,2124,1907,2104,2005,2313,2178,2158,2177,2091,2191,2144
TCCCA,1215,1277,1253,1313,1338,1376,1430,1314,1428,1283,1309,1433,1335,1518,1307,1336,1204,1180,1302,1403,1260,1310,1317,1172,1256,1312,1305,1233,1333,1187,1263,1253,1282,1244,1284,1350,1292,1244,1328,1348,1420,1296,1259,1348,1346,1257,1316,1285,1336,1537,1247,1266,1284,1291,1285,1227,1262,1193,1288,1221,1418,1349,1314,1317,1249,1315,1269
TCCCC,524,561,568,540,601,562,568,519,553,530,556,590,547,685,570,523,493,471,570,613,564,563,548,445,513,528,560,523,563,475,526,474,524,536,528,623,492,547,582,568,615,588,477,578,552,539,637,509,553,655,530,547,569,550,513,457,527,492,558,494,585,582,553,562,527,557,532
TCCCG,463,477,464,420,497,481,499,448,461,469,424,481,471,545,439,411,441,420,438,472,461,493,462,429,446,436,445,456,469,425,437,454,451,455,440,503,432,495,470,446,484,479,439,465,426,481,523,475,461,496,457,465,461,451,487,430,442,411,422,440,468,470,475,476,440,448,461
TCCCT,812,816,801,872,898,865,922,777,865,814,867,897,885,1059,843,872,771,693,853,915,857,851,910,783,810,888,880,832,905,758,832,755,814,838,873,926,825,838,907,891,900,880,783,832,814,829,897,874,883,1029,779,812,854,846,848,774,847,776,837,761,905,862,849,853,818,855,807
TCCGA,567,544,540,546,611,582,635,570,584,546,574,565,595,642,579,567,530,545,535,577,539,545,531,529,536,558,526,532,587,556,531,554,530,545,559,562,577,565,542,551,593,553,537,576,569,556,593,561,584,617,555,528,559,577,610,560,527,503,545,552,552,519,552,574,517,571,560
TCCGC,782,762,763,758,790,756,821,735,781,713,785,771,785,833,760,724,680,691,765,789,736,806,771,711,673,742,768,761,805,680,723,706,766,764,735,810,720,769,830,856,813,816,768,769,777,788,898,802,756,795,713,754,774,752,771,675,734,674,716,717,776,774,701,778,788,788,733
TCCGG,514,463,486,473,526,501,491,476,459,484,454,465,488,510,487,492,450,443,504,473,463,469,487,485,467,485,504,490,505,489,479,485,476,492,473,483,472,480,477,472,497,492,468,514,501,505,580,506,469,540,482,460,506,481,504,466,472,474,455,473,472,459,481,507,473,503,502
TCCGT,688,641,701,663,705,701,753,701,690,716,692,718,736,811,697,722,649,656,658,681,677,715,702,669,639,637,651,697,691,641,669,689,716,716,656,678,687,689,710,715,696,715,718,660,719,705,735,737,649,816,691,661,653,722,756,641,718,652,627,635,659,669,659,687,719,691,683
TCCTA,1324,1270,1378,1367,1390,1366,1578,1421,1428,1481,1457,1479,1404,1578,1444,1390,1368,1333,1261,1400,1358,1364,1373,1279,1271,1266,1228,1248,1402,1379,1295,1379,1330,1364,1339,1364,1364,1376,1323,1362,1344,1380,1350,1332,1349,1363,1402,1443,1331,1535,1381,1354,1437,1344,1461,1286,1332,1283,1288,1225,1267,1309,1247,1401,1359,1375,1334
TCCTC,807,832,775,806,860,928,941,840,908,849,827,891,930,1079,839,894,772,695,844,899,834,859,833,768,785,866,844,804,815,756,817,784,830,785,809,887,784,808,864,797,864,824,742,838,830,795,906,890,809,1002,794,798,830,810,806,773,824,743,777,762,868,833,836,870,771,864,842
TCCTG,1520,1506,1530,1565,1541,1556,1534,1539,1515,1542,1515,1574,1549,1644,1542,1564,1481,1429,1374,1512,1586,1488,1612,1395,1422,1416,1421,1472,1528,1464,1489,1450,1449,1509,1473,1547,1485,1449,1530,1491,1506,1524,1522,1470,1514,1521,1589,1563,1504,1642,1447,1513,1553,1537,1620,1469,1423,1461,1489,1459,1422,1479,1415,1528,1465,1484,1458
TCCTT,2402,2614,2551,2645,2757,2921,2901,2690,2890,2569,2687,2743,2786,3278,2721,2748,2444,2292,2630,2887,2684,2707,2653,2400,2458,2661,2687,2556,2737,2383,2601,2560,2642,2573,2686,2885,2574,2674,2780,2787,2845,2844,2597,2745,2595,2630,2688,2741,2656,3121,2643,2602,2644,2737,2666,2561,2574,2242,2572,2437,2900,2740,2622,2651,2575,2735,2677
TCGAA,1294,1180,1188,1239,1249,1279,1338,1257,1293,1312,1238,1244,1293,1322,1264,1272,1211,1239,1184,1166,1213,1231,1198,1185,1204,1200,1144,1172,1242,1245,1147,1275,1224,1236,1220,1209,1238,1245,1233,1232,1220,1177,1229,1201,1256,1295,1283,1250,1240,1286,1220,1201,1307,1232,1321,1211,1160,1157,1203,1202,1137,1165,1200,1242,1227,1181,1230
TCGAC,853,829,824,787,825,863,872,857,824,822,800,868,865,911,821,805,798,762,773,853,822,851,853,760,773,787,779,801,798,750,772,761,767,798,733,844,752,780,791,793,812,807,778,775,832,801,949,801,783,899,758,814,816,829,803,741,792,773,758,771,806,796,820,827,788,812,785
TCGAG,626,554,550,559,602,538,600,567,558,579,603,582,521,567,595,567,558,555,505,501,547,591,538,557,502,485,530,515,559,569,520,554,553,534,534,502,566,539,520,554,543,562,553,532,590,571,691,560,542,566,566,546,560,538,590,538,515,538,517,497,511,495,506,552,581,527,575
TCGAT,1583,1568,1600,1616,1714,1672,1718,1668,1673,1639,1704,1650,1683,1729,1690,1668,1587,1550,1570,1699,1608,1643,1609,1572,1518,1556,1528,1545,1630,1569,1581,1569,1603,1579,1584,1610,1613,1584,1621,1594,1589,1639,1606,1660,1574,1604,1683,1701,1621,1742,1655,1586,1641,1634,1692,1590,1535,1530,1528,1531,1590,1579,1504,1677,1587,1640,1655
TCGCA,979,978,925,973,1049,980,1034,970,971,1013,983,986,1004,1078,1000,960,932,894,953,961,979,1002,934,907,929,906,912,913,991,939,927,938,918,945,886,945,946,967,932,943,990,975,932,949,969,992,1050,973,957,1007,930,939,992,967,972,940,920,932,922,907,918,916,903,983,928,950,1005
TCGCC,928,958,884,911,1002,992,972,949,980,921,934,989,963,1063,963,927,857,798,935,1004,918,950,878,926,867,982,999,980,974,874,896,887,941,938,924,978,888,939,964,987,998,968,893,951,924,883,1157,933,940,1075,885,933,918,969,910,894,892,870,916,878,1060,956,936,957,929,961,904
TCGCG,647,547,549,531,580,581,550,560,537,546,543,553,575,581,544,544,528,534,543,530,536,621,547,595,528,554,524,558,575,536,546,556,565,533,498,542,551,571,555,524,541,552,531,529,579,578,724,535,555,569,566,536,598,579,534,536,557,536,527,520,563,543,559,561,546,530,545
TCGCT,1266,1291,1250,1200,1352,1301,1333,1279,1367,1364,1275,1318,1318,1395,1311,1285,1216,1169,1263,1283,1284,1298,1265,1222,1222,1293,1240,1259,1348,1229,1208,1250,1233,1330,1281,1327,1248,1257,1295,1343,1295,1302,1249,1287,1295,1241,1352,1289,1264,1391,1260,1208,1288,1292,1337,1263,1219,1228,1232,1298,1234,1285,1232,1263,1200,1269,1255
TCGGA,587,550,559,561,576,581,604,594,579,616,591,600,570,596,587,587,552,524,550,527,551,599,582,556,529,514,532,549,566,558,550,576,597,581,528,568,558,564,573,567,522,565,579,538,571,612,634,632,540,611,564,556,574,560,639,536,542,564,526,519,524,555,523,553,608,538,575
TCGGC,895,865,862,875,953,815,888,862,882,838,858,888,875,930,885,840,852,813,814,891,835,939,818,844,800,828,813,853,895,802,833,798,819,824,862,893,828,846,862,880,867,907,851,858,888,890,1052,883,883,953,829,872,899,891,856,827,823,793,829,786,908,865,817,894,857,828,833
TCGGG,426,385,391,398,419,405,434,434,430,414,410,417,424,410,431,383,367,401,361,389,383,391,398,401,376,398,355,381,409,395,342,419,398,413,395,408,413,372,386,405,358,420,433,381,406,406,468,449,375,427,390,401,415,387,468,426,359,374,356,373,368,382,360,383,393,419,402
TCGGT,1096,1033,1057,1063,1122,1164,1171,1113,1161,1156,1111,1147,1147,1195,1122,1086,1042,1061,1046,1089,1092,1123,1068,1043,1012,1057,1011,1065,1075,1039,1058,1071,1079,1091,1103,1089,1054,1085,1070,1136,1065,1066,1100,1120,1110,1108,1105,1137,1100,1175,1116,1094,1092,1129,1192,1093,1043,1017,1048,1047,1070,1058,1036,1114,1080,1106,1126
TCGTA,1208,1122,1207,1255,1240,1268,1350,1251,1298,1248,1249,1283,1306,1373,1243,1280,1248,1184,1170,1202,1266,1253,1242,1173,1170,1190,1145,1148,1177,1161,1174,1176,1153,1200,1209,1211,1169,1148,1268,1302,1254,1231,1257,1222,1221,1243,1234,1322,1202,1322,1263,1312,1311,1222,1307,1160,1190,1135,1153,1158,1148,1200,1141,1285,1190,1225,1234
TCGTC,1239,1148,1180,1164,1252,1333,1293,1215,1284,1184,1235,1298,1256,1329,1207,1225,1178,1072,1184,1265,1195,1291,1266,1230,1191,1227,1182,1255,1259,1170,1202,1203,1286,1222,1160,1263,1189,1166,1265,1258,1222,1276,1228,1204,1225,1229,1376,1303,1219,1376,1174,1238,1206,1204,1262,1171,1196,1158,1188,1157,1300,1260,1186,1227,1236,1255,1186
TCGTG,1241,1159,1227,1130,1215,1211,1263,1252,1152,1254,1205,1180,1231,1182,1236,1224,1223,1307,1061,1115,1127,1206,1191,1159,1126,1064,1053,1143,1168,1230,1138,1215,1203,1187,1127,1103,1164,1122,1168,1198,1134,1150,1259,1181,1240,1206,1290,1282,1165,1163,1181,1166,1231,1152,1289,1139,1109,1188,1111,1147,1045,1077,1117,1247,1251,1147,1193
TCGTT,1941,1927,1956,1996,2060,2148,2239,2153,2130,2142,2064,2046,2154,2277,2038,2076,2008,1980,1892,1996,2028,2005,2060,1959,1919,2016,1908,1982,1980,1969,1916,2034,1969,2065,2017,2078,1983,1974,2040,2025,1996,1995,2097,1962,1996,2032,2029,2083,2008,2222,1955,1975,2036,2036,2180,2011,1976,1897,1893,1936,1925,1932,1991,1988,1948,2062,1963
TCTAA,2904,2909,2904,3013,3116,3154,3504,3051,3253,3023,3117,3162,3107,3665,3000,3109,2813,2710,2959,3167,2931,3048,2984,2728,2788,2904,2812,2789,3032,2853,2938,2807,3056,2918,2944,3041,2912,2994,3004,3084,3046,3062,2960,3024,2977,3064,3042,3299,2945,3603,3054,2869,3035,3043,3201,2882,2863,2735,2805,2730,2991,2973,2752,3010,2997,2997,3022
TCTAC,1305,1325,1341,1389,1401,1449,1572,1436,1486,1418,1380,1485,1460,1746,1448,1437,1285,1187,1327,1453,1357,1341,1381,1236,1269,1333,1342,1308,1394,1267,1322,1311,1332,1348,1322,1522,1344,1362,1399,1339,1383,1396,1347,1367,1329,1372,1450,1472,1369,1681,1375,1323,1364,1368,1424,1338,1344,1206,1318,1246,1409,1372,1290,1363,1331,1344,1357
TCTAG,1315,1360,1346,1394,1500,1497,1579,1464,1463,1440,1492,1449,1429,1603,1454,1467,1334,1289,1402,1446,1367,1401,1399,1296,1273,1354,1284,1334,1453,1369,1391,1398,1415,1393,1385,1434,1377,1367,1442,1470,1453,1461,1424,1439,1446,1416,1412,1458,1440,1645,1365,1384,1440,1440,1444,1365,1335,1299,1340,1303,1386,1368,1338,1476,1401,1401,1438
TCTAT,1639,1619,1645,1691,1697,1701,1824,1759,1709,1786,1751,1764,1725,1983,1689,1759,1656,1558,1537,1587,1649,1654,1705,1590,1577,1467,1475,1497,1639,1611,1567,1582,1575,1631,1570,1689,1607,1622,1623,1634,1604,1649,1680,1639,1592,1698,1690,1812,1653,1968,1617,1612,1726,1696,1746,1551,1523,1560,1516,1477,1516,1546,1508,1641,1600,1542,1623
TCTCA,1227,1303,1309,1300,1340,1343,1375,1337,1320,1290,1306,1408,1317,1512,1355,1359,1285,1165,1240,1357,1368,1305,1320,1171,1202,1240,1265,1227,1385,1198,1207,1194,1229,1254,1249,1369,1239,1235,1284,1275,1317,1318,1222,1281,1246,1305,1310,1355,1232,1487,1254,1288,1330,1327,1340,1192,1248,1180,1279,1228,1329,1303,1236,1338,1264,1332,1281
TCTCC,714,766,721,745,819,798,781,738,785,745,740,793,777,889,750,768,658,607,767,812,764,789,747,705,721,748,783,739,819,687,755,678,713,745,756,833,734,745,756,819,830,808,705,798,723,721,847,761,748,926,699,706,737,756,738,726,743,680,740,677,837,780,760,751,696,742,751
TCTCG,581,545,554,552,616,598,594,583,610,624,585,626,616,699,575,556,548,501,552,579,580,635,557,556,540,573,493,566,572,538,574,560,537,569,563,627,510,570,548,593,561,611,577,552,566,582,642,600,563,633,570,599,569,578,602,556,566,547,530,521,588,562,540,556,568,589,593
TCTCT,1223,1277,1270,1353,1360,1485,1517,1371,1443,1286,1373,1472,1402,1706,1307,1421,1228,1082,1332,1458,1383,1359,1444,1264,1252,1319,1319,1261,1356,1204,1292,1229,1324,1248,1301,1467,1313,1294,1453,1346,1390,1426,1286,1348,1284,1345,1339,1403,1391,1647,1235,1351,1282,1397,1344,1253,1292,1181,1282,1214,1447,1437,1260,1358,1279,1360,1291
TCTGA,1681,1777,1704,1784,1845,1877,2035,1783,1884,1805,1798,1842,1830,2120,1851,1829,1677,1603,1751,1882,1769,1768,1755,1652,1623,1718,1683,1647,1761,1623,1715,1748,1710,1690,1752,1760,1729,1761,1735,1734,1784,1785,1729,1776,1745,1771,1802,1899,1812,2102,1784,1720,1827,1865,1805,1699,1654,1609,1726,1656,1766,1776,1699,1781,1710,1744,1816
TCTGC,1728,1804,1722,1780,1880,1978,2000,1801,2004,1794,1785,1908,1860,2199,1813,1892,1675,1567,1840,2014,1802,1880,1843,1713,1663,1904,1821,1785,1898,1642,1774,1735,1756,1779,1828,1946,1712,1787,1841,1871,1879,1907,1807,1891,1754,1816,1844,1974,1817,2220,1828,1761,1826,1819,1795,1749,1822,1609,1781,1697,1970,1898,1816,1830,1728,1882,1834
TCTGG,1809,1745,1675,1803,1817,1807,2039,1764,1844,1753,1828,1788,1808,2016,1734,1814,1716,1548,1733,1752,1779,1810,1729,1710,1666,1737,1770,1678,1783,1679,1724,1696,1745,1752,1735,1812,1847,1773,1764,1764,1745,1829,1788,1744,1702,1822,1833,1910,1811,2036,1760,1738,1806,1884,1831,1747,1718,1629,1685,1677,1840,1760,1667,1716,1759,1773,1772
TCTGT,1282,1317,1279,1341,1346,1497,1506,1390,1451,1360,1329,1391,1470,1641,1434,1410,1260,1237,1328,1490,1386,1356,1390,1280,1222,1342,1323,1297,1361,1247,1292,1283,1315,1324,1338,1379,1322,1362,1373,1336,1360,1359,1315,1378,1308,1325,1382,1458,1339,1631,1339,1329,1360,1356,1434,1339,1303,1216,1264,1234,1369,1343,1290,1385,1255,1375,1325
TCTTA,3089,3181,3082,3424,3420,3499,3694,3307,3505,3271,3395,3432,3378,4003,3280,3486,3127,2852,3242,3508,3299,3183,3293,3133,3122,3226,3271,3099,3284,3047,3203,3114,3110,3185,3277,3521,3230,3291,3398,3281,3438,3333,3171,3409,3139,3272,3329,3380,3354,3867,3259,3175,3227,3392,3303,3108,3131,2900,3197,3016,3459,3340,3191,3267,3088,3209,3239
TCTTC,3339,3538,3457,3586,3677,3899,3888,3501,3899,3316,3517,3748,3620,4359,3539,3711,3257,2867,3727,3894,3637,3558,3539,3373,3357,3758,3737,3386,3651,3153,3505,3373,3490,3389,3629,3841,3392,3510,3687,3633,3869,3784,3358,3771,3504,3532,3704,3580,3564,4414,3574,3608,3487,3540,3413,3407,3564,3063,3556,3238,4054,3830,3561,3590,3306,3596,3540
TCTTG,3285,3463,3376,3488,3634,3949,3906,3687,3783,3517,3574,3715,3792,4314,3678,3711,3252,3107,3539,3779,3576,3584,3528,3494,3298,3630,3510,3454,3599,3317,3443,3501,3480,3569,3539,3598,3476,3512,3541,3655,3704,3671,3425,3685,3620,3505,3544,3747,3507,4028,3549,3471,3431,3569,3643,3509,3444,3210,3352,3303,3697,3599,3435,3606,3408,3710,3641
TCTTT,5779,5878,5718,5898,6115,6617,6781,6152,6438,5934,6065,6307,6282,7419,6062,6419,5571,5170,5757,6314,6042,5968,6045,5697,5536,5967,5963,5886,6146,5622,5914,5873,5998,5957,6056,6343,5958,5905,6246,6287,6470,6202,5838,6277,6035,5921,5978,6462,6041,7301,5877,5839,6005,5987,6188,5870,5818,5380,5776,5560,6326,6083,5737,6102,5845,6052,5857
TGAAA,5530,5423,5558,5667,5584,5410,6062,5689,5364,5809,5740,5481,5508,5625,5757,5658,5627,5777,5148,5283,5368,5387,5580,5187,5156,4899,4837,5090,5450,5630,5211,5565,5469,5565,5199,5084,5517,5476,5321,5421,5233,5341,5615,5375,5619,5606,5625,6042,5419,5745,5565,5507,5763,5764,5888,5371,5060,5500,5107,5304,4647,4890,5068,5679,5583,5324,5595
TGAAC,2657,2612,2661,2704,2800,2797,2963,2801,2787,2782,2768,2772,2791,2972,2796,2805,2721,2708,2587,2760,2746,2649,2735,2577,2633,2606,2616,2612,2739,2673,2587,2729,2692,2695,2621,2776,2693,2608,2701,2642,2747,2607,2660,2673,2718,2672,2769,2860,2699,2955,2612,2645,2732,2755,2816,2656,2595,2644,2669,2596,2564,2669,2683,2744,2691,2687,2626
TGAAG,4756,4374,4606,4592,4589,4455,4912,4781,4365,4936,4733,4454,4586,4387,4728,4758,4779,4991,4054,4141,4444,4329,4662,4397,4397,4024,3985,4331,4454,4809,4389,4659,4524,4526,4232,4192,4656,4440,4408,4359,4278,4268,4732,4358,4658,4753,4627,4959,4512,4525,4448,4451,4769,4765,5014,4496,4257,4642,4206,4492,3644,4020,4224,4704,4623,4290,4513
TGAAT,4284,4307,4275,4469,4379,4523,4766,4447,4400,4473,4545,4459,4514,4722,4426,4535,4253,4227,4135,4264,4337,4300,4514,4211,4212,4175,4032,4110,4418,4420,4295,4412,4368,4310,4258,4196,4313,4270,4302,4273,4249,4360,4303,4450,4340,4487,4438,4710,4406,4807,4328,4277,4478,4370,4684,4340,4076,4170,4142,4138,4169,4107,4105,4498,4353,4305,4311
TGACA,1956,1955,1945,1947,2012,2024,2165,2024,2010,2049,2061,2023,2040,2139,2042,1997,1943,1964,1938,1925,1884,1933,1983,1830,1890,1773,1767,1883,1971,1968,1923,1986,1942,1943,1847,1907,1896,1976,1891,1905,1951,1954,1903,1904,1942,1994,2064,2069,1978,2137,2015,1898,2063,2007,2049,1908,1847,1931,1831,1854,1755,1804,1868,2002,1956,1950,1978
TGACC,1675,1736,1706,1766,1829,1852,1841,1825,1858,1815,1757,1781,1824,1955,1808,1766,1583,1605,1694,1805,1634,1759,1705,1680,1672,1663,1677,1712,1848,1709,1728,1776,1741,1795,1742,1808,1715,1742,1740,1742,1780,1819,1685,1743,1721,1756,1797,1806,1778,1929,1727,1599,1723,1733,1794,1716,1624,1621,1721,1671,1740,1653,1696,1739,1746,1735,1750
TGACG,1381,1345,1340,1358,1468,1333,1464,1394,1330,1393,1372,1360,1373,1431,1357,1324,1312,1331,1300,1259,1284,1353,1342,1298,1314,1270,1264,1288,1337,1343,1310,1356,1312,1304,1297,1311,1343,1355,1341,1304,1332,1327,1312,1385,1389,1376,1442,1370,1348,1443,1369,1276,1392,1332,1446,1327,1250,1304,1256,1300,1246,1264,1253,1298,1334,1344,1390
TGACT,2452,2392,2457,2492,2514,2504,2700,2579,2499,2560,2528,2510,2551,2586,2579,2569,2457,2425,2320,2445,2418,2395,2537,2425,2398,2290,2290,2364,2490,2515,2447,2440,2456,2423,2364,2461,2507,2386,2507,2429,2377,2443,2543,2389,2514,2532,2580,2671,2543,2534,2426,2409,2535,2516,2653,2499,2345,2478,2359,2390,2246,2379,2303,2458,2444,2422,2435
TGAGA,1362,1269,1271,1319,1341,1339,1543,1342,1360,1396,1377,1270,1362,1408,1324,1332,1303,1388,1252,1281,1231,1304,1268,1295,1257,1226,1177,1241,1233,1368,1289,1370,1328,1305,1258,1200,1322,1323,1273,1285,1236,1242,1334,1277,1319,1337,1338,1481,1346,1436,1390,1274,1352,1326,1403,1337,1219,1282,1181,1237,1135,1190,1222,1349,1296,1241,1362
TGAGC,1636,1669,1597,1611,1750,1746,1824,1704,1645,1660,1686,1662,1727,1907,1708,1742,1589,1582,1602,1703,1668,1611,1644,1626,1599,1658,1640,1583,1684,1613,1604,1662,1639,1664,1641,1643,1627,1650,1679,1673,1685,1675,1565,1682,1673,1699,1763,1800,1663,1838,1608,1584,1691,1646,1739,1607,1582,1570,1631,1595,1668,1661,1580,1716,1651,1649,1644
TGAGG,972,942,966,919,968,913,1039,996,931,997,1014,924,974,950,1022,995,913,968,852,846,844,916,951,919,877,836,876,892,938,982,934,972,933,924,907,885,981,936,931,921,922,899,998,907,995,957,1001,1041,956,985,923,892,961,941,1027,951,848,938,908,902,831,844,882,916,992,916,944
TGAGT,1536,1561,1527,1649,1572,1639,1743,1656,1676,1589,1658,1553,1627,1747,1638,1638,1502,1476,1472,1592,1539,1556,1499,1498,1448,1520,1458,1506,1586,1551,1489,1586,1542,1581,1552,1558,1531,1539,1529,1571,1502,1540,1543,1562,1544,1586,1552,1651,1536,1785,1594,1567,1572,1595,1673,1594,1452,1462,1454,1412,1529,1471,1477,1581,1482,1524,1536
TGATA,3958,3923,3976,4042,4011,4065,4514,4273,4091,4206,4101,4098,4133,4378,4170,4150,3931,3946,3668,3828,3755,3815,3990,3719,3721,3617,3603,3720,3933,3938,3707,4001,3905,3950,3808,3753,3954,3905,3885,3930,3840,3909,3929,3885,3944,3998,3941,4491,3879,4312,4069,3916,4146,4153,4371,3809,3662,3830,3593,3767,3516,3738,3624,4023,3900,3874,3928
TGATC,3645,3578,3642,3678,3814,3740,3951,3743,3697,3770,3711,3742,3757,4007,3764,3747,3566,3633,3457,3688,3698,3655,3618,3554,3460,3509,3458,3522,3652,3614,3610,3635,3616,3616,3499,3592,3604,3591,3641,3603,3608,3590,3697,3612,3684,3681,3756,3928,3647,3951,3675,3597,3760,3794,3815,3629,3491,3488,3481,3502,3460,3558,3485,3699,3602,3577,3695
TGATG,4347,4078,4355,4267,4237,4008,4477,4500,4077,4747,4443,4220,4289,4047,4396,4314,4416,4703,3801,3893,4096,4084,4215,4058,4011,3596,3612,3914,4048,4507,4065,4421,4194,4334,3967,3827,4322,4208,3923,4019,3893,3936,4434,4040,4313,4207,4239,4534,4103,4198,4383,4117,4390,4349,4833,4238,3883,4370,3828,4058,3301,3716,3813,4166,4234,3939,4237
TGATT,5383,5270,5302,5546,5332,5570,5849,5689,5379,5612,5502,5259,5520,5853,5534,5658,5371,5429,5068,5353,5281,5217,5454,5325,5064,4952,4981,5084,5397,5524,5177,5482,5356,5393,5206,5182,5328,5298,5335,5294,5301,5260,5573,5420,5543,5362,5458,5913,5334,5928,5374,5231,5530,5583,5941,5363,4958,5130,4987,5110,4767,5021,4962,5460,5264,5164,5402
TGCAA,3603,3587,3638,3679,3807,3709,3995,3719,3630,3857,3675,3739,3695,3956,3806,3724,3523,3614,3453,3651,3598,3609,3634,3509,3384,3467,3344,3493,3739,3676,3550,3603,3617,3678,3418,3520,3625,3624,3575,3549,3572,3569,3677,3626,3636,3786,3704,3891,3616,3968,3610,3569,3710,3687,3914,3579,3499,3485,3459,3434,3399,3452,3401,3658,3569,3526,3675
TGCAC,1523,1540,1486,1492,1637,1575,1669,1586,1635,1506,1584,1594,1600,1672,1574,1547,1526,1444,1542,1579,1556,1564,1599,1456,1526,1534,1522,1479,1574,1494,1464,1573,1522,1523,1565,1587,1502,1574,1563,1532,1568,1630,1529,1533,1552,1521,1594,1597,1571,1699,1619,1579,1550,1609,1537,1526,1469,1419,1502,1533,1551,1529,1549,1553,1497,1571,1549
TGCAG,2491,2335,2519,2466,2392,2372,2681,2482,2353,2450,2494,2348,2404,2494,2447,2489,2470,2537,2237,2335,2359,2318,2414,2308,2283,2154,2271,2317,2399,2477,2363,2448,2407,2381,2253,2338,2464,2392,2358,2346,2329,2287,2404,2311,2428,2476,2437,2667,2362,2459,2375,2345,2589,2521,2675,2372,2306,2398,2266,2335,2100,2264,2211,2449,2450,2315,2444
TGCAT,2507,2512,2441,2625,2664,2681,2769,2571,2719,2524,2589,2653,2635,2977,2505,2667,2409,2238,2531,2644,2560,2581,2549,2439,2503,2568,2509,2422,2592,2444,2541,2443,2514,2485,2612,2634,2476,2469,2618,2692,2648,2643,2507,2646,2529,2577,2632,2735,2550,2952,2511,2430,2625,2547,2643,2554,2441,2400,2475,2404,2664,2567,2535,2559,2536,2619,2610
TGCCA,2842,2886,2840,2936,3012,3126,3158,3100,3036,2994,2991,2995,3066,3283,3003,3045,2833,2754,2814,3049,2938,2892,3007,2791,2753,2813,2803,2824,2940,2821,2852,2933,2937,2902,2862,3021,2881,2872,3008,2977,2923,2963,2941,2899,2882,2989,3013,3093,2936,3227,2837,2890,3005,2878,3019,2855,2748,2701,2853,2756,2896,2825,2834,3002,2862,2931,2894
TGCCC,857,858,836,835,885,947,938,901,974,856,868,909,940,1041,859,914,786,738,895,881,855,877,899,783,799,878,898,869,894,768,857,830,857,882,877,926,838,859,906,915,957,882,852,908,914,868,951,861,913,946,805,836,845,869,839,796,861,783,878,835,929,900,872,840,827,890,864
TGCCG,1257,1147,1165,1139,1211,1248,1265,1257,1177,1274,1181,1225,1224,1192,1240,1213,1161,1164,1133,1186,1184,1264,1212,1202,1138,1124,1151,1198,1207,1173,1139,1198,1221,1230,1128,1203,1215,1172,1224,1223,1187,1200,1251,1190,1238,1248,1330,1243,1172,1218,1164,1188,1217,1208,1247,1154,1181,1221,1132,1124,1186,1192,1119,1170,1212,1192,1154
TGCCT,1781,1741,1724,1821,1837,1961,2025,1920,1896,1858,1892,1912,1914,2051,1874,1938,1737,1696,1783,1882,1820,1845,1892,1765,1743,1796,1775,1764,1847,1683,1760,1745,1833,1793,1756,1842,1837,1753,1893,1835,1810,1846,1884,1791,1803,1794,1905,1969,1868,2061,1779,1820,1795,1807,1854,1752,1827,1676,1796,1685,1868,1871,1754,1817,1831,1853,1781
TGCGA,959,907,977,928,959,998,1066,1004,1006,963,992,991,972,1018,982,997,956,984,898,968,923,963,959,944,907,932,914,932,934,938,918,968,990,960,972,968,969,937,992,984,935,952,992,980,979,974,991,1061,962,1008,982,950,955,945,1046,940,921,904,916,926,922,938,937,975,983,946,940
TGCGC,892,837,849,838,865,909,893,919,847,878,887,900,883,919,855,894,846,811,850,835,840,883,838,853,821,841,830,848,848,819,829,876,891,885,849,841,887,847,861,861,870,879,884,894,900,865,993,901,840,878,863,831,875,837,896,822,846,845,822,831,869,871,830,845,888,888,856
TGCGG,1147,1031,1052,1027,1139,1152,1131,1132,1077,1162,1086,1109,1085,1140,1096,1145,1048,1015,1023,985,1013,1061,1045,1156,1069,1085,1055,1060,1082,1171,1058,1183,1130,1096,1055,1062,1145,1054,1110,1062,1065,1037,1131,1139,1172,1100,1155,1118,1103,1107,1079,990,1130,1106,1185,1126,1019,1071,1063,1088,1014,1093,1087,1042,1108,1075,1080
TGCGT,1129,1150,1149,1124,1147,1308,1280,1321,1154,1228,1222,1217,1282,1335,1229,1250,1107,1125,1109,1209,1110,1169,1211,1199,1131,1128,1147,1148,1262,1179,1078,1179,1182,1285,1141,1151,1200,1154,1218,1194,1136,1190,1192,1160,1218,1130,1264,1289,1130,1206,1124,1119,1147,1186,1254,1158,1144,1160,1059,1160,1117,1136,1117,1182,1193,1235,1151
TGCTA,2981,2836,2951,2982,3083,2940,3242,3060,2905,3177,3044,2955,3057,3117,3050,3054,3041,3064,2731,2900,2851,2831,2992,2849,2799,2663,2683,2717,2916,3032,2834,2955,2834,2963,2888,2792,2910,2895,2840,2877,2840,2903,3024,2885,3025,2993,2945,3207,2912,3141,2997,2827,3113,3043,3263,2929,2718,2912,2719,2852,2551,2747,2695,3049,2912,2829,2954
TGCTC,1673,1671,1663,1674,1744,1771,1804,1770,1719,1767,1701,1737,1750,1857,1750,1671,1638,1654,1637,1740,1610,1716,1710,1575,1606,1565,1569,1603,1726,1626,1558,1632,1642,1646,1667,1748,1666,1636,1670,1635,1676,1679,1716,1710,1693,1661,1761,1762,1689,1828,1666,1613,1693,1677,1754,1657,1620,1591,1572,1549,1670,1628,1620,1710,1663,1744,1670
TGCTG,2854,2722,2747,2860,2772,2890,2995,2913,2820,2979,2890,2803,2975,2907,2885,2934,2812,2872,2704,2684,2765,2754,2876,2730,2651,2600,2532,2676,2780,2909,2745,2780,2763,2744,2640,2672,2727,2778,2722,2832,2642,2687,2873,2732,2865,2914,2927,3025,2768,2882,2757,2798,2941,2810,2973,2730,2644,2797,2624,2735,2416,2574,2599,2965,2746,2649,2874
TGCTT,4430,4386,4387,4380,4592,4744,5077,4674,4692,4554,4477,4702,4673,5153,4579,4638,4283,4218,4367,4706,4459,4531,4552,4430,4283,4434,4452,4359,4548,4308,4393,4497,4521,4587,4471,4689,4504,4437,4618,4592,4591,4612,4515,4633,4479,4445,4571,4965,4513,5176,4518,4460,4596,4485,4895,4481,4468,4235,4371,4245,4569,4665,4349,4569,4480,4587,4405
TGGAA,2937,2847,2924,2959,3076,2819,3238,2975,2927,3051,3082,2876,2954,3029,2981,3010,2959,2971,2718,2797,2871,2898,2903,2785,2782,2716,2618,2709,2913,3004,2809,2926,2893,2846,2821,2759,2958,2863,2797,2817,2767,2826,2912,2899,2892,3073,3034,3214,2907,3085,2977,2859,3166,3122,3137,2884,2704,2827,2685,2744,2522,2688,2663,2910,2931,2770,2952
TGGAC,1327,1261,1291,1307,1329,1289,1429,1406,1306,1363,1383,1294,1287,1320,1366,1373,1284,1276,1219,1197,1235,1272,1262,1223,1225,1183,1174,1202,1289,1309,1259,1295,1311,1277,1183,1274,1324,1273,1228,1224,1219,1206,1295,1225,1301,1326,1335,1354,1279,1301,1261,1243,1351,1264,1399,1260,1202,1234,1217,1240,1170,1198,1206,1243,1307,1200,1277
TGGAG,1175,1104,1167,1146,1140,1176,1338,1175,1166,1163,1232,1143,1151,1223,1193,1233,1178,1138,1033,1083,1116,1102,1122,1065,1072,1060,1035,1051,1125,1163,1102,1154,1165,1115,1051,1075,1169,1118,1125,1085,1033,1088,1126,1076,1148,1227,1183,1262,1104,1219,1170,1142,1183,1227,1268,1142,1036,1070,1058,1094,1009,1050,988,1165,1188,1063,1152
TGGAT,2619,2514,2510,2677,2606,2628,2915,2668,2611,2676,2710,2591,2628,2780,2631,2684,2612,2530,2437,2556,2544,2448,2554,2436,2424,2475,2399,2409,2562,2571,2437,2579,2541,2610,2551,2544,2559,2488,2567,2523,2410,2519,2572,2565,2536,2641,2645,2813,2549,2873,2611,2564,2709,2698,2787,2546,2358,2456,2369,2436,2404,2483,2386,2610,2501,2539,2597
TGGCA,2986,2885,2968,3036,3061,2909,3251,2936,3001,3044,3046,3040,2964,3118,3037,2967,2986,3010,2794,2889,2955,2941,2908,2768,2806,2738,2726,2741,2987,2975,2801,2912,2902,2933,2865,2828,2969,2967,2819,2854,2906,2874,2891,2932,2969,2974,2966,3087,2906,3057,3052,2935,3081,3137,3203,2882,2826,2854,2702,2801,2667,2792,2715,3004,2955,2871,3012
TGGCC,1027,930,909,964,918,915,980,930,922,916,969,918,922,894,912,942,971,886,922,871,942,915,1009,920,926,887,923,902,947,947,886,921,930,938,931,900,971,948,895,884,882,902,910,894,938,937,1041,968,935,1040,966,943,984,977,1005,947,897,935,924,906,903,933,909,930,926,908,942
TGGCG,1479,1330,1433,1447,1508,1387,1461,1453,1324,1516,1470,1391,1422,1407,1482,1444,1427,1464,1352,1224,1367,1388,1403,1367,1387,1234,1245,1275,1468,1501,1400,1402,1378,1450,1338,1310,1436,1426,1341,1367,1315,1383,1462,1362,1433,1532,1487,1519,1391,1370,1434,1289,1470,1416,1577,1364,1323,1381,1273,1375,1190,1241,1284,1443,1463,1350,1489
TGGCT,2841,2766,2858,2893,2913,2890,3229,2979,2864,2998,3057,2869,2928,2960,2963,2921,2831,2840,2632,2780,2799,2898,2862,2801,2726,2644,2687,2746,2843,2901,2766,2976,2965,2882,2729,2830,2920,2874,2875,2878,2734,2850,2947,2776,2878,2977,2956,3151,2845,2916,2901,2761,3008,2879,3109,2830,2708,2801,2699,2748,2604,2675,2627,2918,2872,2837,2831
TGGGA,1410,1307,1347,1375,1356,1345,1467,1407,1293,1440,1408,1286,1385,1373,1417,1401,1404,1394,1210,1257,1368,1288,1355,1325,1240,1191,1178,1270,1304,1401,1245,1349,1317,1360,1253,1260,1309,1354,1273,1254,1182,1309,1343,1257,1264,1411,1386,1473,1266,1406,1418,1350,1438,1427,1496,1345,1239,1307,1207,1274,1081,1179,1188,1378,1348,1269,1377
TGGGC,1054,997,999,1038,1033,996,1070,1016,985,1081,1023,999,1002,994,1055,1037,1022,983,957,953,982,998,989,1021,994,920,896,948,1003,1071,962,1031,1004,1018,984,982,1024,1042,1001,957,927,1017,1030,1001,1003,1080,1123,1065,1024,1033,1033,984,1067,1037,1106,1011,913,1004,928,986,910,971,949,994,1017,958,1023
TGGGG,881,793,783,838,787,814,890,837,807,864,840,785,813,768,808,842,862,879,749,777,813,799,791,870,782,758,739,757,839,906,822,890,877,825,786,773,905,846,776,767,695,799,900,757,826,860,840,922,788,803,840,824,870,833,957,885,770,846,736,814,714,748,705,842,841,754,823
TGGGT,1374,1268,1323,1349,1337,1291,1432,1382,1360,1409,1419,1377,1346,1331,1407,1407,1311,1291,1242,1240,1316,1262,1314,1310,1275,1248,1184,1219,1311,1397,1225,1376,1299,1322,1274,1216,1326,1301,1226,1337,1246,1287,1319,1318,1367,1365,1366,1425,1286,1369,1357,1302,1443,1373,1466,1378,1263,1312,1232,1282,1139,1223,1232,1320,1290,1297,1377
TGGTA,3261,3041,3261,3212,3169,3151,3421,3329,3086,3420,3266,3219,3212,3225,3279,3253,3186,3388,2977,2997,3128,3108,3247,3023,3002,2829,2791,2979,3080,3214,3033,3228,3175,3125,3039,2985,3219,3157,3022,3142,3040,3103,3196,3091,3261,3239,3277,3620,3043,3265,3185,3187,3354,3255,3496,3212,2992,3171,2900,3096,2713,2932,2881,3227,3218,3113,3227
TGGTC,1922,1740,1925,1791,1883,1864,1996,1859,1850,1930,1910,1873,1872,1946,1857,1955,1913,1877,1761,1773,1877,1876,1870,1849,1808,1726,1751,1752,1803,1825,1777,1855,1840,1840,1790,1818,1838,1815,1874,1851,1817,1790,1899,1810,1888,1957,1901,2015,1814,1850,1866,1837,1983,1886,2078,1797,1851,1854,1706,1780,1668,1807,1768,1889,1848,1815,1905
TGGTG,3122,2816,3064,3111,3036,3005,3188,3156,2959,3232,3178,3040,3040,2956,3094,3192,3183,3311,2861,2866,3073,3079,3125,2964,2852,2708,2633,2771,2911,3141,2877,3126,3044,2933,2858,2810,3016,2950,2929,2938,2758,2886,3137,2905,3045,3095,3089,3283,2941,2911,3049,3060,3241,3226,3375,3035,2854,3052,2701,2921,2448,2738,2807,3072,3101,2928,3080
TGGTT,3291,3070,3165,3336,3246,3311,3504,3385,3193,3414,3320,3182,3310,3299,3321,3406,3360,3337,3019,3112,3210,3174,3306,3244,3039,2999,3104,3056,3214,3333,3188,3337,3251,3234,3182,3147,3355,3230,3279,3274,3135,3211,3379,3191,3340,3282,3367,3568,3166,3414,3337,3173,3364,3399,3591,3220,3049,3163,3010,3131,2937,3083,2973,3354,3378,3142,3254
TGTAA,2608,2669,2689,2802,2812,2917,3072,2863,2857,2698,2686,2720,2864,3108,2769,2858,2585,2555,2572,2757,2690,2579,2733,2587,2514,2631,2617,2637,2706,2656,2595,2670,2765,2667,2595,2642,2719,2666,2729,2718,2678,2689,2670,2758,2757,2780,2738,2927,2669,3094,2727,2778,2726,2838,2934,2622,2677,2511,2533,2520,2718,2608,2528,2761,2677,2673,2728
TGTAC,1200,1207,1230,1246,1279,1392,1454,1331,1310,1280,1306,1325,1341,1451,1309,1345,1214,1188,1176,1286,1270,1249,1322,1194,1195,1206,1223,1229,1236,1221,1222,1267,1259,1222,1219,1304,1294,1256,1321,1246,1276,1283,1285,1240,1321,1268,1283,1372,1317,1500,1236,1217,1258,1322,1341,1246,1213,1184,1160,1169,1198,1204,1214,1245,1265,1248,1245
TGTAG,1727,1670,1675,1760,1716,1782,1966,1808,1744,1722,1752,1711,1752,1810,1785,1795,1703,1694,1605,1723,1695,1623,1749,1655,1593,1626,1553,1601,1659,1703,1614,1725,1691,1702,1687,1618,1671,1633,1681,1756,1684,1643,1732,1717,1719,1757,1726,1973,1703,1873,1747,1685,1810,1809,1847,1669,1583,1649,1527,1609,1517,1610,1621,1800,1716,1692,1740
TGTAT,1756,1753,1722,1863,1845,1896,2011,1898,1936,1893,1906,1833,1926,2078,1850,1947,1788,1715,1687,1818,1802,1778,1892,1697,1693,1679,1654,1697,1826,1780,1737,1792,1772,1782,1808,1778,1756,1685,1785,1815,1729,1781,1808,1764,1822,1760,1804,1895,1783,2111,1802,1788,1867,1867,1949,1777,1632,1695,1688,1724,1663,1678,1699,1771,1712,1750,1762
TGTCA,1923,1893,1924,1972,2057,2021,2130,2026,2036,1999,1986,2016,2001,2152,2012,2056,1863,1801,1829,1958,1956,1986,1954,1890,1819,1942,1915,1837,1989,1862,1833,1921,1961,1967,1937,2005,2009,1927,2006,1996,1950,1948,1998,2006,1967,2003,1929,2056,1937,2147,1877,1894,1942,1957,2120,1920,1874,1784,1883,1859,1966,1951,1840,1911,1956,1902,1975
TGTCC,946,1010,1005,1042,1051,1118,1110,1046,1113,1055,1110,1106,1134,1262,1039,1046,954,864,1018,1127,994,1058,1055,944,952,1010,1020,1026,1069,946,988,984,993,1039,1059,1067,986,1033,1030,1109,1039,1082,997,1068,1005,979,1082,1070,1006,1254,1005,1008,997,1045,1046,1006,998,942,993,946,1073,1049,995,1022,1007,1080,1018
TGTCG,918,854,829,879,944,930,938,921,894,915,875,868,949,936,912,881,843,815,850,922,842,905,869,903,852,870,828,865,926,893,875,872,896,907,859,868,876,883,869,888,856,861,845,891,876,887,966,889,875,898,873,844,893,879,988,879,843,850,841,827,854,852,837,899,857,898,906
TGTCT,1604,1592,1567,1661,1696,1770,1891,1793,1689,1719,1731,1702,1735,1949,1714,1800,1538,1479,1585,1737,1667,1700,1698,1618,1565,1626,1647,1572,1644,1592,1651,1643,1727,1659,1673,1744,1700,1633,1746,1695,1696,1681,1654,1764,1707,1657,1741,1844,1685,1945,1661,1572,1674,1671,1806,1617,1588,1509,1580,1526,1700,1672,1577,1722,1736,1682,1646
TGTGA,1376,1351,1316,1433,1425,1493,1519,1447,1445,1423,1413,1414,1465,1514,1429,1459,1320,1314,1316,1384,1379,1373,1467,1332,1299,1360,1364,1324,1380,1362,1341,1434,1436,1417,1318,1371,1367,1330,1432,1392,1372,1334,1377,1426,1386,1341,1403,1478,1368,1564,1343,1348,1450,1414,1501,1328,1295,1291,1295,1346,1348,1361,1327,1375,1368,1318,1339
TGTGC,1170,1157,1130,1174,1151,1303,1288,1268,1209,1242,1190,1216,1275,1354,1189,1274,1097,1107,1088,1193,1184,1162,1150,1207,1101,1182,1159,1159,1179,1123,1162,1176,1201,1196,1137,1180,1167,1131,1209,1207,1164,1195,1175,1227,1192,1193,1226,1263,1126,1338,1120,1184,1196,1120,1242,1136,1162,1119,1114,1074,1166,1164,1124,1205,1157,1159,1157
TGTGG,1367,1243,1362,1333,1323,1374,1408,1395,1326,1384,1369,1346,1323,1418,1359,1387,1242,1247,1212,1282,1296,1320,1308,1292,1244,1267,1269,1243,1319,1306,1274,1381,1354,1356,1311,1313,1364,1302,1331,1288,1286,1301,1379,1319,1310,1365,1381,1438,1319,1420,1340,1258,1331,1359,1467,1308,1297,1243,1253,1298,1273,1317,1218,1304,1414,1305,1294
TGTGT,1007,978,993,1009,1037,1142,1204,1116,1143,1083,1095,1041,1094,1158,1067,1084,932,915,959,1077,1019,1025,1032,994,954,1003,966,952,1042,979,953,1021,1066,1031,1012,1024,1021,1010,1066,1073,1004,1061,1016,1039,999,1005,1039,1121,1027,1192,1005,1000,1013,998,1097,969,979,933,978,980,967,1041,934,978,1018,1072,992
TGTTA,2813,2744,2807,2851,2884,2875,3143,3071,2911,3005,2967,2886,2992,2981,3018,2961,2832,2863,2590,2743,2802,2734,2961,2681,2599,2660,2506,2646,2839,2850,2624,2846,2822,2873,2757,2718,2868,2744,2777,2796,2683,2745,2866,2782,2825,2803,2836,3124,2780,3075,2824,2799,2900,2898,3119,2838,2616,2710,2590,2746,2450,2591,2602,2889,2871,2750,2814
TGTTC,2104,2138,2147,2217,2309,2276,2408,2213,2297,2198,2191,2248,2238,2521,2214,2243,2144,2025,2075,2182,2185,2209,2240,2061,1997,2075,2044,2067,2223,2107,2172,2151,2157,2192,2209,2144,2136,2152,2157,2207,2222,2228,2201,2206,2206,2201,2264,2341,2191,2456,2195,2202,2252,2227,2332,2108,2091,1982,2098,1975,2130,2118,2078,2225,2122,2183,2213
TGTTG,3137,3049,3049,3058,3076,3237,3473,3310,3163,3332,3160,3075,3309,3245,3189,3305,3076,3151,2944,3056,3054,3049,3310,3078,2974,2833,2855,2959,3072,3222,2987,3236,3194,3152,2993,3005,3139,3032,3135,3094,2974,2997,3257,3068,3216,3067,3230,3496,3000,3312,3137,3077,3202,3200,3451,3094,2907,3076,2859,2954,2755,2897,2869,3110,3141,3091,3069
TGTTT,3950,3862,3954,3978,3965,4226,4542,4249,4109,4124,4095,4037,4217,4566,4161,4243,3867,3927,3852,4011,3899,3976,4001,3979,3785,3781,3730,3841,4001,4006,3754,4158,4111,4045,4056,4014,4136,4012,4071,4056,3874,3987,4156,4078,4069,3954,4036,4506,3912,4640,4073,3919,4124,3984,4498,4004,3769,3863,3690,3773,3810,3949,3751,4038,4016,4041,3982
TTAAA,7452,7426,7483,7801,7763,7649,8546,7810,7694,7780,7889,7814,7703,8418,7783,7831,7356,7305,7044,7481,7354,7328,7722,7003,6998,6939,6980,7054,7729,7539,7252,7467,7558,7536,7249,7472,7553,7585,7549,7529,7554,7639,7600,7526,7437,7766,7659,8206,7567,8548,7554,7374,7724,7769,7995,7271,7042,7123,7008,7073,6913,7130,6989,7618,7559,7298,7476
TTAAC,4259,4276,4234,4488,4582,4612,4816,4482,4590,4461,4455,4570,4487,5025,4499,4531,4288,4106,4338,4518,4377,4373,4336,4137,4191,4254,4277,4195,4442,4280,4285,4298,4311,4368,4337,4551,4329,4456,4430,4417,4509,4401,4355,4500,4383,4543,4477,4652,4438,4961,4402,4287,4462,4484,4526,4287,4208,4100,4242,4129,4384,4366,4272,4413,4291,4341,4456
TTAAG,4056,3902,3983,4095,4041,4061,4451,4161,4005,4223,4074,4060,4108,4289,4114,4127,4021,4052,3724,3823,3925,3862,4092,3839,3801,3706,3532,3771,4055,4161,3870,4097,3992,3969,3906,3750,3949,3844,3853,3957,3882,3868,4008,3951,4122,3983,3956,4367,3983,4394,4012,3951,4220,4096,4461,3966,3743,3943,3749,3778,3565,3594,3764,4057,4010,3819,3936
TTAAT,7261,7312,7330,7547,7518,7756,8372,7674,7781,7623,7659,7616,7768,8438,7678,7830,7272,7163,7129,7597,7419,7295,7567,7056,7024,7147,7055,7032,7429,7247,7048,7431,7437,7414,7351,7521,7461,7400,7527,7468,7424,7454,7404,7406,7407,7488,7476,7959,7409,8569,7511,7403,7751,7609,7985,7234,7094,6893,7047,7064,7180,7207,6992,7513,7333,7284,7377
TTACA,2755,2646,2667,2833,2769,2677,3009,2733,2735,2898,2904,2867,2715,2966,2824,2766,2834,2791,2606,2736,2735,2768,2764,2553,2616,2515,2467,2505,2814,2761,2641,2712,2618,2710,2665,2738,2661,2714,2688,2701,2741,2730,2748,2661,2659,2753,2755,2954,2743,3079,2726,2625,2905,2881,2894,2675,2466,2623,2604,2615,2417,2580,2602,2830,2685,2648,2727
TTACC,2951,3059,2894,3149,3143,3182,3312,2993,3185,2903,3139,2987,3098,3418,3059,3165,2937,2693,3051,3293,3019,3024,3028,2858,2806,2976,3121,3021,3204,2908,2999,2927,3071,3011,2982,3242,3052,3101,3176,3088,3113,3081,2972,3080,2982,3067,3062,3080,3131,3515,2958,2996,3061,3115,3005,2902,2900,2736,3059,2828,3185,3053,2948,3089,2985,3019,2964
TTACG,1844,1819,1826,1914,1939,1831,1988,1867,1868,1862,1895,1884,1895,2006,1889,1872,1796,1772,1757,1836,1822,1829,1845,1740,1723,1759,1772,1762,1916,1854,1791,1847,1883,1808,1770,1880,1832,1829,1834,1814,1854,1824,1815,1843,1830,1916,1898,1861,1888,2005,1783,1813,1856,1842,1967,1752,1749,1764,1785,1734,1774,1761,1785,1834,1804,1765,1848
TTACT,3790,3727,3888,4096,3934,3907,4156,3956,3890,3996,4033,3999,3947,4204,3893,4008,3866,3796,3628,3889,3927,3815,4003,3669,3678,3506,3512,3586,3834,3874,3697,3769,3817,3720,3725,3800,3797,3772,3816,3859,3841,3843,3813,3795,3809,3914,3991,4065,3902,4403,3827,3889,4011,3946,4124,3784,3653,3631,3607,3597,3513,3678,3560,4012,3842,3806,3930
TTAGA,3076,3032,3076,3150,3068,3103,3468,3223,3005,3241,3147,3099,3151,3315,3267,3260,3117,3139,2753,2909,3033,2877,3107,2925,2850,2744,2771,2865,3100,3151,2892,3200,2956,3081,2939,2960,3098,3010,3038,2963,2999,2979,3081,3022,3069,3109,3067,3423,3105,3307,3052,3048,3213,3166,3306,3014,2795,2915,2846,2916,2656,2744,2884,3147,3009,2839,3006
TTAGC,3772,3840,3779,3927,3977,4038,4326,4034,4066,3863,3911,3989,3989,4442,4004,4012,3677,3614,3745,3966,3910,3851,3847,3615,3690,3770,3748,3683,3982,3718,3748,3889,3872,3824,3785,3973,3859,3864,3960,3846,3923,3940,3791,3839,3763,3884,3817,4129,3951,4309,3824,3867,3995,3884,4042,3717,3690,3513,3752,3644,3941,3849,3799,3776,3823,3797,3855
TTAGG,2203,2231,2199,2226,2252,2316,2427,2278,2268,2260,2279,2203,2283,2406,2347,2379,2208,2150,2093,2228,2192,2150,2338,2130,2096,2090,2077,2088,2264,2263,2167,2207,2240,2188,2155,2176,2238,2200,2217,2227,2146,2243,2264,2180,2236,2274,2238,2480,2177,2465,2233,2188,2256,2313,2413,2222,2097,2125,2092,2167,2075,2127,2054,2281,2188,2151,2250
TTAGT,3639,3607,3613,3668,3809,3802,4059,3835,3788,3805,3776,3782,3824,4112,3789,3856,3603,3495,3507,3711,3603,3591,3782,3600,3420,3545,3483,3538,3719,3676,3625,3632,3629,3684,3680,3621,3710,3670,3709,3658,3678,3715,3699,3793,3692,3640,3685,4017,3649,4146,3699,3675,3743,3748,3959,3654,3524,3508,3489,3460,3535,3539,3492,3776,3660,3611,3725
TTATA,3098,3063,3073,3125,3195,3322,3653,3334,3311,3256,3225,3235,3337,3628,3363,3373,3083,3006,2977,3062,3025,3013,3185,3019,2957,2951,2924,2951,3207,3159,2984,3119,3092,3150,3111,3170,3206,3109,3198,3179,3177,3134,3216,3175,3197,3171,3185,3435,3182,3709,3162,3067,3184,3219,3292,3090,2969,2977,2897,2900,2967,3010,2968,3262,3113,3022,3137
TTATC,4101,4125,4221,4339,4366,4451,4590,4252,4356,4299,4448,4337,4409,4814,4355,4441,4231,4049,4115,4388,4409,4265,4467,4021,3958,4076,4013,3975,4410,4182,4218,4069,4159,4152,4204,4428,4190,4234,4309,4254,4291,4389,4318,4227,4166,4352,4302,4513,4235,4974,4271,4208,4280,4444,4560,4170,4068,3858,4032,3970,4079,4103,4004,4334,4287,4198,4222
TTATG,3327,3072,3282,3398,3247,3156,3546,3454,3098,3448,3470,3178,3262,3188,3384,3390,3294,3438,2917,2997,3059,3116,3298,3188,3085,2812,2880,2994,3117,3380,3053,3330,3154,3234,3121,3021,3366,3201,3160,3113,2966,3105,3438,3072,3333,3341,3300,3596,3218,3346,3347,3115,3416,3413,3655,3251,3044,3265,2977,3057,2707,2961,2886,3287,3236,3040,3227
TTATT,7031,6960,7064,7229,7183,7349,7937,7543,7295,7366,7571,7201,7427,7799,7545,7499,7251,7302,6899,6977,7002,6959,7382,7023,6716,6600,6509,6885,7251,7282,6847,7204,7084,7146,7020,7139,7249,7185,7182,7228,7149,7067,7322,7214,7297,7135,7244,7902,7151,7954,7259,7049,7500,7342,7790,7093,6694,6871,6670,6780,6516,6815,6650,7404,7127,6960,7188
TTCAA,6198,6230,6132,6404,6507,6356,7027,6370,6567,6262,6356,6547,6317,7238,6298,6387,6052,5690,6054,6435,6180,6224,6111,5843,5989,5960,6036,5852,6264,6051,6094,6121,6108,5988,6180,6352,6083,6208,6203,6267,6236,6310,6114,6270,6084,6306,6260,6642,6251,7074,6403,6204,6466,6466,6393,6036,5957,5756,5999,5826,6314,6207,5965,6274,6101,6143,6345
TTCAC,2587,2593,2528,2651,2724,2683,2819,2586,2787,2618,2582,2765,2694,3037,2633,2637,2474,2348,2637,2826,2608,2600,2667,2511,2507,2600,2601,2537,2720,2485,2499,2449,2504,2541,2597,2774,2557,2634,2688,2597,2702,2715,2491,2632,2516,2608,2660,2656,2625,2920,2586,2544,2641,2610,2619,2548,2528,2367,2533,2458,2727,2662,2557,2602,2484,2640,2632
TTCAG,2861,2802,2934,3004,3000,2995,3179,2979,3005,2888,2940,2963,2998,3250,2972,3026,2776,2750,2882,3008,2873,2889,2906,2840,2681,2843,2843,2844,2970,2879,2795,2742,2831,2895,2863,2925,2856,2890,2868,2924,2931,2939,2890,2896,2885,2982,2925,3142,2805,3365,2980,2895,2972,2999,3033,2866,2919,2725,2723,2691,2852,2849,2726,2953,2863,2865,2963
TTCAT,4820,5000,4893,5070,5196,5493,5683,5143,5432,4951,5058,5248,5295,6095,5144,5237,4720,4528,5021,5477,5210,5092,5088,4734,4667,5180,5080,4924,5170,4670,4912,4894,5062,5027,5031,5274,4900,5024,5197,5225,5335,5181,4902,5061,4948,4997,4986,5316,5001,6130,5109,5040,5110,5212,5075,4885,4927,4468,4889,4759,5367,5201,4910,5040,4930,5037,5108
TTCCA,2777,2799,2771,2858,2877,3085,3165,2949,2977,2856,2821,3019,2944,3367,2927,2962,2648,2559,2804,2920,2788,2800,2907,2687,2679,2963,2812,2780,2932,2703,2774,2805,2832,2878,2780,2982,2780,2861,2949,2929,2979,2919,2832,2851,2870,2839,2851,2987,2817,3339,2794,2737,2814,2823,2950,2713,2766,2642,2784,2718,2948,2825,2796,2916,2794,2851,2826
TTCCC,942,1009,1005,1006,1072,1024,1077,1003,1099,988,1046,1076,1031,1189,1045,959,955,889,976,1071,1041,1006,1013,913,967,983,1001,979,1069,936,973,961,988,1018,1027,1127,989,976,1063,1070,1081,1061,988,992,1010,975,1051,1020,1066,1166,960,1045,1047,991,1027,962,970,943,1021,929,1072,1073,984,1039,970,1011,917
TTCCG,913,885,939,905,958,979,990,912,936,904,942,953,938,1058,904,947,894,860,933,912,927,961,965,878,844,906,930,927,954,891,913,901,940,935,900,972,906,927,982,969,986,980,949,903,929,975,1008,999,900,1023,911,899,955,912,990,831,908,832,886,886,905,917,896,936,989,944,933
TTCCT,2293,2360,2365,2420,2384,2631,2651,2451,2566,2417,2432,2543,2513,2939,2437,2527,2237,2178,2328,2504,2429,2420,2459,2205,2221,2321,2331,2276,2442,2214,2379,2329,2357,2358,2352,2522,2339,2358,2441,2412,2472,2502,2374,2430,2413,2395,2445,2495,2387,2814,2390,2361,2387,2368,2476,2274,2317,2124,2297,2199,2453,2397,2245,2394,2326,2405,2376
TTCGA,1189,1224,1241,1203,1296,1237,1293,1256,1221,1203,1278,1269,1220,1315,1257,1255,1172,1118,1182,1261,1188,1230,1209,1179,1139,1168,1193,1178,1253,1176,1198,1179,1222,1211,1175,1245,1220,1203,1223,1227,1236,1282,1227,1252,1230,1214,1318,1290,1214,1360,1211,1181,1203,1209,1300,1175,1187,1186,1145,1141,1220,1203,1155,1224,1228,1237,1247
TTCGC,1093,1058,1018,1009,1112,1134,1136,1066,1098,1123,1101,1080,1123,1177,1125,1087,962,936,1075,1075,1026,1046,1011,1083,1014,1080,1053,1048,1090,1035,1003,1079,1080,1083,1056,1091,1048,1102,1089,1130,1097,1101,1037,1059,1079,1054,1216,1107,1058,1161,1040,987,1105,1079,1084,1072,1055,1010,1040,1074,1069,1053,1029,1080,1046,1079,1074
TTCGG,886,874,899,912,946,959,965,948,948,932,947,938,963,1001,982,933,834,874,867,925,857,892,896,860,836,902,823,860,915,852,834,898,907,926,874,908,880,879,900,914,871,905,910,913,930,915,959,918,903,996,923,887,949,925,954,886,870,821,853,827,862,875,833,905,889,894,903
TTCGT,1640,1543,1615,1636,1643,1727,1785,1694,1721,1691,1725,1701,1721,1814,1662,1681,1613,1582,1585,1654,1633,1643,1662,1663,1549,1667,1589,1617,1621,1614,1564,1627,1661,1664,1641,1674,1591,1605,1705,1682,1745,1646,1630,1688,1671,1656,1724,1784,1661,1809,1584,1665,1656,1619,1768,1623,1603,1570,1591,1573,1584,1617,1598,1711,1647,1685,1631
TTCTA,2908,2987,2932,3027,3074,3095,3483,3120,3214,3122,3089,3142,3061,3608,3062,3072,2884,2740,2927,3042,2878,2967,2952,2809,2839,2837,2747,2794,3029,2884,2865,2914,2926,2923,2942,3043,2888,2936,2996,3078,2997,3106,3016,3024,2960,3029,3088,3222,2993,3613,3038,2892,3101,2948,3154,2883,2812,2776,2825,2675,2935,2938,2797,3005,2942,2978,2987
TTCTC,1579,1678,1714,1696,1720,1828,1766,1729,1782,1664,1692,1813,1789,2060,1729,1757,1583,1447,1662,1784,1709,1726,1767,1541,1612,1621,1630,1630,1736,1552,1653,1597,1620,1662,1712,1818,1638,1636,1719,1693,1773,1777,1589,1697,1629,1680,1784,1778,1650,2021,1647,1686,1703,1739,1778,1639,1639,1551,1596,1550,1763,1713,1624,1668,1607,1717,1646
TTCTG,2650,2688,2597,2734,2765,2850,3041,2703,2930,2736,2739,2788,2808,3228,2770,2831,2536,2368,2718,2811,2696,2720,2671,2571,2538,2724,2673,2549,2714,2469,2626,2622,2632,2635,2718,2794,2669,2699,2720,2747,2753,2751,2688,2775,2612,2713,2759,2863,2748,3199,2739,2576,2739,2781,2827,2609,2603,2484,2651,2537,2837,2778,2670,2687,2556,2715,2748
TTCTT,6419,6757,6498,6961,7098,7600,7678,6985,7449,6611,6886,7146,7162,8520,6931,7306,6371,5857,6789,7283,6989,6767,6842,6584,6431,7028,6960,6677,7020,6315,6822,6669,6814,6824,6972,7203,6787,6822,7077,7066,7426,7169,6645,7296,6905,6834,7013,7245,6974,8309,6946,6840,6833,6958,6912,6704,6783,6046,6684,6297,7443,7095,6699,6958,6535,6996,6813
TTGAA,6245,6091,6281,6323,6371,6515,6932,6529,6301,6611,6520,6316,6545,6695,6588,6580,6301,6496,5978,6179,6268,6138,6521,6087,5922,5965,5782,6071,6367,6368,6001,6292,6290,6412,6010,6053,6329,6198,6240,6185,6215,6146,6337,6187,6386,6412,6350,6880,6237,6751,6231,6185,6327,6497,6730,6214,5981,6168,5919,6088,5609,5842,5947,6446,6332,6158,6267
TTGAC,2894,2903,2916,2936,3052,3138,3227,3128,3004,3034,3004,3066,3094,3285,3054,3034,2803,2817,2884,2988,2800,2951,3022,2892,2851,2837,2815,2908,3012,2930,2950,3037,2972,2943,2946,3033,2969,3002,3007,2971,3022,3095,2971,2996,2981,3021,3082,3193,3008,3234,2975,2751,2996,3003,3159,2935,2817,2868,2787,2845,2847,2864,2886,2981,3000,3048,2998
TTGAG,2141,2147,2103,2167,2226,2343,2433,2342,2268,2216,2285,2207,2310,2494,2221,2289,2080,2057,2115,2216,2082,2161,2132,2151,2098,2186,2047,2131,2181,2153,2159,2213,2176,2215,2188,2163,2149,2152,2196,2220,2127,2216,2178,2186,2200,2181,2203,2416,2178,2522,2160,2098,2243,2205,2325,2218,2047,2071,2086,2020,2127,2143,2097,2219,2138,2161,2157
TTGAT,6921,6751,6788,6944,6993,7176,7617,7338,7070,7365,7024,6993,7233,7511,7198,7196,6863,7013,6459,6943,6818,6726,6907,6792,6601,6400,6425,6622,6829,7067,6719,7135,6915,6964,6635,6671,6890,6875,6813,6721,6817,6687,7097,6918,7010,6942,6915,7620,6798,7589,7039,6858,7061,7144,7609,6906,6438,6705,6406,6604,6216,6565,6451,7029,6745,6761,6915
TTGCA,3597,3546,3564,3647,3712,3739,4026,3749,3821,3594,3777,3705,3750,4052,3628,3814,3540,3386,3505,3629,3567,3598,3694,3410,3533,3464,3525,3431,3655,3543,3524,3630,3621,3563,3639,3712,3606,3605,3701,3732,3707,3711,3601,3653,3650,3646,3705,3906,3656,4002,3657,3516,3770,3703,3900,3577,3432,3435,3460,3486,3527,3547,3514,3633,3646,3646,3678
TTGCC,2848,2932,2860,2943,3036,3249,3230,3157,3127,3009,3001,3078,3165,3375,3069,3092,2794,2705,2886,3163,2962,3069,3081,2887,2775,2906,2930,2904,2989,2785,2907,2960,3030,3000,2944,3144,2956,2896,3144,3078,3100,3092,3038,3046,2981,2991,3070,3158,3025,3363,2924,2951,3022,2914,3026,2915,2879,2772,2913,2776,3092,3015,2846,3023,2952,3065,2874
TTGCG,1754,1784,1776,1767,1847,1991,1985,1975,1833,1900,1847,1881,1911,1991,1922,1942,1768,1739,1751,1874,1744,1786,1851,1873,1755,1807,1782,1803,1870,1869,1758,1875,1904,1952,1786,1812,1886,1792,1918,1850,1804,1803,1911,1919,1912,1802,1945,1914,1840,1897,1812,1765,1853,1854,1947,1814,1769,1783,1739,1779,1771,1831,1799,1854,1866,1885,1779
TTGCT,4694,4604,4621,4675,4846,4922,5201,4887,4763,4904,4857,4764,4854,5188,4896,4856,4668,4610,4502,4834,4626,4652,4806,4650,4394,4454,4537,4539,4776,4732,4594,4699,4689,4776,4693,4774,4757,4691,4796,4793,4771,4680,4823,4755,4810,4715,4790,5110,4801,5292,4705,4638,4867,4796,5184,4675,4535,4528,4528,4491,4574,4673,4440,4880,4804,4689,4697
TTGGA,2791,2733,2711,2802,2835,2859,3195,2924,2854,2892,2904,2771,2880,3024,2933,2892,2854,2804,2587,2725,2812,2712,2793,2693,2626,2688,2524,2642,2834,2832,2648,2890,2837,2838,2732,2697,2835,2689,2754,2720,2656,2685,2741,2745,2767,2828,2807,3045,2727,3014,2842,2774,3032,2909,3022,2783,2546,2662,2583,2638,2543,2628,2593,2803,2784,2690,2794
TTGGC,2997,2921,2952,3099,3108,3004,3285,3077,2986,3053,3109,2958,3070,3080,3082,3034,3034,3015,2848,2929,3008,2971,3047,2932,2835,2837,2806,2845,2994,3036,2896,3043,3048,3042,2911,2911,3131,3030,2939,2994,2870,2972,3016,2971,2968,3054,3105,3244,2926,3147,3096,2951,3138,3093,3255,2963,2834,2937,2815,2861,2804,2858,2767,3074,2995,3052,3062
TTGGG,1671,1622,1598,1589,1613,1625,1756,1675,1574,1750,1636,1600,1635,1648,1700,1701,1631,1632,1516,1523,1598,1568,1622,1661,1561,1463,1456,1538,1624,1742,1552,1722,1661,1635,1593,1564,1640,1662,1564,1564,1471,1601,1669,1577,1630,1626,1668,1802,1540,1716,1727,1614,1755,1684,1864,1675,1520,1661,1439,1530,1404,1504,1487,1594,1652,1558,1637
TTGGT,4154,3863,4089,4174,4167,4191,4358,4209,4010,4313,4142,4065,4128,4150,4192,4288,4146,4239,3903,3926,4118,4063,4144,4095,3879,3807,3826,3883,4000,4146,3966,4240,4115,4073,4031,3910,4161,4062,4095,4125,3994,4022,4168,4099,4178,4237,4181,4552,4024,4234,4153,4110,4313,4305,4483,4141,3913,4020,3789,3942,3698,3907,3850,4182,4106,4040,4193
TTGTA,2690,2675,2653,2787,2851,2925,3160,2911,2904,2765,2752,2790,2943,3128,2868,2970,2645,2567,2613,2858,2787,2631,2808,2598,2545,2656,2625,2630,2723,2675,2639,2724,2771,2669,2710,2717,2731,2719,2789,2753,2753,2749,2729,2799,2801,2759,2772,3024,2753,3174,2729,2671,2805,2772,2982,2714,2577,2506,2578,2546,2638,2668,2610,2827,2679,2659,2768
TTGTC,2165,2206,2216,2248,2372,2448,2525,2381,2361,2350,2307,2313,2428,2685,2364,2420,2122,2024,2178,2369,2266,2307,2334,2230,2171,2315,2299,2251,2333,2215,2300,2282,2330,2325,2323,2374,2341,2268,2401,2370,2307,2331,2297,2451,2354,2281,2401,2487,2257,2621,2227,2198,2273,2323,2514,2253,2225,2090,2162,2168,2363,2276,2207,2312,2346,2360,2290
TTGTG,2045,2108,2064,2058,2153,2334,2381,2265,2221,2233,2127,2126,2235,2445,2149,2223,1939,1936,1959,2158,2077,2080,2107,2084,1992,2118,2098,2034,2118,2053,2071,2187,2185,2173,2093,2203,2115,2061,2236,2152,2062,2164,2098,2198,2106,2090,2156,2301,2098,2413,2022,2079,2095,2086,2283,2077,2034,1959,1986,2008,2104,2135,1981,2132,2134,2139,2050
TTGTT,4764,4660,4742,4754,4873,5207,5370,5089,5024,4946,4943,4855,5130,5479,5023,5112,4670,4694,4660,4877,4799,4783,5016,4797,4577,4655,4537,4615,4907,4800,4681,4996,4980,4961,4845,4845,4842,4772,4939,4925,4856,4851,4911,4935,4973,4798,4925,5349,4837,5486,4874,4745,4894,4906,5255,4780,4582,4520,4545,4571,4615,4618,4597,4913,4839,4823,4783
TTTAA,7421,7397,7395,7646,7660,7925,8472,7801,7877,7807,7684,7751,7856,8600,7781,7949,7371,7211,7302,7521,7418,7369,7551,7180,7173,7246,7051,7134,7676,7565,7269,7595,7518,7527,7525,7596,7511,7476,7590,7620,7597,7502,7545,7625,7692,7666,7616,8114,7520,8740,7650,7418,7906,7675,8271,7435,7172,7081,7181,7116,7274,7237,7186,7559,7419,7312,7541
TTTAC,3954,3998,3968,4256,4136,4052,4420,4153,4109,4182,4212,4042,4170,4444,4174,4155,4008,3910,3908,4116,4007,4054,4073,3831,3755,3742,3802,3846,4144,4037,3943,4012,4025,3980,3990,4096,4060,4001,4040,4102,4056,4076,4072,4019,4044,4048,4169,4292,4049,4611,3965,4007,4132,4161,4306,3955,3702,3753,3868,3833,3819,3879,3777,4073,3981,3988,4015
TTTAG,4516,4415,4502,4588,4519,4589,5043,4736,4499,4638,4598,4576,4675,5013,4683,4780,4450,4460,4166,4499,4486,4363,4525,4370,4274,4166,4231,4283,4562,4556,4408,4563,4523,4493,4418,4475,4590,4503,4551,4450,4401,4547,4553,4492,4546,4499,4520,5055,4473,5077,4437,4539,4706,4557,4974,4528,4322,4294,4290,4286,4232,4262,4215,4688,4468,4321,4460
TTTAT,6123,6122,6232,6298,6282,6471,6986,6476,6407,6447,6592,6282,6466,6900,6658,6620,6256,6259,5892,6307,6221,6099,6471,6139,5872,5740,5638,5962,6403,6455,6065,6301,6189,6270,6142,6252,6319,6275,6269,6254,6207,6200,6447,6226,6405,6290,6318,6833,6282,7138,6390,6059,6497,6518,6794,6200,5880,6001,5856,5804,5676,5949,5811,6494,6252,5996,6203
TTTCA,5232,5224,5183,5436,5542,5724,6018,5476,5764,5330,5399,5656,5621,6428,5400,5585,5075,4791,5214,5699,5457,5293,5440,5095,5118,5386,5357,5195,5493,5120,5244,5208,5308,5213,5372,5691,5259,5290,5495,5400,5592,5483,5207,5452,5210,5401,5353,5671,5419,6367,5285,5231,5423,5456,5572,5235,5230,4781,5172,4979,5636,5503,5203,5362,5197,5314,5296
TTTCC,2151,2232,2267,2236,2292,2425,2495,2240,2402,2249,2287,2400,2357,2772,2352,2335,2103,2053,2283,2362,2273,2303,2328,2132,2134,2228,2304,2140,2330,2102,2285,2158,2258,2307,2252,2446,2256,2269,2437,2352,2447,2389,2235,2357,2295,2224,2324,2356,2244,2674,2206,2212,2258,2223,2363,2127,2196,2046,2235,2139,2429,2357,2182,2345,2259,2297,2238
TTTCG,1422,1399,1411,1474,1540,1615,1614,1570,1562,1564,1548,1602,1600,1718,1564,1580,1386,1326,1468,1584,1435,1478,1459,1530,1383,1549,1463,1470,1484,1427,1430,1485,1512,1511,1499,1545,1501,1472,1560,1565,1573,1530,1500,1554,1508,1462,1517,1550,1532,1752,1452,1382,1488,1454,1588,1437,1490,1399,1432,1386,1540,1510,1412,1515,1527,1544,1507
TTTCT,5075,5370,5169,5421,5461,5840,5950,5511,5782,5379,5460,5601,5639,6576,5511,5659,4970,4722,5273,5655,5353,5344,5389,5152,5116,5289,5247,5232,5447,4983,5278,5186,5312,5385,5430,5574,5270,5278,5452,5666,5680,5610,5273,5562,5396,5234,5501,5703,5393,6563,5390,5288,5411,5406,5605,5223,5187,4951,5105,4907,5595,5402,5106,5482,5218,5460,5343
TTTGA,5664,5693,5835,5817,5869,6078,6518,6184,5862,6066,5964,5894,6050,6498,6051,6042,5682,5798,5519,5838,5613,5680,5784,5681,5543,5445,5433,5542,5812,5834,5623,5993,5861,5836,5642,5861,5848,5790,5882,5740,5796,5807,6019,5858,5905,5860,5855,6446,5785,6467,5790,5513,5895,5955,6469,5753,5423,5597,5413,5581,5381,5576,5492,5867,5832,5844,5810
TTTGC,4253,4209,4207,4282,4360,4637,4761,4589,4419,4431,4441,4362,4502,4813,4458,4533,4238,4165,4137,4455,4257,4273,4354,4274,4029,4176,4197,4220,4405,4305,4249,4382,4425,4403,4319,4423,4417,4225,4508,4441,4368,4347,4462,4421,4405,4286,4394,4768,4367,4873,4360,4166,4488,4346,4700,4324,4128,4118,4075,4122,4239,4312,4126,4431,4480,4320,4268
TTTGG,3786,3675,3686,3798,3793,3803,4137,3954,3761,3901,3876,3600,3926,3839,3883,3986,3879,3857,3508,3629,3745,3724,3893,3797,3591,3500,3472,3703,3764,3926,3659,3928,3846,3887,3741,3570,3956,3757,3699,3782,3528,3696,3941,3648,3849,3860,3898,4185,3689,4072,3825,3705,3949,3893,4193,3885,3556,3736,3514,3640,3441,3535,3533,3752,3794,3712,3767
TTTGT,3948,3817,3845,3863,4009,4175,4391,4195,4064,4106,3962,3878,4175,4482,4115,4207,3746,3752,3648,4002,3875,3864,3990,3883,3751,3793,3733,3767,4017,3897,3797,4003,4040,4016,3984,4003,4035,3934,4067,4074,3899,4008,4015,4027,4046,3946,4036,4385,3929,4516,3922,3794,4024,3927,4391,3945,3802,3672,3765,3717,3789,3807,3720,3974,3889,3927,3869
TTTTA,8062,8092,8114,8293,8142,8575,9002,8404,8485,8329,8478,8343,8536,9177,8521,8553,8018,7936,7823,8189,8082,8041,8265,7893,7671,7672,7610,7768,8312,8147,7896,8227,8157,8089,8166,8347,8150,8121,8376,8172,8236,8217,8282,8252,8203,8273,8200,8777,8226,9262,8171,8081,8478,8269,8806,7987,7695,7599,7755,7700,7842,7921,7741,8391,8021,7995,8041
TTTTC,5675,5937,5882,6027,6092,6534,6563,6082,6511,5950,6051,6430,6332,7427,6156,6215,5468,5145,5925,6380,6063,5949,6015,5676,5669,6028,5951,5801,6136,5507,5954,5828,5901,6035,6103,6407,5849,5920,6157,6199,6456,6344,5835,6286,5932,5931,6053,6232,6035,7186,5919,5895,5961,5989,6186,5803,5911,5360,5751,5482,6409,6173,5819,6081,5795,6024,5894
TTTTG,6858,6723,6842,6892,6956,7309,7682,7246,7083,7101,7066,6849,7213,7671,7069,7236,6784,6774,6593,7021,6776,6897,6982,7002,6620,6682,6536,6724,6965,7003,6818,7090,7047,7071,7036,7039,7158,6957,7194,7126,6947,7090,7214,7062,7104,7048,7108,7856,6980,7798,7009,6720,7141,7074,7647,6985,6677,6690,6496,6609,6673,6794,6573,7149,7060,7006,6925
TTTTT,10920,11015,11129,11152,11269,12304,12498,11497,12073,11362,11424,11702,11809,13482,11515,11595,10629,10515,10812,11772,11242,11287,11387,10866,10605,10920,10720,10758,11409,10893,11035,11250,11277,11384,11464,11680,11172,11297,11689,11560,11804,11751,11301,11557,11358,11374,11292,12207,11229,13161,11461,11190,11586,11212,12040,11140,10960,10414,10714,10547,11429,11249,10686,11776,10964,11184,10979
